-- MYSQL SCRIPT GENERATED BY MYSQL WORKBENCH
-- WED OCT 30 00:08:35 2019
-- MODEL: NEW MODEL    VERSION: 1.0
-- MYSQL WORKBENCH FORWARD ENGINEERING

SET @OLD_UNIQUE_CHECKS=@@UNIQUE_CHECKS, UNIQUE_CHECKS=0;
SET @OLD_FOREIGN_KEY_CHECKS=@@FOREIGN_KEY_CHECKS, FOREIGN_KEY_CHECKS=0;
SET @OLD_SQL_MODE=@@SQL_MODE, SQL_MODE='ONLY_FULL_GROUP_BY,STRICT_TRANS_TABLES,NO_ZERO_IN_DATE,NO_ZERO_DATE,ERROR_FOR_DIVISION_BY_ZERO,NO_ENGINE_SUBSTITUTION';

-- -----------------------------------------------------
-- SCHEMA ALESI_BD
-- -----------------------------------------------------
DROP SCHEMA IF EXISTS `ALESI_BD` ;

-- -----------------------------------------------------
-- SCHEMA ALESI_BD
-- -----------------------------------------------------
CREATE SCHEMA IF NOT EXISTS `ALESI_BD` DEFAULT CHARACTER SET UTF8 ;
USE `ALESI_BD` ;

-- -----------------------------------------------------
-- TABLE `ALESI_BD`.`ALESI_TUSUARIOS`
-- -----------------------------------------------------
DROP TABLE IF EXISTS `ALESI_BD`.`ALESI_TUSUARIOS` ;

CREATE TABLE IF NOT EXISTS `ALESI_BD`.`ALESI_TUSUARIOS` (
  `USUARIO` VARCHAR(45) NOT NULL,
  `ID_PERSONA` INT NOT NULL,
  `PASS` VARCHAR(45) NOT NULL,
  `ROL` VARCHAR(45) NOT NULL,
  `STATUS` VARCHAR(45) NOT NULL,
  `F_ALTA` DATE NOT NULL,
  `F_ULTIMA_CONEXION` DATE NULL,
  PRIMARY KEY (`USUARIO`))
ENGINE = INNODB;


-- -----------------------------------------------------
-- TABLE `ALESI_BD`.`ALESI_TPERSONAS`
-- -----------------------------------------------------
DROP TABLE IF EXISTS `ALESI_BD`.`ALESI_TPERSONAS` ;

CREATE TABLE IF NOT EXISTS `ALESI_BD`.`ALESI_TPERSONAS` (
  `ID_PERSONA` INT NOT NULL AUTO_INCREMENT,
  `NOMBRE` VARCHAR(150) NOT NULL,
  `EDAD` INT NULL,
  `SEXO` VARCHAR(1) NULL,
  `TELEFONO` VARCHAR(20) NULL,
  `EMAIL` VARCHAR(45) NULL,
  `ID_EMPRESA` VARCHAR(45) NULL,
  `CARGO` VARCHAR(90) NULL,
  `OTROS` VARCHAR(45) NULL,
  PRIMARY KEY (`ID_PERSONA`))
ENGINE = INNODB;


-- -----------------------------------------------------
-- TABLE `ALESI_BD`.`ALESI_TCASO`
-- -----------------------------------------------------
DROP TABLE IF EXISTS `ALESI_BD`.`ALESI_TCASO` ;

CREATE TABLE IF NOT EXISTS `ALESI_BD`.`ALESI_TCASO` (
  `ID_CASO` INT NOT NULL AUTO_INCREMENT,
  `ID_EMPRESA` VARCHAR(45) NOT NULL,
  `TIPO_CASO` VARCHAR(45) NOT NULL,
  `F_ALTA` DATE NOT NULL,
  `F_ESTATUS` DATE NOT NULL,
  `F_CIERRE` DATE NOT NULL,
  `STATUS` VARCHAR(45) NOT NULL,
  `ID_USUARIO_ALTA` VARCHAR(45) NOT NULL,
  `ID_USUARIO_ASIGNADO` VARCHAR(45) NOT NULL,
  `ID_USUARIO_ULTIMA_ACT` VARCHAR(45) NOT NULL,
  PRIMARY KEY (`ID_CASO`))
ENGINE = INNODB;




-- -----------------------------------------------------
-- TABLE `ALESI_BD`.`ALESI_TATRICASO`
-- -----------------------------------------------------
DROP TABLE IF EXISTS `ALESI_BD`.`ALESI_TATRICASO` ;

CREATE TABLE IF NOT EXISTS `ALESI_BD`.`ALESI_TATRICASO` (
  `ID_EMPRESA` VARCHAR(45) NOT NULL,
  `TIPO_CASO` VARCHAR(45) NOT NULL,
  `BLOQUE` INT NOT NULL,
  `ORDEN` INT NOT NULL,
  `NUM_ATRIBUTO` INT NOT NULL,
  `ID_CAMPO` VARCHAR(150) NOT NULL,
  `ETIQUETA` VARCHAR(150) NOT NULL,
  `TIPO_DATO` VARCHAR(45) NOT NULL,
  `CATALOGO` VARCHAR(45) NULL,
  `DEFAULT` VARCHAR(45) NULL,
  `LONGITUD_MIN` VARCHAR(45) NULL,
  `LONGITUD_MAX` VARCHAR(45) NULL,
  `EDITABLE` VARCHAR(45) NULL,
  PRIMARY KEY (`ID_EMPRESA`, `TIPO_CASO`,`NUM_ATRIBUTO`))
ENGINE = INNODB;



-- -----------------------------------------------------
-- TABLE `ALESI_BD`.`ALESI_TABLAS`
-- -----------------------------------------------------
DROP TABLE IF EXISTS `ALESI_BD`.`ALESI_TABLAS` ;

CREATE TABLE IF NOT EXISTS `ALESI_BD`.`ALESI_TABLAS` (
  `ID_TABLA` INT NOT NULL  AUTO_INCREMENT,
  `COD_TABLA` VARCHAR(45) NOT NULL,
  `DESCIPCION` VARCHAR(150) NOT NULL,
  `ID_TABL_DEP` INT NULL,
  `EDITABLE` VARCHAR(45)  NULL,
  PRIMARY KEY (`ID_TABLA`))
ENGINE = INNODB;


-- -----------------------------------------------------
-- TABLE `ALESI_BD`.`ALESI_NTABLAS`
-- -----------------------------------------------------
DROP TABLE IF EXISTS `ALESI_BD`.`ALESI_NTABLAS` ;

CREATE TABLE IF NOT EXISTS `ALESI_BD`.`ALESI_NTABLAS` (
  `ID_TABLA` INT NOT NULL,
  `ID_CODIGO` VARCHAR(45) NOT NULL,
  `DESCIPCION` VARCHAR(150) NOT NULL,
  `CAMPO_A` VARCHAR(45) NULL,
  `CAMPO_B` VARCHAR(45) NULL,
  `CAMPO_C` VARCHAR(45) NULL,
  PRIMARY KEY (`ID_TABLA`, `ID_CODIGO`),
  CONSTRAINT `FK_NTQBLAS`
    FOREIGN KEY (`ID_TABLA`)
    REFERENCES `ALESI_BD`.`ALESI_TABLAS` (`ID_TABLA`)
    ON DELETE NO ACTION
    ON UPDATE NO ACTION)
ENGINE = INNODB;

SET SQL_MODE = '';
DROP USER IF EXISTS ALESI_USERWEB;
SET SQL_MODE='ONLY_FULL_GROUP_BY,STRICT_TRANS_TABLES,NO_ZERO_IN_DATE,NO_ZERO_DATE,ERROR_FOR_DIVISION_BY_ZERO,NO_ENGINE_SUBSTITUTION';
CREATE USER 'ALESI_USERWEB' IDENTIFIED BY 'EGWZXN$GWPDG';

GRANT ALL ON `ALESI_BD`.* TO 'ALESI_USERWEB';
GRANT SELECT, INSERT, TRIGGER ON TABLE `ALESI_BD`.* TO 'ALESI_USERWEB';

SET SQL_MODE=@OLD_SQL_MODE;
SET FOREIGN_KEY_CHECKS=@OLD_FOREIGN_KEY_CHECKS;
SET UNIQUE_CHECKS=@OLD_UNIQUE_CHECKS;


-- -----------------------------------------------------
-- TABLE `ALESI_BD`.`ALESI_TVALCASO`
-- -----------------------------------------------------
DROP TABLE IF EXISTS `ALESI_BD`.`ALESI_TVALCASO` ;

CREATE TABLE IF NOT EXISTS `ALESI_BD`.`ALESI_TVALCASO` (
  `ID_CASO` INT NOT NULL,
  `NUM_ATRIBUTO` INT NOT NULL,
  `VALOR` VARCHAR(36000) NULL,
  PRIMARY KEY (`ID_CASO`,`NUM_ATRIBUTO`),
  CONSTRAINT `FK_2`
    FOREIGN KEY (`ID_CASO`)
    REFERENCES `ALESI_BD`.`ALESI_TCASO` (`ID_CASO`)
    ON DELETE NO ACTION
    ON UPDATE NO ACTION)
ENGINE = INNODB;




-- -----------------------------------------------------
-- TABLE `ALESI_BD`.`ALESI_TVALCASO_2`
-- -----------------------------------------------------
DROP TABLE IF EXISTS `ALESI_BD`.`ALESI_TVALCASO_2` ;

CREATE TABLE IF NOT EXISTS `ALESI_BD`.`ALESI_TVALCASO_2` (
  `VALOR1` VARCHAR(36000) NULL,
  `VALOR2` VARCHAR(36000) NULL,
  `VALOR3` VARCHAR(36000) NULL,
  `VALOR4` VARCHAR(36000) NULL,
  `VALOR5` VARCHAR(36000) NULL,
  `VALOR6` VARCHAR(36000) NULL,
  `VALOR7` VARCHAR(36000) NULL,
  `VALOR8` VARCHAR(36000) NULL,
  `VALOR9` VARCHAR(36000) NULL,
  `VALOR10` VARCHAR(36000) NULL,
  `VALOR11` VARCHAR(36000) NULL,
  `VALOR12` VARCHAR(36000) NULL,
  `VALOR13` VARCHAR(36000) NULL,
  `VALOR14` VARCHAR(36000) NULL,
  `VALOR15` VARCHAR(36000) NULL,
  `VALOR16` VARCHAR(36000) NULL,
  `VALOR17` VARCHAR(36000) NULL,
  `VALOR18` VARCHAR(36000) NULL,
  `VALOR19` VARCHAR(36000) NULL,
  `VALOR20` VARCHAR(36000) NULL,
  `VALOR21` VARCHAR(36000) NULL,
  `VALOR22` VARCHAR(36000) NULL,
  `VALOR23` VARCHAR(36000) NULL,
  `VALOR24` VARCHAR(36000) NULL,
  `VALOR25` VARCHAR(36000) NULL,
  `VALOR26` VARCHAR(36000) NULL,
  `VALOR27` VARCHAR(36000) NULL,
  `VALOR28` VARCHAR(36000) NULL,
  `VALOR29` VARCHAR(36000) NULL,
  `VALOR30` VARCHAR(36000) NULL,
  `VALOR31` VARCHAR(36000) NULL,
  `VALOR32` VARCHAR(36000) NULL,
  `VALOR33` VARCHAR(36000) NULL,
  `VALOR34` VARCHAR(36000) NULL,
  `VALOR35` VARCHAR(36000) NULL,
  `VALOR36` VARCHAR(36000) NULL,
  `VALOR37` VARCHAR(36000) NULL,
  `VALOR38` VARCHAR(36000) NULL,
  `VALOR39` VARCHAR(36000) NULL,
  `VALOR40` VARCHAR(36000) NULL,
  `VALOR41` VARCHAR(36000) NULL,
  `VALOR42` VARCHAR(36000) NULL,
  `VALOR43` VARCHAR(36000) NULL,
  `VALOR44` VARCHAR(36000) NULL,
  `VALOR45` VARCHAR(36000) NULL,
  `VALOR46` VARCHAR(36000) NULL,
  `VALOR47` VARCHAR(36000) NULL,
  `VALOR48` VARCHAR(36000) NULL,
  `VALOR49` VARCHAR(36000) NULL,
  `VALOR50` VARCHAR(36000) NULL,
  `VALOR51` VARCHAR(36000) NULL,
  `VALOR52` VARCHAR(36000) NULL,
  `VALOR53` VARCHAR(36000) NULL,
  `VALOR54` VARCHAR(36000) NULL,
  `VALOR55` VARCHAR(36000) NULL,
  `VALOR56` VARCHAR(36000) NULL,
  `VALOR57` VARCHAR(36000) NULL,
  `VALOR58` VARCHAR(36000) NULL,
  `VALOR59` VARCHAR(36000) NULL,
  `VALOR60` VARCHAR(36000) NULL,
  `VALOR61` VARCHAR(36000) NULL,
  `VALOR62` VARCHAR(36000) NULL,
  `VALOR63` VARCHAR(36000) NULL,
  `VALOR64` VARCHAR(36000) NULL,
  `VALOR65` VARCHAR(36000) NULL,
  `VALOR66` VARCHAR(36000) NULL,
  `VALOR67` VARCHAR(36000) NULL,
  `VALOR68` VARCHAR(36000) NULL,
  `VALOR69` VARCHAR(36000) NULL,
  `VALOR70` VARCHAR(36000) NULL,
  `VALOR71` VARCHAR(36000) NULL,
  `VALOR72` VARCHAR(36000) NULL,
  `VALOR73` VARCHAR(36000) NULL,
  `VALOR74` VARCHAR(36000) NULL,
  `VALOR75` VARCHAR(36000) NULL,
  `VALOR76` VARCHAR(36000) NULL,
  `VALOR77` VARCHAR(36000) NULL,
  `VALOR78` VARCHAR(36000) NULL,
  `VALOR79` VARCHAR(36000) NULL,
  `VALOR80` VARCHAR(36000) NULL,
  `VALOR81` VARCHAR(36000) NULL,
  `VALOR82` VARCHAR(36000) NULL,
  `VALOR83` VARCHAR(36000) NULL,
  `VALOR84` VARCHAR(36000) NULL,
  `VALOR85` VARCHAR(36000) NULL,
  `VALOR86` VARCHAR(36000) NULL,
  `VALOR87` VARCHAR(36000) NULL,
  `VALOR88` VARCHAR(36000) NULL,
  `VALOR89` VARCHAR(36000) NULL,
  `VALOR90` VARCHAR(36000) NULL,
  `VALOR91` VARCHAR(36000) NULL,
  `VALOR92` VARCHAR(36000) NULL,
  `VALOR93` VARCHAR(36000) NULL,
  `VALOR94` VARCHAR(36000) NULL,
  
  `VALOR95` VARCHAR(36000) NULL,
  `VALOR96` VARCHAR(36000) NULL,
  `VALOR97` VARCHAR(36000) NULL,
  `VALOR98` VARCHAR(36000) NULL,
  `VALOR99` VARCHAR(36000) NULL,
  `VALOR100` VARCHAR(36000) NULL)
ENGINE = INNODB;

--
INSERT INTO `alesi_tablas` (`ID_TABLA`,`COD_TABLA`,`DESCIPCION`,`ID_TABL_DEP`,`EDITABLE`) VALUES (1,'CAT_EMPRESA','CATALOGO DE EMPRESAS',NULL,'S');
INSERT INTO `alesi_tablas` (`ID_TABLA`,`COD_TABLA`,`DESCIPCION`,`ID_TABL_DEP`,`EDITABLE`) VALUES (2,'CAT_ROL','CATALOGO DE ROLES',NULL,'S');
INSERT INTO `alesi_tablas` (`ID_TABLA`,`COD_TABLA`,`DESCIPCION`,`ID_TABL_DEP`,`EDITABLE`) VALUES (3,'CAT_TIP_CASO','CATALOGO DE TIPOS DE CASOS',NULL,'S');
INSERT INTO `alesi_tablas` (`ID_TABLA`,`COD_TABLA`,`DESCIPCION`,`ID_TABL_DEP`,`EDITABLE`) VALUES (4,'CAT_COBERT','CATALOGO DE COBERTURAS',NULL,'S');
INSERT INTO `alesi_tablas` (`ID_TABLA`,`COD_TABLA`,`DESCIPCION`,`ID_TABL_DEP`,`EDITABLE`) VALUES (5,'CAT_TIP_SINIEST','CATALOGO DE TIPO DE SINIESTROS',NULL,'S');
INSERT INTO `alesi_tablas` (`ID_TABLA`,`COD_TABLA`,`DESCIPCION`,`ID_TABL_DEP`,`EDITABLE`) VALUES (6,'CAT_AUTO_MARCA','CATALOGO DE MARCAS DE AUTOS',NULL,'S');
INSERT INTO `alesi_tablas` (`ID_TABLA`,`COD_TABLA`,`DESCIPCION`,`ID_TABL_DEP`,`EDITABLE`) VALUES (7,'CAT_AUTO_TIPO','CATALOGO DE SUBTIPO DE MARCAS DE AUTOS',6,'S');
INSERT INTO `alesi_tablas` (`ID_TABLA`,`COD_TABLA`,`DESCIPCION`,`ID_TABL_DEP`,`EDITABLE`) VALUES (8,'CAT_COLOR','CATALOLO DE COLORES',NULL,'S');
INSERT INTO `alesi_tablas` (`ID_TABLA`,`COD_TABLA`,`DESCIPCION`,`ID_TABL_DEP`,`EDITABLE`) VALUES (9,'CAT_REST_INV','CATALOGO DE RESULTADOS DE INVESTIGACION',NULL,'S');
INSERT INTO `alesi_tablas` (`ID_TABLA`,`COD_TABLA`,`DESCIPCION`,`ID_TABL_DEP`,`EDITABLE`) VALUES (10,'CAT_TIP_CONTACT','CATALOGO DE TIPO DE CONTACTO',NULL,'S');
INSERT INTO `alesi_tablas` (`ID_TABLA`,`COD_TABLA`,`DESCIPCION`,`ID_TABL_DEP`,`EDITABLE`) VALUES (11,'CAT_MUNICIPIO','CATALOGO DE MUNICIPIOS',NULL,'S');
INSERT INTO `alesi_tablas` (`ID_TABLA`,`COD_TABLA`,`DESCIPCION`,`ID_TABL_DEP`,`EDITABLE`) VALUES (12,'CAT_CONCLUSION','CATALOGO DE CONCLUSIONES DE LOS CASOS',NULL,'S');
INSERT INTO `alesi_tablas` (`ID_TABLA`,`COD_TABLA`,`DESCIPCION`,`ID_TABL_DEP`,`EDITABLE`) VALUES (13,'CAT_BLOQUES_S_AUTOS','CATALOGO DE BLOQUES PARA AUTOS DE SURA',NULL,'N');
INSERT INTO `alesi_tablas` (`ID_TABLA`,`COD_TABLA`,`DESCIPCION`,`ID_TABL_DEP`,`EDITABLE`) VALUES (14,'CAT_TIP_DATOS','CATALOGO DE TIPO DE DATOS',NULL,'N');
INSERT INTO `alesi_tablas` (`ID_TABLA`,`COD_TABLA`,`DESCIPCION`,`ID_TABL_DEP`,`EDITABLE`) VALUES (15,'CAT_SI_NO','CATALOGO SI NO ',NULL,'N');

--
INSERT INTO `alesi_ntablas` (`ID_TABLA`,`ID_CODIGO`,`DESCIPCION`,`CAMPO_A`,`CAMPO_B`,`CAMPO_C`) VALUES (1,'SOPORTEALESI','EMPRESA QUE BRINDA SOPORTE PARA ALESI',NULL,NULL,NULL);
INSERT INTO `alesi_ntablas` (`ID_TABLA`,`ID_CODIGO`,`DESCIPCION`,`CAMPO_A`,`CAMPO_B`,`CAMPO_C`) VALUES (1,'SURA','SURA SEGUROS MEXICO',NULL,NULL,NULL);
INSERT INTO `alesi_ntablas` (`ID_TABLA`,`ID_CODIGO`,`DESCIPCION`,`CAMPO_A`,`CAMPO_B`,`CAMPO_C`) VALUES (2,'DEV1','PERFIL DESARROLLADOR TIPO1',NULL,NULL,NULL);
INSERT INTO `alesi_ntablas` (`ID_TABLA`,`ID_CODIGO`,`DESCIPCION`,`CAMPO_A`,`CAMPO_B`,`CAMPO_C`) VALUES (3,'SINIESTRO_AUTO_S','CASOS PARA SINIESTROS DE AUTOS -SURA',NULL,NULL,NULL);
INSERT INTO `alesi_ntablas` (`ID_TABLA`,`ID_CODIGO`,`DESCIPCION`,`CAMPO_A`,`CAMPO_B`,`CAMPO_C`) VALUES (4,'A','AMPLIA',NULL,NULL,NULL);
INSERT INTO `alesi_ntablas` (`ID_TABLA`,`ID_CODIGO`,`DESCIPCION`,`CAMPO_A`,`CAMPO_B`,`CAMPO_C`) VALUES (4,'B','BASICA',NULL,NULL,NULL);
INSERT INTO `alesi_ntablas` (`ID_TABLA`,`ID_CODIGO`,`DESCIPCION`,`CAMPO_A`,`CAMPO_B`,`CAMPO_C`) VALUES (4,'L','LIMIATADA',NULL,NULL,NULL);
INSERT INTO `alesi_ntablas` (`ID_TABLA`,`ID_CODIGO`,`DESCIPCION`,`CAMPO_A`,`CAMPO_B`,`CAMPO_C`) VALUES (4,'N/A','N/A',NULL,NULL,NULL);
INSERT INTO `alesi_ntablas` (`ID_TABLA`,`ID_CODIGO`,`DESCIPCION`,`CAMPO_A`,`CAMPO_B`,`CAMPO_C`) VALUES (4,'T','TOTAL',NULL,NULL,NULL);
INSERT INTO `alesi_ntablas` (`ID_TABLA`,`ID_CODIGO`,`DESCIPCION`,`CAMPO_A`,`CAMPO_B`,`CAMPO_C`) VALUES (5,'1','ROBO CON VIOLENCIA',NULL,NULL,NULL);
INSERT INTO `alesi_ntablas` (`ID_TABLA`,`ID_CODIGO`,`DESCIPCION`,`CAMPO_A`,`CAMPO_B`,`CAMPO_C`) VALUES (5,'2','ROBO SIN VIOLENCIA',NULL,NULL,NULL);
INSERT INTO `alesi_ntablas` (`ID_TABLA`,`ID_CODIGO`,`DESCIPCION`,`CAMPO_A`,`CAMPO_B`,`CAMPO_C`) VALUES (5,'3','ROBONO EN DOMICILIO',NULL,NULL,NULL);
INSERT INTO `alesi_ntablas` (`ID_TABLA`,`ID_CODIGO`,`DESCIPCION`,`CAMPO_A`,`CAMPO_B`,`CAMPO_C`) VALUES (5,'4','COLISIÔö£├┤N Y/O VUELCO',NULL,NULL,NULL);
INSERT INTO `alesi_ntablas` (`ID_TABLA`,`ID_CODIGO`,`DESCIPCION`,`CAMPO_A`,`CAMPO_B`,`CAMPO_C`) VALUES (6,'0001','NISSAN',NULL,NULL,NULL);
INSERT INTO `alesi_ntablas` (`ID_TABLA`,`ID_CODIGO`,`DESCIPCION`,`CAMPO_A`,`CAMPO_B`,`CAMPO_C`) VALUES (6,'0002','FORD',NULL,NULL,NULL);
INSERT INTO `alesi_ntablas` (`ID_TABLA`,`ID_CODIGO`,`DESCIPCION`,`CAMPO_A`,`CAMPO_B`,`CAMPO_C`) VALUES (6,'0003','CHEVROLET',NULL,NULL,NULL);
INSERT INTO `alesi_ntablas` (`ID_TABLA`,`ID_CODIGO`,`DESCIPCION`,`CAMPO_A`,`CAMPO_B`,`CAMPO_C`) VALUES (6,'0004','TOYOTA',NULL,NULL,NULL);
INSERT INTO `alesi_ntablas` (`ID_TABLA`,`ID_CODIGO`,`DESCIPCION`,`CAMPO_A`,`CAMPO_B`,`CAMPO_C`) VALUES (7,'00010010','VERSA',NULL,NULL,NULL);
INSERT INTO `alesi_ntablas` (`ID_TABLA`,`ID_CODIGO`,`DESCIPCION`,`CAMPO_A`,`CAMPO_B`,`CAMPO_C`) VALUES (7,'00010020','ALTIMA',NULL,NULL,NULL);
INSERT INTO `alesi_ntablas` (`ID_TABLA`,`ID_CODIGO`,`DESCIPCION`,`CAMPO_A`,`CAMPO_B`,`CAMPO_C`) VALUES (7,'00010030','SENTRA',NULL,NULL,NULL);
INSERT INTO `alesi_ntablas` (`ID_TABLA`,`ID_CODIGO`,`DESCIPCION`,`CAMPO_A`,`CAMPO_B`,`CAMPO_C`) VALUES (7,'00020010','FIESTA',NULL,NULL,NULL);
INSERT INTO `alesi_ntablas` (`ID_TABLA`,`ID_CODIGO`,`DESCIPCION`,`CAMPO_A`,`CAMPO_B`,`CAMPO_C`) VALUES (7,'00020020','FUSION',NULL,NULL,NULL);
INSERT INTO `alesi_ntablas` (`ID_TABLA`,`ID_CODIGO`,`DESCIPCION`,`CAMPO_A`,`CAMPO_B`,`CAMPO_C`) VALUES (7,'00020030','MUSTANG',NULL,NULL,NULL);
INSERT INTO `alesi_ntablas` (`ID_TABLA`,`ID_CODIGO`,`DESCIPCION`,`CAMPO_A`,`CAMPO_B`,`CAMPO_C`) VALUES (7,'00040010','HIASE',NULL,NULL,NULL);
INSERT INTO `alesi_ntablas` (`ID_TABLA`,`ID_CODIGO`,`DESCIPCION`,`CAMPO_A`,`CAMPO_B`,`CAMPO_C`) VALUES (8,'1','BLANCO',NULL,NULL,NULL);
INSERT INTO `alesi_ntablas` (`ID_TABLA`,`ID_CODIGO`,`DESCIPCION`,`CAMPO_A`,`CAMPO_B`,`CAMPO_C`) VALUES (8,'2','NEGRO',NULL,NULL,NULL);
INSERT INTO `alesi_ntablas` (`ID_TABLA`,`ID_CODIGO`,`DESCIPCION`,`CAMPO_A`,`CAMPO_B`,`CAMPO_C`) VALUES (8,'3','AZUL',NULL,NULL,NULL);
INSERT INTO `alesi_ntablas` (`ID_TABLA`,`ID_CODIGO`,`DESCIPCION`,`CAMPO_A`,`CAMPO_B`,`CAMPO_C`) VALUES (8,'4','VERDE',NULL,NULL,NULL);
INSERT INTO `alesi_ntablas` (`ID_TABLA`,`ID_CODIGO`,`DESCIPCION`,`CAMPO_A`,`CAMPO_B`,`CAMPO_C`) VALUES (8,'5','AMARILLO',NULL,NULL,NULL);
INSERT INTO `alesi_ntablas` (`ID_TABLA`,`ID_CODIGO`,`DESCIPCION`,`CAMPO_A`,`CAMPO_B`,`CAMPO_C`) VALUES (8,'6','CAFE',NULL,NULL,NULL);
INSERT INTO `alesi_ntablas` (`ID_TABLA`,`ID_CODIGO`,`DESCIPCION`,`CAMPO_A`,`CAMPO_B`,`CAMPO_C`) VALUES (8,'7','PLATEADO',NULL,NULL,NULL);
INSERT INTO `alesi_ntablas` (`ID_TABLA`,`ID_CODIGO`,`DESCIPCION`,`CAMPO_A`,`CAMPO_B`,`CAMPO_C`) VALUES (9,'C','CONVENIO',NULL,NULL,NULL);
INSERT INTO `alesi_ntablas` (`ID_TABLA`,`ID_CODIGO`,`DESCIPCION`,`CAMPO_A`,`CAMPO_B`,`CAMPO_C`) VALUES (9,'P','PROCEDENTE',NULL,NULL,NULL);
INSERT INTO `alesi_ntablas` (`ID_TABLA`,`ID_CODIGO`,`DESCIPCION`,`CAMPO_A`,`CAMPO_B`,`CAMPO_C`) VALUES (9,'R','RECHAZO',NULL,NULL,NULL);
INSERT INTO `alesi_ntablas` (`ID_TABLA`,`ID_CODIGO`,`DESCIPCION`,`CAMPO_A`,`CAMPO_B`,`CAMPO_C`) VALUES (10,'1','PERSONAL',NULL,NULL,NULL);
INSERT INTO `alesi_ntablas` (`ID_TABLA`,`ID_CODIGO`,`DESCIPCION`,`CAMPO_A`,`CAMPO_B`,`CAMPO_C`) VALUES (10,'2','TELEFONICO',NULL,NULL,NULL);
INSERT INTO `alesi_ntablas` (`ID_TABLA`,`ID_CODIGO`,`DESCIPCION`,`CAMPO_A`,`CAMPO_B`,`CAMPO_C`) VALUES (10,'3','OTRO MEDIO',NULL,NULL,NULL);
INSERT INTO `alesi_ntablas` (`ID_TABLA`,`ID_CODIGO`,`DESCIPCION`,`CAMPO_A`,`CAMPO_B`,`CAMPO_C`) VALUES (11,'1','GUSTAVO MADERO',NULL,NULL,NULL);
INSERT INTO `alesi_ntablas` (`ID_TABLA`,`ID_CODIGO`,`DESCIPCION`,`CAMPO_A`,`CAMPO_B`,`CAMPO_C`) VALUES (11,'2','MIGUEL HIDALGO',NULL,NULL,NULL);
INSERT INTO `alesi_ntablas` (`ID_TABLA`,`ID_CODIGO`,`DESCIPCION`,`CAMPO_A`,`CAMPO_B`,`CAMPO_C`) VALUES (11,'3','VENUSTIANO CARRANZA',NULL,NULL,NULL);
INSERT INTO `alesi_ntablas` (`ID_TABLA`,`ID_CODIGO`,`DESCIPCION`,`CAMPO_A`,`CAMPO_B`,`CAMPO_C`) VALUES (12,'C','CONVENIO',NULL,NULL,NULL);
INSERT INTO `alesi_ntablas` (`ID_TABLA`,`ID_CODIGO`,`DESCIPCION`,`CAMPO_A`,`CAMPO_B`,`CAMPO_C`) VALUES (12,'P','PROCEDENTE',NULL,NULL,NULL);
INSERT INTO `alesi_ntablas` (`ID_TABLA`,`ID_CODIGO`,`DESCIPCION`,`CAMPO_A`,`CAMPO_B`,`CAMPO_C`) VALUES (12,'R','RECHAZO',NULL,NULL,NULL);
INSERT INTO `alesi_ntablas` (`ID_TABLA`,`ID_CODIGO`,`DESCIPCION`,`CAMPO_A`,`CAMPO_B`,`CAMPO_C`) VALUES (13,'1','DIRIGIDO A',NULL,NULL,NULL);
INSERT INTO `alesi_ntablas` (`ID_TABLA`,`ID_CODIGO`,`DESCIPCION`,`CAMPO_A`,`CAMPO_B`,`CAMPO_C`) VALUES (13,'10','PREEXISTENCIA DEL VEHICULO',NULL,NULL,NULL);
INSERT INTO `alesi_ntablas` (`ID_TABLA`,`ID_CODIGO`,`DESCIPCION`,`CAMPO_A`,`CAMPO_B`,`CAMPO_C`) VALUES (13,'11','VERIFICACION DE POLIZAS',NULL,NULL,NULL);
INSERT INTO `alesi_ntablas` (`ID_TABLA`,`ID_CODIGO`,`DESCIPCION`,`CAMPO_A`,`CAMPO_B`,`CAMPO_C`) VALUES (13,'12','CARPETA DE INVESTIGACION',NULL,NULL,NULL);
INSERT INTO `alesi_ntablas` (`ID_TABLA`,`ID_CODIGO`,`DESCIPCION`,`CAMPO_A`,`CAMPO_B`,`CAMPO_C`) VALUES (13,'13','DOCUMENTOS ANEXOS',NULL,NULL,NULL);
INSERT INTO `alesi_ntablas` (`ID_TABLA`,`ID_CODIGO`,`DESCIPCION`,`CAMPO_A`,`CAMPO_B`,`CAMPO_C`) VALUES (13,'14','CONCLUSIONES',NULL,NULL,NULL);
INSERT INTO `alesi_ntablas` (`ID_TABLA`,`ID_CODIGO`,`DESCIPCION`,`CAMPO_A`,`CAMPO_B`,`CAMPO_C`) VALUES (13,'2','DATOS DEL SINIESTRO',NULL,NULL,NULL);
INSERT INTO `alesi_ntablas` (`ID_TABLA`,`ID_CODIGO`,`DESCIPCION`,`CAMPO_A`,`CAMPO_B`,`CAMPO_C`) VALUES (13,'3','DATOS DEL VEHICULO',NULL,NULL,NULL);
INSERT INTO `alesi_ntablas` (`ID_TABLA`,`ID_CODIGO`,`DESCIPCION`,`CAMPO_A`,`CAMPO_B`,`CAMPO_C`) VALUES (13,'4','MOTIVO DE LA INVESTIGACION',NULL,NULL,NULL);
INSERT INTO `alesi_ntablas` (`ID_TABLA`,`ID_CODIGO`,`DESCIPCION`,`CAMPO_A`,`CAMPO_B`,`CAMPO_C`) VALUES (13,'5','RESULTADO DE LA INVESTIGACION',NULL,NULL,NULL);
INSERT INTO `alesi_ntablas` (`ID_TABLA`,`ID_CODIGO`,`DESCIPCION`,`CAMPO_A`,`CAMPO_B`,`CAMPO_C`) VALUES (13,'6','DECLARACION DEL ASEGURADO O CONDUCTOR VERTIDA AL AJUSTADOR',NULL,NULL,NULL);
INSERT INTO `alesi_ntablas` (`ID_TABLA`,`ID_CODIGO`,`DESCIPCION`,`CAMPO_A`,`CAMPO_B`,`CAMPO_C`) VALUES (13,'7','ENTREVISTA CON EL ASEGURADO O CONDUCTOR',NULL,NULL,NULL);
INSERT INTO `alesi_ntablas` (`ID_TABLA`,`ID_CODIGO`,`DESCIPCION`,`CAMPO_A`,`CAMPO_B`,`CAMPO_C`) VALUES (13,'8','RECONSTRUCCION E INSPECCION EN LUGAR DE LOS HECHOS',NULL,NULL,NULL);
INSERT INTO `alesi_ntablas` (`ID_TABLA`,`ID_CODIGO`,`DESCIPCION`,`CAMPO_A`,`CAMPO_B`,`CAMPO_C`) VALUES (13,'9','DOCUMENTOS DE LA PROPIEDAD',NULL,NULL,NULL);
INSERT INTO `alesi_ntablas` (`ID_TABLA`,`ID_CODIGO`,`DESCIPCION`,`CAMPO_A`,`CAMPO_B`,`CAMPO_C`) VALUES (14,'A','ALFA NUMERICO, SI TIENE CATALOGO SE USA LO QUE ESTE DENTRO, SI NO ES LIBRE',NULL,NULL,NULL);
INSERT INTO `alesi_ntablas` (`ID_TABLA`,`ID_CODIGO`,`DESCIPCION`,`CAMPO_A`,`CAMPO_B`,`CAMPO_C`) VALUES (14,'C','CHECK, DEFAULT VALOR DE SI NO ',NULL,NULL,NULL);
INSERT INTO `alesi_ntablas` (`ID_TABLA`,`ID_CODIGO`,`DESCIPCION`,`CAMPO_A`,`CAMPO_B`,`CAMPO_C`) VALUES (14,'D','DATE = FECHA',NULL,NULL,NULL);
INSERT INTO `alesi_ntablas` (`ID_TABLA`,`ID_CODIGO`,`DESCIPCION`,`CAMPO_A`,`CAMPO_B`,`CAMPO_C`) VALUES (14,'E','ETIQUETA',NULL,NULL,NULL);
INSERT INTO `alesi_ntablas` (`ID_TABLA`,`ID_CODIGO`,`DESCIPCION`,`CAMPO_A`,`CAMPO_B`,`CAMPO_C`) VALUES (14,'N','NUMERICO',NULL,NULL,NULL);
INSERT INTO `alesi_ntablas` (`ID_TABLA`,`ID_CODIGO`,`DESCIPCION`,`CAMPO_A`,`CAMPO_B`,`CAMPO_C`) VALUES (14,'R','RADIO BOOTONES DEBE DE CONTENER UN CATALOGO',NULL,NULL,NULL);
INSERT INTO `alesi_ntablas` (`ID_TABLA`,`ID_CODIGO`,`DESCIPCION`,`CAMPO_A`,`CAMPO_B`,`CAMPO_C`) VALUES (14,'T','TEXT AREA, PARA MAYOR VOLUMEN DE TEXTO',NULL,NULL,NULL);
INSERT INTO `alesi_ntablas` (`ID_TABLA`,`ID_CODIGO`,`DESCIPCION`,`CAMPO_A`,`CAMPO_B`,`CAMPO_C`) VALUES (15,'N','NO',NULL,NULL,NULL);
INSERT INTO `alesi_ntablas` (`ID_TABLA`,`ID_CODIGO`,`DESCIPCION`,`CAMPO_A`,`CAMPO_B`,`CAMPO_C`) VALUES (15,'S','SI',NULL,NULL,NULL);





----


INSERT INTO `ALESI_TPERSONAS` (`ID_PERSONA`, `NOMBRE`, `EDAD`, `SEXO`, `TELEFONO`, `EMAIL`, `ID_EMPRESA`, `CARGO`, `OTROS`) VALUES
(1, 'JESUS ACOSTA MAYA', 99, 'M', '9999999999', 'ALGO@ALGO', 'SOPORTEALESI', 'DEVELOPER1', NULL);


INSERT INTO `ALESI_TUSUARIOS` (`USUARIO`, `ID_PERSONA`, `PASS`, `ROL`, `STATUS`, `F_ALTA`, `F_ULTIMA_CONEXION`) VALUES
('JECHUS', 1, '880a32351c12f268a771f05bd1da2bd9a81fc82f', 'DEV1', 'ACTIVO', '2019-10-30', '2019-10-30');

COMMIT;
------------------------------------------------------------------------------------

INSERT INTO `alesi_tatricaso` (`ID_EMPRESA`,`TIPO_CASO`,`BLOQUE`,`ORDEN`,`NUM_ATRIBUTO`,`ID_CAMPO`,`ETIQUETA`,`TIPO_DATO`,`CATALOGO`,`DEFAULT`,`LONGITUD_MIN`,`LONGITUD_MAX`,`EDITABLE`) VALUES ('SURA','SINIESTRO_AUTO_S',1,1,1,'DIRIGIDO_A','DIRIGIDO A','A','',NULL,'1','45','S');
INSERT INTO `alesi_tatricaso` (`ID_EMPRESA`,`TIPO_CASO`,`BLOQUE`,`ORDEN`,`NUM_ATRIBUTO`,`ID_CAMPO`,`ETIQUETA`,`TIPO_DATO`,`CATALOGO`,`DEFAULT`,`LONGITUD_MIN`,`LONGITUD_MAX`,`EDITABLE`) VALUES ('SURA','SINIESTRO_AUTO_S',1,2,2,'CARGO','CARGO','A','',NULL,'1','45','S');
INSERT INTO `alesi_tatricaso` (`ID_EMPRESA`,`TIPO_CASO`,`BLOQUE`,`ORDEN`,`NUM_ATRIBUTO`,`ID_CAMPO`,`ETIQUETA`,`TIPO_DATO`,`CATALOGO`,`DEFAULT`,`LONGITUD_MIN`,`LONGITUD_MAX`,`EDITABLE`) VALUES ('SURA','SINIESTRO_AUTO_S',2,1,3,'N_DE_SINIESTRO','NUMERO DE SINIESTRO','A','',NULL,'1','45','S');
INSERT INTO `alesi_tatricaso` (`ID_EMPRESA`,`TIPO_CASO`,`BLOQUE`,`ORDEN`,`NUM_ATRIBUTO`,`ID_CAMPO`,`ETIQUETA`,`TIPO_DATO`,`CATALOGO`,`DEFAULT`,`LONGITUD_MIN`,`LONGITUD_MAX`,`EDITABLE`) VALUES ('SURA','SINIESTRO_AUTO_S',2,2,4,'F_DE_SINIESTRO','FECHA DEL SINIESTRO','D','',NULL,NULL,'','S');
INSERT INTO `alesi_tatricaso` (`ID_EMPRESA`,`TIPO_CASO`,`BLOQUE`,`ORDEN`,`NUM_ATRIBUTO`,`ID_CAMPO`,`ETIQUETA`,`TIPO_DATO`,`CATALOGO`,`DEFAULT`,`LONGITUD_MIN`,`LONGITUD_MAX`,`EDITABLE`) VALUES ('SURA','SINIESTRO_AUTO_S',2,3,5,'F_DE_REPORTE','FECHA DEL REPORTE','D','',NULL,NULL,'','S');
INSERT INTO `alesi_tatricaso` (`ID_EMPRESA`,`TIPO_CASO`,`BLOQUE`,`ORDEN`,`NUM_ATRIBUTO`,`ID_CAMPO`,`ETIQUETA`,`TIPO_DATO`,`CATALOGO`,`DEFAULT`,`LONGITUD_MIN`,`LONGITUD_MAX`,`EDITABLE`) VALUES ('SURA','SINIESTRO_AUTO_S',2,4,6,'N_DE_POLIZA','NO. DE POLIZA','A','',NULL,'1','45','S');
INSERT INTO `alesi_tatricaso` (`ID_EMPRESA`,`TIPO_CASO`,`BLOQUE`,`ORDEN`,`NUM_ATRIBUTO`,`ID_CAMPO`,`ETIQUETA`,`TIPO_DATO`,`CATALOGO`,`DEFAULT`,`LONGITUD_MIN`,`LONGITUD_MAX`,`EDITABLE`) VALUES ('SURA','SINIESTRO_AUTO_S',2,5,7,'INCISO','INCISO','A','',NULL,'1','45','S');
INSERT INTO `alesi_tatricaso` (`ID_EMPRESA`,`TIPO_CASO`,`BLOQUE`,`ORDEN`,`NUM_ATRIBUTO`,`ID_CAMPO`,`ETIQUETA`,`TIPO_DATO`,`CATALOGO`,`DEFAULT`,`LONGITUD_MIN`,`LONGITUD_MAX`,`EDITABLE`) VALUES ('SURA','SINIESTRO_AUTO_S',2,6,8,'INI_VIG','INICIO VIGENCIA','D','',NULL,NULL,NULL,'S');
INSERT INTO `alesi_tatricaso` (`ID_EMPRESA`,`TIPO_CASO`,`BLOQUE`,`ORDEN`,`NUM_ATRIBUTO`,`ID_CAMPO`,`ETIQUETA`,`TIPO_DATO`,`CATALOGO`,`DEFAULT`,`LONGITUD_MIN`,`LONGITUD_MAX`,`EDITABLE`) VALUES ('SURA','SINIESTRO_AUTO_S',2,7,9,'FIN_VIG','TERMINO VIGENCIA','D','',NULL,NULL,NULL,'S');
INSERT INTO `alesi_tatricaso` (`ID_EMPRESA`,`TIPO_CASO`,`BLOQUE`,`ORDEN`,`NUM_ATRIBUTO`,`ID_CAMPO`,`ETIQUETA`,`TIPO_DATO`,`CATALOGO`,`DEFAULT`,`LONGITUD_MIN`,`LONGITUD_MAX`,`EDITABLE`) VALUES ('SURA','SINIESTRO_AUTO_S',2,8,10,'COBERTURA','COBERTURA','A','CAT_COBERT',NULL,'1','45','S');
INSERT INTO `alesi_tatricaso` (`ID_EMPRESA`,`TIPO_CASO`,`BLOQUE`,`ORDEN`,`NUM_ATRIBUTO`,`ID_CAMPO`,`ETIQUETA`,`TIPO_DATO`,`CATALOGO`,`DEFAULT`,`LONGITUD_MIN`,`LONGITUD_MAX`,`EDITABLE`) VALUES ('SURA','SINIESTRO_AUTO_S',2,9,11,'NOM_ASEGURADO','NOMBRE DEL ASEGURADO','A','',NULL,'1','45','S');
INSERT INTO `alesi_tatricaso` (`ID_EMPRESA`,`TIPO_CASO`,`BLOQUE`,`ORDEN`,`NUM_ATRIBUTO`,`ID_CAMPO`,`ETIQUETA`,`TIPO_DATO`,`CATALOGO`,`DEFAULT`,`LONGITUD_MIN`,`LONGITUD_MAX`,`EDITABLE`) VALUES ('SURA','SINIESTRO_AUTO_S',2,10,12,'NOM_CONDUCTOR','NOMBRE DEL CONDUCTOR','A','',NULL,'1','45','S');
INSERT INTO `alesi_tatricaso` (`ID_EMPRESA`,`TIPO_CASO`,`BLOQUE`,`ORDEN`,`NUM_ATRIBUTO`,`ID_CAMPO`,`ETIQUETA`,`TIPO_DATO`,`CATALOGO`,`DEFAULT`,`LONGITUD_MIN`,`LONGITUD_MAX`,`EDITABLE`) VALUES ('SURA','SINIESTRO_AUTO_S',2,11,13,'CON_VIOLENCIA','ROBO CON VIOLENCIA','C','CAT_SI_NO','N','1','1','S');
INSERT INTO `alesi_tatricaso` (`ID_EMPRESA`,`TIPO_CASO`,`BLOQUE`,`ORDEN`,`NUM_ATRIBUTO`,`ID_CAMPO`,`ETIQUETA`,`TIPO_DATO`,`CATALOGO`,`DEFAULT`,`LONGITUD_MIN`,`LONGITUD_MAX`,`EDITABLE`) VALUES ('SURA','SINIESTRO_AUTO_S',2,12,14,'SIN_VIOLENCIA','ROBO SIN VIOLENCIA','C','CAT_SI_NO','N','1','1','S');
INSERT INTO `alesi_tatricaso` (`ID_EMPRESA`,`TIPO_CASO`,`BLOQUE`,`ORDEN`,`NUM_ATRIBUTO`,`ID_CAMPO`,`ETIQUETA`,`TIPO_DATO`,`CATALOGO`,`DEFAULT`,`LONGITUD_MIN`,`LONGITUD_MAX`,`EDITABLE`) VALUES ('SURA','SINIESTRO_AUTO_S',2,13,15,'EN_DOMICILIO','ROBO EN DOMICILIO','C','CAT_SI_NO','N','1','1','S');
INSERT INTO `alesi_tatricaso` (`ID_EMPRESA`,`TIPO_CASO`,`BLOQUE`,`ORDEN`,`NUM_ATRIBUTO`,`ID_CAMPO`,`ETIQUETA`,`TIPO_DATO`,`CATALOGO`,`DEFAULT`,`LONGITUD_MIN`,`LONGITUD_MAX`,`EDITABLE`) VALUES ('SURA','SINIESTRO_AUTO_S',2,14,16,'COLISION_VUELCO','COLICION Y/O VUELCO','C','CAT_SI_NO','N','1','1','S');
INSERT INTO `alesi_tatricaso` (`ID_EMPRESA`,`TIPO_CASO`,`BLOQUE`,`ORDEN`,`NUM_ATRIBUTO`,`ID_CAMPO`,`ETIQUETA`,`TIPO_DATO`,`CATALOGO`,`DEFAULT`,`LONGITUD_MIN`,`LONGITUD_MAX`,`EDITABLE`) VALUES ('SURA','SINIESTRO_AUTO_S',3,1,17,'MARCA','MARCA','A','CAT_AUTO_MARCA',NULL,NULL,NULL,'S');
INSERT INTO `alesi_tatricaso` (`ID_EMPRESA`,`TIPO_CASO`,`BLOQUE`,`ORDEN`,`NUM_ATRIBUTO`,`ID_CAMPO`,`ETIQUETA`,`TIPO_DATO`,`CATALOGO`,`DEFAULT`,`LONGITUD_MIN`,`LONGITUD_MAX`,`EDITABLE`) VALUES ('SURA','SINIESTRO_AUTO_S',3,2,18,'TIPO','TIPO','A','CAT_AUTO_TIPO',NULL,NULL,NULL,'S');
INSERT INTO `alesi_tatricaso` (`ID_EMPRESA`,`TIPO_CASO`,`BLOQUE`,`ORDEN`,`NUM_ATRIBUTO`,`ID_CAMPO`,`ETIQUETA`,`TIPO_DATO`,`CATALOGO`,`DEFAULT`,`LONGITUD_MIN`,`LONGITUD_MAX`,`EDITABLE`) VALUES ('SURA','SINIESTRO_AUTO_S',3,3,19,'MODELO','MODELO','A','','D',NULL,NULL,'S');
INSERT INTO `alesi_tatricaso` (`ID_EMPRESA`,`TIPO_CASO`,`BLOQUE`,`ORDEN`,`NUM_ATRIBUTO`,`ID_CAMPO`,`ETIQUETA`,`TIPO_DATO`,`CATALOGO`,`DEFAULT`,`LONGITUD_MIN`,`LONGITUD_MAX`,`EDITABLE`) VALUES ('SURA','SINIESTRO_AUTO_S',3,4,20,'COLOR','COLOR','A','CAT_COLOR',NULL,NULL,NULL,'S');
INSERT INTO `alesi_tatricaso` (`ID_EMPRESA`,`TIPO_CASO`,`BLOQUE`,`ORDEN`,`NUM_ATRIBUTO`,`ID_CAMPO`,`ETIQUETA`,`TIPO_DATO`,`CATALOGO`,`DEFAULT`,`LONGITUD_MIN`,`LONGITUD_MAX`,`EDITABLE`) VALUES ('SURA','SINIESTRO_AUTO_S',3,5,21,'N_DE_SERIE','NO. DE SERIE','A','',NULL,'1','15','S');
INSERT INTO `alesi_tatricaso` (`ID_EMPRESA`,`TIPO_CASO`,`BLOQUE`,`ORDEN`,`NUM_ATRIBUTO`,`ID_CAMPO`,`ETIQUETA`,`TIPO_DATO`,`CATALOGO`,`DEFAULT`,`LONGITUD_MIN`,`LONGITUD_MAX`,`EDITABLE`) VALUES ('SURA','SINIESTRO_AUTO_S',3,6,22,'N_MOTOR','NO. DE MOTOR','A','',NULL,'1','15','S');
INSERT INTO `alesi_tatricaso` (`ID_EMPRESA`,`TIPO_CASO`,`BLOQUE`,`ORDEN`,`NUM_ATRIBUTO`,`ID_CAMPO`,`ETIQUETA`,`TIPO_DATO`,`CATALOGO`,`DEFAULT`,`LONGITUD_MIN`,`LONGITUD_MAX`,`EDITABLE`) VALUES ('SURA','SINIESTRO_AUTO_S',3,7,23,'PLACAS','PLACAS','A','',NULL,'1','10','S');
INSERT INTO `alesi_tatricaso` (`ID_EMPRESA`,`TIPO_CASO`,`BLOQUE`,`ORDEN`,`NUM_ATRIBUTO`,`ID_CAMPO`,`ETIQUETA`,`TIPO_DATO`,`CATALOGO`,`DEFAULT`,`LONGITUD_MIN`,`LONGITUD_MAX`,`EDITABLE`) VALUES ('SURA','SINIESTRO_AUTO_S',4,1,24,'SINI_TREINTA_DIAS','SINIESTRO OCURRIDO DENTRO DE LOS 30 DIAS DE INICIO DE VIGENCIA','C','CAT_SI_NO','N','1','1','S');
INSERT INTO `alesi_tatricaso` (`ID_EMPRESA`,`TIPO_CASO`,`BLOQUE`,`ORDEN`,`NUM_ATRIBUTO`,`ID_CAMPO`,`ETIQUETA`,`TIPO_DATO`,`CATALOGO`,`DEFAULT`,`LONGITUD_MIN`,`LONGITUD_MAX`,`EDITABLE`) VALUES ('SURA','SINIESTRO_AUTO_S',4,2,25,'SUMA_ASEGURADA','SUMA ASEGURADA','C','CAT_SI_NO','N','1','1','S');
INSERT INTO `alesi_tatricaso` (`ID_EMPRESA`,`TIPO_CASO`,`BLOQUE`,`ORDEN`,`NUM_ATRIBUTO`,`ID_CAMPO`,`ETIQUETA`,`TIPO_DATO`,`CATALOGO`,`DEFAULT`,`LONGITUD_MIN`,`LONGITUD_MAX`,`EDITABLE`) VALUES ('SURA','SINIESTRO_AUTO_S',4,3,26,'PREEXISTENCIA_AUTO','DUDOSA PREEXISTENCIA DEL VEHICULO','C','CAT_SI_NO','N','1','1','S');
INSERT INTO `alesi_tatricaso` (`ID_EMPRESA`,`TIPO_CASO`,`BLOQUE`,`ORDEN`,`NUM_ATRIBUTO`,`ID_CAMPO`,`ETIQUETA`,`TIPO_DATO`,`CATALOGO`,`DEFAULT`,`LONGITUD_MIN`,`LONGITUD_MAX`,`EDITABLE`) VALUES ('SURA','SINIESTRO_AUTO_S',4,4,27,'REECONSTRUCCION_HECHOS','RECONSTRUCCION DE LOS HECHOS','C','CAT_SI_NO','N','1','1','S');
INSERT INTO `alesi_tatricaso` (`ID_EMPRESA`,`TIPO_CASO`,`BLOQUE`,`ORDEN`,`NUM_ATRIBUTO`,`ID_CAMPO`,`ETIQUETA`,`TIPO_DATO`,`CATALOGO`,`DEFAULT`,`LONGITUD_MIN`,`LONGITUD_MAX`,`EDITABLE`) VALUES ('SURA','SINIESTRO_AUTO_S',4,5,28,'FALSEDAD_DECALRACION','FALCEDAD DE DECLARACIONES','C','CAT_SI_NO','N','1','1','S');
INSERT INTO `alesi_tatricaso` (`ID_EMPRESA`,`TIPO_CASO`,`BLOQUE`,`ORDEN`,`NUM_ATRIBUTO`,`ID_CAMPO`,`ETIQUETA`,`TIPO_DATO`,`CATALOGO`,`DEFAULT`,`LONGITUD_MIN`,`LONGITUD_MAX`,`EDITABLE`) VALUES ('SURA','SINIESTRO_AUTO_S',4,6,29,'CAMBIO_CONDUCTOR','CAMBIO DE CONDUCTOR','C','CAT_SI_NO','N','1','1','S');
INSERT INTO `alesi_tatricaso` (`ID_EMPRESA`,`TIPO_CASO`,`BLOQUE`,`ORDEN`,`NUM_ATRIBUTO`,`ID_CAMPO`,`ETIQUETA`,`TIPO_DATO`,`CATALOGO`,`DEFAULT`,`LONGITUD_MIN`,`LONGITUD_MAX`,`EDITABLE`) VALUES ('SURA','SINIESTRO_AUTO_S',4,7,30,'DOC_APOCRIFOS','POSIBLES DOCUMENTOS APOCRIFOS','C','CAT_SI_NO','N','1','1','S');
INSERT INTO `alesi_tatricaso` (`ID_EMPRESA`,`TIPO_CASO`,`BLOQUE`,`ORDEN`,`NUM_ATRIBUTO`,`ID_CAMPO`,`ETIQUETA`,`TIPO_DATO`,`CATALOGO`,`DEFAULT`,`LONGITUD_MIN`,`LONGITUD_MAX`,`EDITABLE`) VALUES ('SURA','SINIESTRO_AUTO_S',4,8,31,'OTROS','OTROS','C','CAT_SI_NO','N','1','1','S');
INSERT INTO `alesi_tatricaso` (`ID_EMPRESA`,`TIPO_CASO`,`BLOQUE`,`ORDEN`,`NUM_ATRIBUTO`,`ID_CAMPO`,`ETIQUETA`,`TIPO_DATO`,`CATALOGO`,`DEFAULT`,`LONGITUD_MIN`,`LONGITUD_MAX`,`EDITABLE`) VALUES ('SURA','SINIESTRO_AUTO_S',4,9,32,'OTROS_VAL','CUALES','A','',NULL,'1','50','S');
INSERT INTO `alesi_tatricaso` (`ID_EMPRESA`,`TIPO_CASO`,`BLOQUE`,`ORDEN`,`NUM_ATRIBUTO`,`ID_CAMPO`,`ETIQUETA`,`TIPO_DATO`,`CATALOGO`,`DEFAULT`,`LONGITUD_MIN`,`LONGITUD_MAX`,`EDITABLE`) VALUES ('SURA','SINIESTRO_AUTO_S',5,1,33,'RESULT_INVEST','EL SINIESTRO ES','R','CAT_REST_INV',NULL,'1','1','S');
INSERT INTO `alesi_tatricaso` (`ID_EMPRESA`,`TIPO_CASO`,`BLOQUE`,`ORDEN`,`NUM_ATRIBUTO`,`ID_CAMPO`,`ETIQUETA`,`TIPO_DATO`,`CATALOGO`,`DEFAULT`,`LONGITUD_MIN`,`LONGITUD_MAX`,`EDITABLE`) VALUES ('SURA','SINIESTRO_AUTO_S',6,1,34,'DECLA_INI','DECLARACION INICIAL','T','',NULL,'1','30000','S');
INSERT INTO `alesi_tatricaso` (`ID_EMPRESA`,`TIPO_CASO`,`BLOQUE`,`ORDEN`,`NUM_ATRIBUTO`,`ID_CAMPO`,`ETIQUETA`,`TIPO_DATO`,`CATALOGO`,`DEFAULT`,`LONGITUD_MIN`,`LONGITUD_MAX`,`EDITABLE`) VALUES ('SURA','SINIESTRO_AUTO_S',7,1,35,'DESA_ENTREVISTA','DESARROLLO DE LA ENTREVISTA','T','',NULL,'1','30000','S');
INSERT INTO `alesi_tatricaso` (`ID_EMPRESA`,`TIPO_CASO`,`BLOQUE`,`ORDEN`,`NUM_ATRIBUTO`,`ID_CAMPO`,`ETIQUETA`,`TIPO_DATO`,`CATALOGO`,`DEFAULT`,`LONGITUD_MIN`,`LONGITUD_MAX`,`EDITABLE`) VALUES ('SURA','SINIESTRO_AUTO_S',8,1,36,'LUGAR_VISITADO','LUGAR VISITADO','R','CAT_SI_NO','S','1','1','S');
INSERT INTO `alesi_tatricaso` (`ID_EMPRESA`,`TIPO_CASO`,`BLOQUE`,`ORDEN`,`NUM_ATRIBUTO`,`ID_CAMPO`,`ETIQUETA`,`TIPO_DATO`,`CATALOGO`,`DEFAULT`,`LONGITUD_MIN`,`LONGITUD_MAX`,`EDITABLE`) VALUES ('SURA','SINIESTRO_AUTO_S',8,2,37,'UBICACION','UBICACION','A','',NULL,'1','250','S');
INSERT INTO `alesi_tatricaso` (`ID_EMPRESA`,`TIPO_CASO`,`BLOQUE`,`ORDEN`,`NUM_ATRIBUTO`,`ID_CAMPO`,`ETIQUETA`,`TIPO_DATO`,`CATALOGO`,`DEFAULT`,`LONGITUD_MIN`,`LONGITUD_MAX`,`EDITABLE`) VALUES ('SURA','SINIESTRO_AUTO_S',8,3,38,'OBSERVACIONES','OBSERVACIONES','T','',NULL,'1','30000','S');
INSERT INTO `alesi_tatricaso` (`ID_EMPRESA`,`TIPO_CASO`,`BLOQUE`,`ORDEN`,`NUM_ATRIBUTO`,`ID_CAMPO`,`ETIQUETA`,`TIPO_DATO`,`CATALOGO`,`DEFAULT`,`LONGITUD_MIN`,`LONGITUD_MAX`,`EDITABLE`) VALUES ('SURA','SINIESTRO_AUTO_S',9,1,39,'TIP_DOC_PROP','TIPO DE DOCUMENTO','A','',NULL,'1','45','S');
INSERT INTO `alesi_tatricaso` (`ID_EMPRESA`,`TIPO_CASO`,`BLOQUE`,`ORDEN`,`NUM_ATRIBUTO`,`ID_CAMPO`,`ETIQUETA`,`TIPO_DATO`,`CATALOGO`,`DEFAULT`,`LONGITUD_MIN`,`LONGITUD_MAX`,`EDITABLE`) VALUES ('SURA','SINIESTRO_AUTO_S',9,2,40,'F_DOC','FECHA','D','',NULL,NULL,NULL,'S');
INSERT INTO `alesi_tatricaso` (`ID_EMPRESA`,`TIPO_CASO`,`BLOQUE`,`ORDEN`,`NUM_ATRIBUTO`,`ID_CAMPO`,`ETIQUETA`,`TIPO_DATO`,`CATALOGO`,`DEFAULT`,`LONGITUD_MIN`,`LONGITUD_MAX`,`EDITABLE`) VALUES ('SURA','SINIESTRO_AUTO_S',9,3,41,'RFC_PROP','RAZON SOCIAL O NOMBRE DEL ESTABLECIMIENTO','A','',NULL,'1','45','S');
INSERT INTO `alesi_tatricaso` (`ID_EMPRESA`,`TIPO_CASO`,`BLOQUE`,`ORDEN`,`NUM_ATRIBUTO`,`ID_CAMPO`,`ETIQUETA`,`TIPO_DATO`,`CATALOGO`,`DEFAULT`,`LONGITUD_MIN`,`LONGITUD_MAX`,`EDITABLE`) VALUES ('SURA','SINIESTRO_AUTO_S',9,4,42,'DOC_LEGAL','DOCUMENTO LEGAL','R','CAT_SI_NO','S','1','1','S');
INSERT INTO `alesi_tatricaso` (`ID_EMPRESA`,`TIPO_CASO`,`BLOQUE`,`ORDEN`,`NUM_ATRIBUTO`,`ID_CAMPO`,`ETIQUETA`,`TIPO_DATO`,`CATALOGO`,`DEFAULT`,`LONGITUD_MIN`,`LONGITUD_MAX`,`EDITABLE`) VALUES ('SURA','SINIESTRO_AUTO_S',9,5,43,'COTEJADO_CON','COTEJADO CON','A','',NULL,'1','150','S');
INSERT INTO `alesi_tatricaso` (`ID_EMPRESA`,`TIPO_CASO`,`BLOQUE`,`ORDEN`,`NUM_ATRIBUTO`,`ID_CAMPO`,`ETIQUETA`,`TIPO_DATO`,`CATALOGO`,`DEFAULT`,`LONGITUD_MIN`,`LONGITUD_MAX`,`EDITABLE`) VALUES ('SURA','SINIESTRO_AUTO_S',9,6,44,'CARGO_DTO','CARGO Y/O DEPARTAMENTO','A','',NULL,'1','150','S');
INSERT INTO `alesi_tatricaso` (`ID_EMPRESA`,`TIPO_CASO`,`BLOQUE`,`ORDEN`,`NUM_ATRIBUTO`,`ID_CAMPO`,`ETIQUETA`,`TIPO_DATO`,`CATALOGO`,`DEFAULT`,`LONGITUD_MIN`,`LONGITUD_MAX`,`EDITABLE`) VALUES ('SURA','SINIESTRO_AUTO_S',9,7,45,'TEL_PROP','TELEFONO','N','',NULL,'1','10','S');
INSERT INTO `alesi_tatricaso` (`ID_EMPRESA`,`TIPO_CASO`,`BLOQUE`,`ORDEN`,`NUM_ATRIBUTO`,`ID_CAMPO`,`ETIQUETA`,`TIPO_DATO`,`CATALOGO`,`DEFAULT`,`LONGITUD_MIN`,`LONGITUD_MAX`,`EDITABLE`) VALUES ('SURA','SINIESTRO_AUTO_S',9,8,46,'CONTACTO','TIPO DE CONTACTO','R','CAT_TIP_CONTACT',NULL,'1','1','S');
INSERT INTO `alesi_tatricaso` (`ID_EMPRESA`,`TIPO_CASO`,`BLOQUE`,`ORDEN`,`NUM_ATRIBUTO`,`ID_CAMPO`,`ETIQUETA`,`TIPO_DATO`,`CATALOGO`,`DEFAULT`,`LONGITUD_MIN`,`LONGITUD_MAX`,`EDITABLE`) VALUES ('SURA','SINIESTRO_AUTO_S',9,9,47,'F_CONTACTO','FECHA','D','',NULL,NULL,NULL,'S');
INSERT INTO `alesi_tatricaso` (`ID_EMPRESA`,`TIPO_CASO`,`BLOQUE`,`ORDEN`,`NUM_ATRIBUTO`,`ID_CAMPO`,`ETIQUETA`,`TIPO_DATO`,`CATALOGO`,`DEFAULT`,`LONGITUD_MIN`,`LONGITUD_MAX`,`EDITABLE`) VALUES ('SURA','SINIESTRO_AUTO_S',9,10,48,'LUGAR_CONTACTO','LUGAR DE CONTACTO (DIRECCION)','A','',NULL,'1','150','S');
INSERT INTO `alesi_tatricaso` (`ID_EMPRESA`,`TIPO_CASO`,`BLOQUE`,`ORDEN`,`NUM_ATRIBUTO`,`ID_CAMPO`,`ETIQUETA`,`TIPO_DATO`,`CATALOGO`,`DEFAULT`,`LONGITUD_MIN`,`LONGITUD_MAX`,`EDITABLE`) VALUES ('SURA','SINIESTRO_AUTO_S',9,11,49,'OBSERVACIONES_CONTACT','OBSERVACIONES','T','',NULL,'1','30000','S');
INSERT INTO `alesi_tatricaso` (`ID_EMPRESA`,`TIPO_CASO`,`BLOQUE`,`ORDEN`,`NUM_ATRIBUTO`,`ID_CAMPO`,`ETIQUETA`,`TIPO_DATO`,`CATALOGO`,`DEFAULT`,`LONGITUD_MIN`,`LONGITUD_MAX`,`EDITABLE`) VALUES ('SURA','SINIESTRO_AUTO_S',10,1,50,'DOMICILIO_NA','DOMICILIO DE N/A','C','CAT_SI_NO','S','1','1','S');
INSERT INTO `alesi_tatricaso` (`ID_EMPRESA`,`TIPO_CASO`,`BLOQUE`,`ORDEN`,`NUM_ATRIBUTO`,`ID_CAMPO`,`ETIQUETA`,`TIPO_DATO`,`CATALOGO`,`DEFAULT`,`LONGITUD_MIN`,`LONGITUD_MAX`,`EDITABLE`) VALUES ('SURA','SINIESTRO_AUTO_S',10,2,51,'DIRECCION_PREX','DIRECCION','A','',NULL,'1','150','S');
INSERT INTO `alesi_tatricaso` (`ID_EMPRESA`,`TIPO_CASO`,`BLOQUE`,`ORDEN`,`NUM_ATRIBUTO`,`ID_CAMPO`,`ETIQUETA`,`TIPO_DATO`,`CATALOGO`,`DEFAULT`,`LONGITUD_MIN`,`LONGITUD_MAX`,`EDITABLE`) VALUES ('SURA','SINIESTRO_AUTO_S',10,3,52,'TESTIGOS_PREX','TESTIGOS DE LA PREEXISTENCIA DEL VEHICULO','C','',NULL,'1','1','S');
INSERT INTO `alesi_tatricaso` (`ID_EMPRESA`,`TIPO_CASO`,`BLOQUE`,`ORDEN`,`NUM_ATRIBUTO`,`ID_CAMPO`,`ETIQUETA`,`TIPO_DATO`,`CATALOGO`,`DEFAULT`,`LONGITUD_MIN`,`LONGITUD_MAX`,`EDITABLE`) VALUES ('SURA','SINIESTRO_AUTO_S',10,4,53,'NOMBRE_PREX','NOMBRE','A','',NULL,'1','150','S');
INSERT INTO `alesi_tatricaso` (`ID_EMPRESA`,`TIPO_CASO`,`BLOQUE`,`ORDEN`,`NUM_ATRIBUTO`,`ID_CAMPO`,`ETIQUETA`,`TIPO_DATO`,`CATALOGO`,`DEFAULT`,`LONGITUD_MIN`,`LONGITUD_MAX`,`EDITABLE`) VALUES ('SURA','SINIESTRO_AUTO_S',10,5,54,'DIR_REF_PREX','DIRECCION O REFERENCIA','A','',NULL,'1','150','S');
INSERT INTO `alesi_tatricaso` (`ID_EMPRESA`,`TIPO_CASO`,`BLOQUE`,`ORDEN`,`NUM_ATRIBUTO`,`ID_CAMPO`,`ETIQUETA`,`TIPO_DATO`,`CATALOGO`,`DEFAULT`,`LONGITUD_MIN`,`LONGITUD_MAX`,`EDITABLE`) VALUES ('SURA','SINIESTRO_AUTO_S',10,6,55,'OBSERVACIONES_PREX','OBSERVACIONES','T','',NULL,'1','30000','S');
INSERT INTO `alesi_tatricaso` (`ID_EMPRESA`,`TIPO_CASO`,`BLOQUE`,`ORDEN`,`NUM_ATRIBUTO`,`ID_CAMPO`,`ETIQUETA`,`TIPO_DATO`,`CATALOGO`,`DEFAULT`,`LONGITUD_MIN`,`LONGITUD_MAX`,`EDITABLE`) VALUES ('SURA','SINIESTRO_AUTO_S',11,1,56,'POL_ANTER','POLIZA ANTERIOR','R','CAT_SI_NO','N','1','1','S');
INSERT INTO `alesi_tatricaso` (`ID_EMPRESA`,`TIPO_CASO`,`BLOQUE`,`ORDEN`,`NUM_ATRIBUTO`,`ID_CAMPO`,`ETIQUETA`,`TIPO_DATO`,`CATALOGO`,`DEFAULT`,`LONGITUD_MIN`,`LONGITUD_MAX`,`EDITABLE`) VALUES ('SURA','SINIESTRO_AUTO_S',11,2,57,'COBERTURA_ANTER','COBERTURA','A','CAT_COBERT',NULL,'1','150','S');
INSERT INTO `alesi_tatricaso` (`ID_EMPRESA`,`TIPO_CASO`,`BLOQUE`,`ORDEN`,`NUM_ATRIBUTO`,`ID_CAMPO`,`ETIQUETA`,`TIPO_DATO`,`CATALOGO`,`DEFAULT`,`LONGITUD_MIN`,`LONGITUD_MAX`,`EDITABLE`) VALUES ('SURA','SINIESTRO_AUTO_S',11,3,58,'F_INI_ANTER','VIGENCIA DESDE','D','',NULL,NULL,NULL,'S');
INSERT INTO `alesi_tatricaso` (`ID_EMPRESA`,`TIPO_CASO`,`BLOQUE`,`ORDEN`,`NUM_ATRIBUTO`,`ID_CAMPO`,`ETIQUETA`,`TIPO_DATO`,`CATALOGO`,`DEFAULT`,`LONGITUD_MIN`,`LONGITUD_MAX`,`EDITABLE`) VALUES ('SURA','SINIESTRO_AUTO_S',11,4,59,'F_FIN_ANTER','VIGENVIA HASTA','D','',NULL,'',NULL,'S');
INSERT INTO `alesi_tatricaso` (`ID_EMPRESA`,`TIPO_CASO`,`BLOQUE`,`ORDEN`,`NUM_ATRIBUTO`,`ID_CAMPO`,`ETIQUETA`,`TIPO_DATO`,`CATALOGO`,`DEFAULT`,`LONGITUD_MIN`,`LONGITUD_MAX`,`EDITABLE`) VALUES ('SURA','SINIESTRO_AUTO_S',11,5,60,'OBSERVACION_ANTER','OBSERVACIONES','T','',NULL,'1','30000','S');
INSERT INTO `alesi_tatricaso` (`ID_EMPRESA`,`TIPO_CASO`,`BLOQUE`,`ORDEN`,`NUM_ATRIBUTO`,`ID_CAMPO`,`ETIQUETA`,`TIPO_DATO`,`CATALOGO`,`DEFAULT`,`LONGITUD_MIN`,`LONGITUD_MAX`,`EDITABLE`) VALUES ('SURA','SINIESTRO_AUTO_S',12,1,61,'DENUNCIA_MP','DENUNCIA ANTE EL MINISTERIO PUBLICO','R','CAT_SI_NO','S','1','1','S');
INSERT INTO `alesi_tatricaso` (`ID_EMPRESA`,`TIPO_CASO`,`BLOQUE`,`ORDEN`,`NUM_ATRIBUTO`,`ID_CAMPO`,`ETIQUETA`,`TIPO_DATO`,`CATALOGO`,`DEFAULT`,`LONGITUD_MIN`,`LONGITUD_MAX`,`EDITABLE`) VALUES ('SURA','SINIESTRO_AUTO_S',12,2,62,'MUNICIPIO','ALCALDIA O MONICIPIO','A','CAT_MUNICIPIO',NULL,'1','150','S');
INSERT INTO `alesi_tatricaso` (`ID_EMPRESA`,`TIPO_CASO`,`BLOQUE`,`ORDEN`,`NUM_ATRIBUTO`,`ID_CAMPO`,`ETIQUETA`,`TIPO_DATO`,`CATALOGO`,`DEFAULT`,`LONGITUD_MIN`,`LONGITUD_MAX`,`EDITABLE`) VALUES ('SURA','SINIESTRO_AUTO_S',12,3,63,'CARPETA','CARPETA','A','',NULL,'1','150','S');
INSERT INTO `alesi_tatricaso` (`ID_EMPRESA`,`TIPO_CASO`,`BLOQUE`,`ORDEN`,`NUM_ATRIBUTO`,`ID_CAMPO`,`ETIQUETA`,`TIPO_DATO`,`CATALOGO`,`DEFAULT`,`LONGITUD_MIN`,`LONGITUD_MAX`,`EDITABLE`) VALUES ('SURA','SINIESTRO_AUTO_S',12,4,64,'F_INV','FECHA','D','',NULL,'',NULL,'S');
INSERT INTO `alesi_tatricaso` (`ID_EMPRESA`,`TIPO_CASO`,`BLOQUE`,`ORDEN`,`NUM_ATRIBUTO`,`ID_CAMPO`,`ETIQUETA`,`TIPO_DATO`,`CATALOGO`,`DEFAULT`,`LONGITUD_MIN`,`LONGITUD_MAX`,`EDITABLE`) VALUES ('SURA','SINIESTRO_AUTO_S',12,5,65,'HORA_INV','HORA','A','',NULL,NULL,NULL,'S');
INSERT INTO `alesi_tatricaso` (`ID_EMPRESA`,`TIPO_CASO`,`BLOQUE`,`ORDEN`,`NUM_ATRIBUTO`,`ID_CAMPO`,`ETIQUETA`,`TIPO_DATO`,`CATALOGO`,`DEFAULT`,`LONGITUD_MIN`,`LONGITUD_MAX`,`EDITABLE`) VALUES ('SURA','SINIESTRO_AUTO_S',12,6,66,'CARP_REG','CARPETA RELACIONADA','R','CAT_SI_NO','N','1','1','S');
INSERT INTO `alesi_tatricaso` (`ID_EMPRESA`,`TIPO_CASO`,`BLOQUE`,`ORDEN`,`NUM_ATRIBUTO`,`ID_CAMPO`,`ETIQUETA`,`TIPO_DATO`,`CATALOGO`,`DEFAULT`,`LONGITUD_MIN`,`LONGITUD_MAX`,`EDITABLE`) VALUES ('SURA','SINIESTRO_AUTO_S',12,7,67,'MOT_CARP_INV','MOTIVO DE LA CARPETA RELACIONADA','A','',NULL,'1','150','S');
INSERT INTO `alesi_tatricaso` (`ID_EMPRESA`,`TIPO_CASO`,`BLOQUE`,`ORDEN`,`NUM_ATRIBUTO`,`ID_CAMPO`,`ETIQUETA`,`TIPO_DATO`,`CATALOGO`,`DEFAULT`,`LONGITUD_MIN`,`LONGITUD_MAX`,`EDITABLE`) VALUES ('SURA','SINIESTRO_AUTO_S',12,1,68,'OBSERVACION_INV','OBSERVACIONES','T','',NULL,'1','150','S');
INSERT INTO `alesi_tatricaso` (`ID_EMPRESA`,`TIPO_CASO`,`BLOQUE`,`ORDEN`,`NUM_ATRIBUTO`,`ID_CAMPO`,`ETIQUETA`,`TIPO_DATO`,`CATALOGO`,`DEFAULT`,`LONGITUD_MIN`,`LONGITUD_MAX`,`EDITABLE`) VALUES ('SURA','SINIESTRO_AUTO_S',13,2,69,'POLIZA_DOC','POLIZA','C','CAT_SI_NO','N','1','1','S');
INSERT INTO `alesi_tatricaso` (`ID_EMPRESA`,`TIPO_CASO`,`BLOQUE`,`ORDEN`,`NUM_ATRIBUTO`,`ID_CAMPO`,`ETIQUETA`,`TIPO_DATO`,`CATALOGO`,`DEFAULT`,`LONGITUD_MIN`,`LONGITUD_MAX`,`EDITABLE`) VALUES ('SURA','SINIESTRO_AUTO_S',13,3,70,'FACTURA_DOC','FACTURAS','C','CAT_SI_NO','N','1','1','S');
INSERT INTO `alesi_tatricaso` (`ID_EMPRESA`,`TIPO_CASO`,`BLOQUE`,`ORDEN`,`NUM_ATRIBUTO`,`ID_CAMPO`,`ETIQUETA`,`TIPO_DATO`,`CATALOGO`,`DEFAULT`,`LONGITUD_MIN`,`LONGITUD_MAX`,`EDITABLE`) VALUES ('SURA','SINIESTRO_AUTO_S',13,4,71,'ACTA_MP_DOC','ACTAS','C','CAT_SI_NO','N','1','1','S');
INSERT INTO `alesi_tatricaso` (`ID_EMPRESA`,`TIPO_CASO`,`BLOQUE`,`ORDEN`,`NUM_ATRIBUTO`,`ID_CAMPO`,`ETIQUETA`,`TIPO_DATO`,`CATALOGO`,`DEFAULT`,`LONGITUD_MIN`,`LONGITUD_MAX`,`EDITABLE`) VALUES ('SURA','SINIESTRO_AUTO_S',13,5,72,'TENENCIAS','TENENCIAS','C','CAT_SI_NO','N','1','1','S');
INSERT INTO `alesi_tatricaso` (`ID_EMPRESA`,`TIPO_CASO`,`BLOQUE`,`ORDEN`,`NUM_ATRIBUTO`,`ID_CAMPO`,`ETIQUETA`,`TIPO_DATO`,`CATALOGO`,`DEFAULT`,`LONGITUD_MIN`,`LONGITUD_MAX`,`EDITABLE`) VALUES ('SURA','SINIESTRO_AUTO_S',13,6,73,'FOTOGRAFIAS_DOC','FOTOGRAFIAS','C','CAT_SI_NO','N','1','1','S');
INSERT INTO `alesi_tatricaso` (`ID_EMPRESA`,`TIPO_CASO`,`BLOQUE`,`ORDEN`,`NUM_ATRIBUTO`,`ID_CAMPO`,`ETIQUETA`,`TIPO_DATO`,`CATALOGO`,`DEFAULT`,`LONGITUD_MIN`,`LONGITUD_MAX`,`EDITABLE`) VALUES ('SURA','SINIESTRO_AUTO_S',13,7,74,'CUEST_ROBO_OTROS_DOC','OTROS','C','CAT_SI_NO','N','1','1','S');
INSERT INTO `alesi_tatricaso` (`ID_EMPRESA`,`TIPO_CASO`,`BLOQUE`,`ORDEN`,`NUM_ATRIBUTO`,`ID_CAMPO`,`ETIQUETA`,`TIPO_DATO`,`CATALOGO`,`DEFAULT`,`LONGITUD_MIN`,`LONGITUD_MAX`,`EDITABLE`) VALUES ('SURA','SINIESTRO_AUTO_S',14,1,75,'CONCLUCION_CASO','RESULTADO DEL SINIESTRO','R','CAT_CONCLUSION','R','1','1','S');
INSERT INTO `alesi_tatricaso` (`ID_EMPRESA`,`TIPO_CASO`,`BLOQUE`,`ORDEN`,`NUM_ATRIBUTO`,`ID_CAMPO`,`ETIQUETA`,`TIPO_DATO`,`CATALOGO`,`DEFAULT`,`LONGITUD_MIN`,`LONGITUD_MAX`,`EDITABLE`) VALUES ('SURA','SINIESTRO_AUTO_S',14,1,76,'OBS_CONCLUSION','OBSERVACIONES','T',NULL,NULL,'1','30000','S');


commit;



------------------------------------------------

INSERT INTO `alesi_tcaso` (`ID_CASO`,`ID_EMPRESA`,`TIPO_CASO`,`F_ALTA`,`F_ESTATUS`,`F_CIERRE`,`STATUS`,`ID_USUARIO_ALTA`,`ID_USUARIO_ASIGNADO`,`ID_USUARIO_ULTIMA_ACT`) VALUES (1,'SURA','SINIESTRO_AUTO_S','2018-11-03','2018-11-03','2018-11-03','EN_CURSO','JECHUS','JECHUS','JECHUS');
INSERT INTO `alesi_tcaso` (`ID_CASO`,`ID_EMPRESA`,`TIPO_CASO`,`F_ALTA`,`F_ESTATUS`,`F_CIERRE`,`STATUS`,`ID_USUARIO_ALTA`,`ID_USUARIO_ASIGNADO`,`ID_USUARIO_ULTIMA_ACT`) VALUES (2,'SURA','SINIESTRO_AUTO_S','2019-11-08','2019-11-08','2019-11-13','EN_CURSO','JECHUS','JECHUS','JECHUS');

INSERT INTO `alesi_tvalcaso` (`ID_CASO`,`NUM_ATRIBUTO`,`VALOR`) VALUES (1,1,'JOSE PERES LEON');
INSERT INTO `alesi_tvalcaso` (`ID_CASO`,`NUM_ATRIBUTO`,`VALOR`) VALUES (1,2,'PRESIDENTE');
INSERT INTO `alesi_tvalcaso` (`ID_CASO`,`NUM_ATRIBUTO`,`VALOR`) VALUES (1,3,'1-211-2019-1111');
INSERT INTO `alesi_tvalcaso` (`ID_CASO`,`NUM_ATRIBUTO`,`VALOR`) VALUES (1,4,'2019-10-01');
INSERT INTO `alesi_tvalcaso` (`ID_CASO`,`NUM_ATRIBUTO`,`VALOR`) VALUES (1,5,'2019-10-05');
INSERT INTO `alesi_tvalcaso` (`ID_CASO`,`NUM_ATRIBUTO`,`VALOR`) VALUES (1,6,'1-211-99999');
INSERT INTO `alesi_tvalcaso` (`ID_CASO`,`NUM_ATRIBUTO`,`VALOR`) VALUES (1,7,'0');
INSERT INTO `alesi_tvalcaso` (`ID_CASO`,`NUM_ATRIBUTO`,`VALOR`) VALUES (1,8,'2019-01-01');
INSERT INTO `alesi_tvalcaso` (`ID_CASO`,`NUM_ATRIBUTO`,`VALOR`) VALUES (1,9,'2019-01-01');
INSERT INTO `alesi_tvalcaso` (`ID_CASO`,`NUM_ATRIBUTO`,`VALOR`) VALUES (1,10,'AMPLIA');
INSERT INTO `alesi_tvalcaso` (`ID_CASO`,`NUM_ATRIBUTO`,`VALOR`) VALUES (1,11,'NOE SANTIAGO GARCIA');
INSERT INTO `alesi_tvalcaso` (`ID_CASO`,`NUM_ATRIBUTO`,`VALOR`) VALUES (1,12,'MARIA LA DEL BARRIO');
INSERT INTO `alesi_tvalcaso` (`ID_CASO`,`NUM_ATRIBUTO`,`VALOR`) VALUES (1,13,'S');
INSERT INTO `alesi_tvalcaso` (`ID_CASO`,`NUM_ATRIBUTO`,`VALOR`) VALUES (1,14,'N');
INSERT INTO `alesi_tvalcaso` (`ID_CASO`,`NUM_ATRIBUTO`,`VALOR`) VALUES (1,15,'N');
INSERT INTO `alesi_tvalcaso` (`ID_CASO`,`NUM_ATRIBUTO`,`VALOR`) VALUES (1,16,'N');
INSERT INTO `alesi_tvalcaso` (`ID_CASO`,`NUM_ATRIBUTO`,`VALOR`) VALUES (1,17,'BMW');
INSERT INTO `alesi_tvalcaso` (`ID_CASO`,`NUM_ATRIBUTO`,`VALOR`) VALUES (1,18,'EL MAS CHINGON');
INSERT INTO `alesi_tvalcaso` (`ID_CASO`,`NUM_ATRIBUTO`,`VALOR`) VALUES (1,19,'2020');
INSERT INTO `alesi_tvalcaso` (`ID_CASO`,`NUM_ATRIBUTO`,`VALOR`) VALUES (1,20,'NEGO');
INSERT INTO `alesi_tvalcaso` (`ID_CASO`,`NUM_ATRIBUTO`,`VALOR`) VALUES (1,21,'56789');
INSERT INTO `alesi_tvalcaso` (`ID_CASO`,`NUM_ATRIBUTO`,`VALOR`) VALUES (1,22,'3456789');
INSERT INTO `alesi_tvalcaso` (`ID_CASO`,`NUM_ATRIBUTO`,`VALOR`) VALUES (1,23,'NFS-1TB');
INSERT INTO `alesi_tvalcaso` (`ID_CASO`,`NUM_ATRIBUTO`,`VALOR`) VALUES (1,24,'S');
INSERT INTO `alesi_tvalcaso` (`ID_CASO`,`NUM_ATRIBUTO`,`VALOR`) VALUES (1,25,'2000000');
INSERT INTO `alesi_tvalcaso` (`ID_CASO`,`NUM_ATRIBUTO`,`VALOR`) VALUES (1,26,'S');
INSERT INTO `alesi_tvalcaso` (`ID_CASO`,`NUM_ATRIBUTO`,`VALOR`) VALUES (1,27,'S');
INSERT INTO `alesi_tvalcaso` (`ID_CASO`,`NUM_ATRIBUTO`,`VALOR`) VALUES (1,28,'N');
INSERT INTO `alesi_tvalcaso` (`ID_CASO`,`NUM_ATRIBUTO`,`VALOR`) VALUES (1,29,'N');
INSERT INTO `alesi_tvalcaso` (`ID_CASO`,`NUM_ATRIBUTO`,`VALOR`) VALUES (1,30,'N');
INSERT INTO `alesi_tvalcaso` (`ID_CASO`,`NUM_ATRIBUTO`,`VALOR`) VALUES (1,31,'N');
INSERT INTO `alesi_tvalcaso` (`ID_CASO`,`NUM_ATRIBUTO`,`VALOR`) VALUES (1,32,'N');
INSERT INTO `alesi_tvalcaso` (`ID_CASO`,`NUM_ATRIBUTO`,`VALOR`) VALUES (1,33,'P');
INSERT INTO `alesi_tvalcaso` (`ID_CASO`,`NUM_ATRIBUTO`,`VALOR`) VALUES (1,34,'ME PEGARON');
INSERT INTO `alesi_tvalcaso` (`ID_CASO`,`NUM_ATRIBUTO`,`VALOR`) VALUES (1,35,'SIN ENTREVISTAS');
INSERT INTO `alesi_tvalcaso` (`ID_CASO`,`NUM_ATRIBUTO`,`VALOR`) VALUES (1,36,'LA FODA DE ALTAVISTA');
INSERT INTO `alesi_tvalcaso` (`ID_CASO`,`NUM_ATRIBUTO`,`VALOR`) VALUES (1,37,'ALTAVISTA NUMERO __');
INSERT INTO `alesi_tvalcaso` (`ID_CASO`,`NUM_ATRIBUTO`,`VALOR`) VALUES (1,38,'AQUI VALIO CHICHARO');
INSERT INTO `alesi_tvalcaso` (`ID_CASO`,`NUM_ATRIBUTO`,`VALOR`) VALUES (1,39,'SEPA');
INSERT INTO `alesi_tvalcaso` (`ID_CASO`,`NUM_ATRIBUTO`,`VALOR`) VALUES (1,40,'2019-11-05');
INSERT INTO `alesi_tvalcaso` (`ID_CASO`,`NUM_ATRIBUTO`,`VALOR`) VALUES (1,41,'SAGN9212');
INSERT INTO `alesi_tvalcaso` (`ID_CASO`,`NUM_ATRIBUTO`,`VALOR`) VALUES (1,42,'INNE');
INSERT INTO `alesi_tvalcaso` (`ID_CASO`,`NUM_ATRIBUTO`,`VALOR`) VALUES (1,43,'SEPA');
INSERT INTO `alesi_tvalcaso` (`ID_CASO`,`NUM_ATRIBUTO`,`VALOR`) VALUES (1,44,'SEPA DOS');
INSERT INTO `alesi_tvalcaso` (`ID_CASO`,`NUM_ATRIBUTO`,`VALOR`) VALUES (1,45,'11111111111');
INSERT INTO `alesi_tvalcaso` (`ID_CASO`,`NUM_ATRIBUTO`,`VALOR`) VALUES (1,46,'1');
INSERT INTO `alesi_tvalcaso` (`ID_CASO`,`NUM_ATRIBUTO`,`VALOR`) VALUES (1,47,'2019-11-05');
INSERT INTO `alesi_tvalcaso` (`ID_CASO`,`NUM_ATRIBUTO`,`VALOR`) VALUES (1,48,'LA TORTERIA');
INSERT INTO `alesi_tvalcaso` (`ID_CASO`,`NUM_ATRIBUTO`,`VALOR`) VALUES (1,49,'Parece que pese a existir una diferencia de 1 a├â┬▒o exacto entre la versi├â┬│n del Red Dead Redemption II para consolas y PC, Rockstar no ha tenido tiempo para ofrecer un juego perfecto, y es que los usuarios est├â┬ín reportando problemas con los mods.\r\n\r\nRead more https://elchapuzasinformatico.com/');
INSERT INTO `alesi_tvalcaso` (`ID_CASO`,`NUM_ATRIBUTO`,`VALOR`) VALUES (1,50,'SEPA 3');
INSERT INTO `alesi_tvalcaso` (`ID_CASO`,`NUM_ATRIBUTO`,`VALOR`) VALUES (1,51,'SEPA 4');
INSERT INTO `alesi_tvalcaso` (`ID_CASO`,`NUM_ATRIBUTO`,`VALOR`) VALUES (1,52,'LOS CHISMOSOS DE LA CUADRA');
INSERT INTO `alesi_tvalcaso` (`ID_CASO`,`NUM_ATRIBUTO`,`VALOR`) VALUES (1,53,'ALGUIEN');
INSERT INTO `alesi_tvalcaso` (`ID_CASO`,`NUM_ATRIBUTO`,`VALOR`) VALUES (1,54,'SEPA 5');
INSERT INTO `alesi_tvalcaso` (`ID_CASO`,`NUM_ATRIBUTO`,`VALOR`) VALUES (1,55,'Si a principios de 2020 ya esper├â┬íbamos los Intel Comet Lake-S de 10 n├â┬║cleos y 20 hilos @ 14nm para el mercado de sobremesa, parece que tendremos que ir apuntando la llegada de una nueva generaci├â┬│n de CPUs AMD Ryzen para eclipsar a la nueva.\r\n\r\nRead more https://elchapuzasinformatico.com/');
INSERT INTO `alesi_tvalcaso` (`ID_CASO`,`NUM_ATRIBUTO`,`VALOR`) VALUES (1,56,'1-211-7898');
INSERT INTO `alesi_tvalcaso` (`ID_CASO`,`NUM_ATRIBUTO`,`VALOR`) VALUES (1,57,'AMPLIA');
INSERT INTO `alesi_tvalcaso` (`ID_CASO`,`NUM_ATRIBUTO`,`VALOR`) VALUES (1,58,'2019-11-05');
INSERT INTO `alesi_tvalcaso` (`ID_CASO`,`NUM_ATRIBUTO`,`VALOR`) VALUES (1,59,'2019-11-05');
INSERT INTO `alesi_tvalcaso` (`ID_CASO`,`NUM_ATRIBUTO`,`VALOR`) VALUES (1,60,'Junto al Mi Note 10, Xiaomi anunci├â┬│ sus dos nuevos televisores, los Mi TV 5 y Mi TV 5 Pro, los cuales se dividen en tres tama├â┬▒os de 55, 65 y 75 pulgadas. En t├â┬®rminos de panel, la variante Pro ofrece una mayor calidad, adem├â┬ís de contar con una...\r\n\r\nRead more https://elchapuzasinformatico.com/');
INSERT INTO `alesi_tvalcaso` (`ID_CASO`,`NUM_ATRIBUTO`,`VALOR`) VALUES (1,61,'S');
INSERT INTO `alesi_tvalcaso` (`ID_CASO`,`NUM_ATRIBUTO`,`VALOR`) VALUES (1,62,'IXTAPALAPA');
INSERT INTO `alesi_tvalcaso` (`ID_CASO`,`NUM_ATRIBUTO`,`VALOR`) VALUES (1,63,'1293/1231:DASD');
INSERT INTO `alesi_tvalcaso` (`ID_CASO`,`NUM_ATRIBUTO`,`VALOR`) VALUES (1,64,'2019-11-05');
INSERT INTO `alesi_tvalcaso` (`ID_CASO`,`NUM_ATRIBUTO`,`VALOR`) VALUES (1,65,'06:50PM');
INSERT INTO `alesi_tvalcaso` (`ID_CASO`,`NUM_ATRIBUTO`,`VALOR`) VALUES (1,66,'S');
INSERT INTO `alesi_tvalcaso` (`ID_CASO`,`NUM_ATRIBUTO`,`VALOR`) VALUES (1,67,'SEPA');
INSERT INTO `alesi_tvalcaso` (`ID_CASO`,`NUM_ATRIBUTO`,`VALOR`) VALUES (1,68,'El director financiero de Intel, George Davis, en una entrevista con Barron, un peri├â┬│dico semanal estadounidense centrado en la informaci├â┬│n financiera del pa├â┬¡s, coment├â┬│ la salud financiera de la empresa, y algunas de las razones que subyacen a...\r\n\r\nRead more https://elchapuzasinformatico.com/');
INSERT INTO `alesi_tvalcaso` (`ID_CASO`,`NUM_ATRIBUTO`,`VALOR`) VALUES (1,69,'S');
INSERT INTO `alesi_tvalcaso` (`ID_CASO`,`NUM_ATRIBUTO`,`VALOR`) VALUES (1,70,'S');
INSERT INTO `alesi_tvalcaso` (`ID_CASO`,`NUM_ATRIBUTO`,`VALOR`) VALUES (1,71,'S');
INSERT INTO `alesi_tvalcaso` (`ID_CASO`,`NUM_ATRIBUTO`,`VALOR`) VALUES (1,72,'S');
INSERT INTO `alesi_tvalcaso` (`ID_CASO`,`NUM_ATRIBUTO`,`VALOR`) VALUES (1,73,'S');
INSERT INTO `alesi_tvalcaso` (`ID_CASO`,`NUM_ATRIBUTO`,`VALOR`) VALUES (1,74,'S');
INSERT INTO `alesi_tvalcaso` (`ID_CASO`,`NUM_ATRIBUTO`,`VALOR`) VALUES (2,1,'Gustavo Pineda González.');
INSERT INTO `alesi_tvalcaso` (`ID_CASO`,`NUM_ATRIBUTO`,`VALOR`) VALUES (2,2,'Analista de Valuación y Dictamen.');
INSERT INTO `alesi_tvalcaso` (`ID_CASO`,`NUM_ATRIBUTO`,`VALOR`) VALUES (2,3,'1-211-2019-M-123');
INSERT INTO `alesi_tvalcaso` (`ID_CASO`,`NUM_ATRIBUTO`,`VALOR`) VALUES (2,4,'2019-01-05');
INSERT INTO `alesi_tvalcaso` (`ID_CASO`,`NUM_ATRIBUTO`,`VALOR`) VALUES (2,5,'2019-01-06');
INSERT INTO `alesi_tvalcaso` (`ID_CASO`,`NUM_ATRIBUTO`,`VALOR`) VALUES (2,6,'1902977');
INSERT INTO `alesi_tvalcaso` (`ID_CASO`,`NUM_ATRIBUTO`,`VALOR`) VALUES (2,7,NULL);
INSERT INTO `alesi_tvalcaso` (`ID_CASO`,`NUM_ATRIBUTO`,`VALOR`) VALUES (2,8,'2019-01-03');
INSERT INTO `alesi_tvalcaso` (`ID_CASO`,`NUM_ATRIBUTO`,`VALOR`) VALUES (2,9,'2020-01-03');
INSERT INTO `alesi_tvalcaso` (`ID_CASO`,`NUM_ATRIBUTO`,`VALOR`) VALUES (2,10,'A');
INSERT INTO `alesi_tvalcaso` (`ID_CASO`,`NUM_ATRIBUTO`,`VALOR`) VALUES (2,11,'Lucia Duran González');
INSERT INTO `alesi_tvalcaso` (`ID_CASO`,`NUM_ATRIBUTO`,`VALOR`) VALUES (2,12,'');
INSERT INTO `alesi_tvalcaso` (`ID_CASO`,`NUM_ATRIBUTO`,`VALOR`) VALUES (2,13,'N');
INSERT INTO `alesi_tvalcaso` (`ID_CASO`,`NUM_ATRIBUTO`,`VALOR`) VALUES (2,14,'S');
INSERT INTO `alesi_tvalcaso` (`ID_CASO`,`NUM_ATRIBUTO`,`VALOR`) VALUES (2,15,'S');
INSERT INTO `alesi_tvalcaso` (`ID_CASO`,`NUM_ATRIBUTO`,`VALOR`) VALUES (2,16,'N');
INSERT INTO `alesi_tvalcaso` (`ID_CASO`,`NUM_ATRIBUTO`,`VALOR`) VALUES (2,17,'0004');
INSERT INTO `alesi_tvalcaso` (`ID_CASO`,`NUM_ATRIBUTO`,`VALOR`) VALUES (2,18,'00040010');
INSERT INTO `alesi_tvalcaso` (`ID_CASO`,`NUM_ATRIBUTO`,`VALOR`) VALUES (2,19,'2014');
INSERT INTO `alesi_tvalcaso` (`ID_CASO`,`NUM_ATRIBUTO`,`VALOR`) VALUES (2,20,'1');
INSERT INTO `alesi_tvalcaso` (`ID_CASO`,`NUM_ATRIBUTO`,`VALOR`) VALUES (2,21,'JTFSX23P6148447');
INSERT INTO `alesi_tvalcaso` (`ID_CASO`,`NUM_ATRIBUTO`,`VALOR`) VALUES (2,22,NULL);
INSERT INTO `alesi_tvalcaso` (`ID_CASO`,`NUM_ATRIBUTO`,`VALOR`) VALUES (2,23,'F39 AYF');
INSERT INTO `alesi_tvalcaso` (`ID_CASO`,`NUM_ATRIBUTO`,`VALOR`) VALUES (2,24,'S');
INSERT INTO `alesi_tvalcaso` (`ID_CASO`,`NUM_ATRIBUTO`,`VALOR`) VALUES (2,25,'S');
INSERT INTO `alesi_tvalcaso` (`ID_CASO`,`NUM_ATRIBUTO`,`VALOR`) VALUES (2,26,'S');
INSERT INTO `alesi_tvalcaso` (`ID_CASO`,`NUM_ATRIBUTO`,`VALOR`) VALUES (2,27,'N');
INSERT INTO `alesi_tvalcaso` (`ID_CASO`,`NUM_ATRIBUTO`,`VALOR`) VALUES (2,28,'S');
INSERT INTO `alesi_tvalcaso` (`ID_CASO`,`NUM_ATRIBUTO`,`VALOR`) VALUES (2,29,'N');
INSERT INTO `alesi_tvalcaso` (`ID_CASO`,`NUM_ATRIBUTO`,`VALOR`) VALUES (2,30,'N');
INSERT INTO `alesi_tvalcaso` (`ID_CASO`,`NUM_ATRIBUTO`,`VALOR`) VALUES (2,31,'N');
INSERT INTO `alesi_tvalcaso` (`ID_CASO`,`NUM_ATRIBUTO`,`VALOR`) VALUES (2,32,NULL);
INSERT INTO `alesi_tvalcaso` (`ID_CASO`,`NUM_ATRIBUTO`,`VALOR`) VALUES (2,33,'R');
INSERT INTO `alesi_tvalcaso` (`ID_CASO`,`NUM_ATRIBUTO`,`VALOR`) VALUES (2,34,'El Ing Christian recoge camioneta en tula hdgo el dia jueves 3 para probable trabajo y verificacion vehicular el dia sabado 05/01 me llama por la tarde informandome que ya no se encontraba camioneta donde la habia dejado estacionada ');
INSERT INTO `alesi_tvalcaso` (`ID_CASO`,`NUM_ATRIBUTO`,`VALOR`) VALUES (2,35,'Es importante mencionar que derivado de la condición del presente siniestro, se opta llevar una investigación de manera cronológica, supeditada a que se cumplan los tiempos de cada una de las fases de la presente investigación, agotando cada fase  con los tiempos establecidos en el plan de trabajo.\n\n1.- Con fecha 10 de enero del presente año, se hace un análisis detallado del expediente, con la finalidad de obtener datos que nos permitan determinar el procedimiento a seguir en la presente investigación.\n\n2.- Con fecha 15 de enero del presente año, se acude al lugar señalado en la declaración de siniestro, apoyando la búsqueda de datos de prueba para acreditar la preexistencia del vehículo asegurado, conforme a lo narrado por la C. Lucia Duran Gonzalez al momento de reportar el siniestro.  Es importante señalar que el ultimo conductor del vehículo fue el C. Christian Martin Mercado López.\n\n3.- Con fecha 14 de Enero del año en curso, se sostuvo entrevista en las instalaciones de SURA con la C. Lucia Duran González, únicamente argumentando que el C. Christian Martin Mercado Lopez,  se encontraba realizando trabajos propios de su empresa Ciudad Juárez, por tal motivo no podía asistir a la cita en cuanto el regresara podríamos tener una entrevista con el C. Christian Martin Mercado López , que lo único que ella sabía era lo que había declarado cuando reporto el siniestro, al tiempo que pudimos notar no contaba de momento con la documentación en orden de su vehículo robado y su carpeta de investigación aun estaba incompleta recomendándole ordenar su documentación así como tener entrevista con su empleado.\n\n4.- En fecha 21 de enero del año en curso en las instalaciones de SURA nos entrevistamos con el C. Christian Martín Mercado López, quien refiere que el día jueves 03 de enero del año en curso acude a la Ciudad de Tula Hidalgo por la camioneta de referencia a efecto de trasladarla a la Ciudad de México, ya que tenía pendiente un trabajo y verificación vehicular de la misma, así mismo refiere ser él quien lleva a cabo los tramites de diversos vehículos que tiene la C. Lucia Duran Gonzalez. Nos da referencia que dejo estacionada la camioneta en el exterior de la oficina entre los números 312 y 315 de la mencionada calle y según su dicho la camioneta ahí se queda estacionada, y es hasta el sábado 05 que se percata ya no está en el lugar donde la dejo, a preguntas expresas de ¿Si había movido o prestado la camioneta? R.  Refiere nunca la mueve de lugar, ¿Dónde verificaría la unidad asegurada? R.  Refiere la llevaría a la Avenida Central en el Estado de México.\n\nEs importante precisar que el sujeto en todo momento se torna nervioso y evasivo a cuestionamientos dejando claro miente en su dicho.\n\n5.- En fecha 08 de febrero del año en curso, se tuvo entrevista en las instalaciones de SURA, con la C. Lucia Duran, quien a la fecha no ha podido acreditar la preexistencia del vehículo, toda vez que como se desprende de las diligencias documentales y de campo el vehículo tuvo que haber sido verificada en segundo periodo de verificación vehicular correspondiente al año 2018. Por tanto, se comprometió a conseguir la documentación que acredite su dicho.\n');
INSERT INTO `alesi_tvalcaso` (`ID_CASO`,`NUM_ATRIBUTO`,`VALOR`) VALUES (2,36,'S');
INSERT INTO `alesi_tvalcaso` (`ID_CASO`,`NUM_ATRIBUTO`,`VALOR`) VALUES (2,37,'Calle Oriente 178 entre los numeros 312 y 315Colonia  Alcaldia Venustiano Carranza');
INSERT INTO `alesi_tvalcaso` (`ID_CASO`,`NUM_ATRIBUTO`,`VALOR`) VALUES (2,38,'Se observa en lugar del robo una Colonia que en su mayoría existen casas habitación, en la esquina norte junto al número 312 se estableció una Tienda de Abarrotes. En la esquina sur, se encuentra instalado un Taller de Hojalatería, ya que hacen trabajos en la calle.\nAl preguntar a los vecinos si sabian del robo nos argumentan no tener conocimiento de los hechos que se investigan. Sin embargo, nos dan referencias del C. Christian Martin Mercado López, como una persona bastante conflictiva por estorbar con los vehículos que lleva y estacionarse frente a las entradas de las casas. Así mismo se nos refiere que la unidad asegurada en ningún momento estuvo estacionada días antes de que fuera robada.\n');
INSERT INTO `alesi_tvalcaso` (`ID_CASO`,`NUM_ATRIBUTO`,`VALOR`) VALUES (2,39,'Factura');
INSERT INTO `alesi_tvalcaso` (`ID_CASO`,`NUM_ATRIBUTO`,`VALOR`) VALUES (2,40,'2018-06-27');
INSERT INTO `alesi_tvalcaso` (`ID_CASO`,`NUM_ATRIBUTO`,`VALOR`) VALUES (2,41,'Pick Uplandia S.A de C.V');
INSERT INTO `alesi_tvalcaso` (`ID_CASO`,`NUM_ATRIBUTO`,`VALOR`) VALUES (2,42,'S');
INSERT INTO `alesi_tvalcaso` (`ID_CASO`,`NUM_ATRIBUTO`,`VALOR`) VALUES (2,43,NULL);
INSERT INTO `alesi_tvalcaso` (`ID_CASO`,`NUM_ATRIBUTO`,`VALOR`) VALUES (2,44,NULL);
INSERT INTO `alesi_tvalcaso` (`ID_CASO`,`NUM_ATRIBUTO`,`VALOR`) VALUES (2,45,NULL);
INSERT INTO `alesi_tvalcaso` (`ID_CASO`,`NUM_ATRIBUTO`,`VALOR`) VALUES (2,46,'3');
INSERT INTO `alesi_tvalcaso` (`ID_CASO`,`NUM_ATRIBUTO`,`VALOR`) VALUES (2,47,NULL);
INSERT INTO `alesi_tvalcaso` (`ID_CASO`,`NUM_ATRIBUTO`,`VALOR`) VALUES (2,48,NULL);
INSERT INTO `alesi_tvalcaso` (`ID_CASO`,`NUM_ATRIBUTO`,`VALOR`) VALUES (2,49,'No se realiza, cotejo alguno, derivado a que conforme se realizaba la verificación se presentaban diversas anomalías que le fueron notificadas a la C. Lucia Duran González, por lo anterior y al no subsanar dichas anomalías aunado a que se logró hacer la recuperación del vehículo asegurado, no fue posible verificar la autenticidad de dicha documental.');
INSERT INTO `alesi_tvalcaso` (`ID_CASO`,`NUM_ATRIBUTO`,`VALOR`) VALUES (2,50,'S');
INSERT INTO `alesi_tvalcaso` (`ID_CASO`,`NUM_ATRIBUTO`,`VALOR`) VALUES (2,51,'Oriente 138, estacionada frente a los números 312 y 315, Col. Moctezuma 2ª Secc. Alcaldía Venustiano Carranza, Ciudad de México.');
INSERT INTO `alesi_tvalcaso` (`ID_CASO`,`NUM_ATRIBUTO`,`VALOR`) VALUES (2,52,'N');
INSERT INTO `alesi_tvalcaso` (`ID_CASO`,`NUM_ATRIBUTO`,`VALOR`) VALUES (2,53,NULL);
INSERT INTO `alesi_tvalcaso` (`ID_CASO`,`NUM_ATRIBUTO`,`VALOR`) VALUES (2,54,NULL);
INSERT INTO `alesi_tvalcaso` (`ID_CASO`,`NUM_ATRIBUTO`,`VALOR`) VALUES (2,55,'A pesar de solicitar en diversas ocasiones a la C. Lucia Duran González, se nos presentara documentales para acreditar la preexistencia del vehículo, esto no fue posible ya que los documentos que nos presentaba para tratar de acreditar la preexistencia de la unidad asegurada, apuntalaban una línea más de investigación. Es importante mencionar que los vecinos del lugar donde supuestamente ocurre el robo, en ningún momento vieron la unidad asegurada estacionada. Externan sus quejas, ya que el C. Christian Martín Mercado López estaciona diversos vehículos en las entradas a los domicilios contiguos, sin embargo, aseguran no recordar una camioneta estacionada por varios días, con las características del bien asegurado.');
INSERT INTO `alesi_tvalcaso` (`ID_CASO`,`NUM_ATRIBUTO`,`VALOR`) VALUES (2,56,'N');
INSERT INTO `alesi_tvalcaso` (`ID_CASO`,`NUM_ATRIBUTO`,`VALOR`) VALUES (2,57,'N/A');
INSERT INTO `alesi_tvalcaso` (`ID_CASO`,`NUM_ATRIBUTO`,`VALOR`) VALUES (2,58,NULL);
INSERT INTO `alesi_tvalcaso` (`ID_CASO`,`NUM_ATRIBUTO`,`VALOR`) VALUES (2,59,NULL);
INSERT INTO `alesi_tvalcaso` (`ID_CASO`,`NUM_ATRIBUTO`,`VALOR`) VALUES (2,60,'Se nos hace saber por parte de la C. Lucia Duran González, que no se encontraba asegurada anteriormente por ser un vehículo de reciente adquisición');
INSERT INTO `alesi_tvalcaso` (`ID_CASO`,`NUM_ATRIBUTO`,`VALOR`) VALUES (2,61,'S');
INSERT INTO `alesi_tvalcaso` (`ID_CASO`,`NUM_ATRIBUTO`,`VALOR`) VALUES (2,62,'3');
INSERT INTO `alesi_tvalcaso` (`ID_CASO`,`NUM_ATRIBUTO`,`VALOR`) VALUES (2,63,'CI-FVC/VC-2/UI-1 S/D/00005/01-2019');
INSERT INTO `alesi_tvalcaso` (`ID_CASO`,`NUM_ATRIBUTO`,`VALOR`) VALUES (2,64,'2019-01-05');
INSERT INTO `alesi_tvalcaso` (`ID_CASO`,`NUM_ATRIBUTO`,`VALOR`) VALUES (2,65,'23:10');
INSERT INTO `alesi_tvalcaso` (`ID_CASO`,`NUM_ATRIBUTO`,`VALOR`) VALUES (2,66,'S');
INSERT INTO `alesi_tvalcaso` (`ID_CASO`,`NUM_ATRIBUTO`,`VALOR`) VALUES (2,67,NULL);
INSERT INTO `alesi_tvalcaso` (`ID_CASO`,`NUM_ATRIBUTO`,`VALOR`) VALUES (2,68,'Se encuentra debidamente registrada la Carpeta de Investigación en las diversas plataformas de Seguridad Publica.');
INSERT INTO `alesi_tvalcaso` (`ID_CASO`,`NUM_ATRIBUTO`,`VALOR`) VALUES (2,69,'S');
INSERT INTO `alesi_tvalcaso` (`ID_CASO`,`NUM_ATRIBUTO`,`VALOR`) VALUES (2,70,'S');
INSERT INTO `alesi_tvalcaso` (`ID_CASO`,`NUM_ATRIBUTO`,`VALOR`) VALUES (2,71,'S');
INSERT INTO `alesi_tvalcaso` (`ID_CASO`,`NUM_ATRIBUTO`,`VALOR`) VALUES (2,72,'S');
INSERT INTO `alesi_tvalcaso` (`ID_CASO`,`NUM_ATRIBUTO`,`VALOR`) VALUES (2,73,'S');
INSERT INTO `alesi_tvalcaso` (`ID_CASO`,`NUM_ATRIBUTO`,`VALOR`) VALUES (2,74,'S');
INSERT INTO `alesi_tvalcaso` (`ID_CASO`,`NUM_ATRIBUTO`,`VALOR`) VALUES (2,75,'R');
INSERT INTO `alesi_tvalcaso` (`ID_CASO`,`NUM_ATRIBUTO`,`VALOR`) VALUES (2,76,'Con fecha 10 de enero del presente año, se turna a esta firma la investigación de referencia por la posibilidad de encontrarnos ante una falsedad en la declaración y un posible robo preexistente al inicio de vigencia.\n\nEn la misma fecha nos damos a la tarea inmediata de comenzar con la presente investigación, inicialmente con la solicitud de los audios de cabina y realizando las gestiones propias para enriquecer la presente investigación.\n\nUn segundo elemento que se considera para declinar el presente siniestro se basa en las diversas documentales para acreditar la preexistencia del vehículo, apuntalaban una línea más de investigación y que arrojaba como resultado el robo previo al inicio de vigencia. Es importante mencionar que los vecinos del lugar donde supuestamente ocurre el robo, en ningún momento vieron la unidad asegurada estacionada por varios días.\n\nUn tercer elemento que apuntala la información del presente informe consiste en la entrevista con los CC Christian Martín Mercado López y Lucia Duran González,, encontrado discrepancias conforme a los datos de prueba recolectados en el lugar del siniestro, y a los manifestados en las entrevistas por parte del C. Christian Martín Mercado López. Adicionalmente la información proporcionada la consideramos falaz, ya que se encontraba alejada de toda lógica y de la mecánica real del siniestro. \n\nAnte la situación anterior y derivado de que se le hace saber a la C. Lucia Duran González,, la falsedad de la declaración inicial por parte del C. Christian Martín Mercado López, manifiesta que no es su deseo intervenir en ningún procedimiento legal, por lo que firma el desistimiento correspondiente.\n\nPor lo anterior, bajo el orden de argumentos y datos de prueba señalados, una vez que dicha información se contrasta con entrevistas, resulta improcedente el siniestro, toda vez que se puede comprobar de manera indubitable que la mecánica de hechos narrada al ajustador, no corresponde. Existiendo dolo en la declaración inicial al ajustador, simulando los hechos, encontrando para ello diversos datos de prueba e indicios que fueron susceptibles de investigación.\n\nSin más por el momento reciba un afectuoso saludo, no sin antes reiterarle que quedo a sus órdenes para cualquier aclaración al respecto.\n');




COMMIT;




