SET @OLD_UNIQUE_CHECKS=@@UNIQUE_CHECKS, UNIQUE_CHECKS=0;
SET @OLD_FOREIGN_KEY_CHECKS=@@FOREIGN_KEY_CHECKS, FOREIGN_KEY_CHECKS=0;
SET @OLD_SQL_MODE=@@SQL_MODE, SQL_MODE='ONLY_FULL_GROUP_BY,STRICT_TRANS_TABLES,NO_ZERO_IN_DATE,NO_ZERO_DATE,ERROR_FOR_DIVISION_BY_ZERO,NO_ENGINE_SUBSTITUTION';

-- -----------------------------------------------------
-- SCHEMA alesiorg_ALESI_BD
-- -----------------------------------------------------
-- DROP SCHEMA IF EXISTS `alesiorg_ALESI_BD` ;

-- -----------------------------------------------------
-- SCHEMA alesiorg_ALESI_BD
-- -----------------------------------------------------
-- CREATE SCHEMA IF NOT EXISTS `alesiorg_ALESI_BD` DEFAULT CHARACTER SET UTF8 ;
-- USE `alesiorg_ALESI_BD` ;

-- -----------------------------------------------------
-- TABLE `alesiorg_ALESI_BD`.`ALESI_TUSUARIOS`
-- -----------------------------------------------------
DROP TABLE IF EXISTS `ALESI_TUSUARIOS` ;

CREATE TABLE IF NOT EXISTS `ALESI_TUSUARIOS` (
  `USUARIO` VARCHAR(45) NOT NULL,
  `ID_PERSONA` INT NOT NULL,
  `PASS` VARCHAR(45) NOT NULL,
  `ROL` VARCHAR(45) NOT NULL,
  `STATUS` VARCHAR(45) NOT NULL,
  `F_ALTA` DATE NOT NULL,
  `F_ULTIMA_CONEXION` DATE NULL,
  PRIMARY KEY (`USUARIO`))
ENGINE = INNODB;


-- -----------------------------------------------------
-- TABLE `alesiorg_ALESI_BD`.`ALESI_TPERSONAS`
-- -----------------------------------------------------
DROP TABLE IF EXISTS `alesiorg_ALESI_BD`.`ALESI_TPERSONAS` ;

CREATE TABLE IF NOT EXISTS `alesiorg_ALESI_BD`.`ALESI_TPERSONAS` (
  `ID_PERSONA` INT NOT NULL AUTO_INCREMENT,
  `NOMBRE` VARCHAR(150) NOT NULL,
  `EDAD` INT NULL,
  `SEXO` VARCHAR(1) NULL,
  `TELEFONO` VARCHAR(20) NULL,
  `EMAIL` VARCHAR(45) NULL,
  `ID_EMPRESA` VARCHAR(45) NULL,
  `CARGO` VARCHAR(90) NULL,
  `OTROS` VARCHAR(45) NULL,
  `ESTADO` INT NULL,
  PRIMARY KEY (`ID_PERSONA`))
ENGINE = INNODB;


-- -----------------------------------------------------
-- TABLE `alesiorg_ALESI_BD`.`ALESI_TCASO`
-- -----------------------------------------------------
DROP TABLE IF EXISTS `alesiorg_ALESI_BD`.`ALESI_TCASO` ;

CREATE TABLE IF NOT EXISTS `alesiorg_ALESI_BD`.`ALESI_TCASO` (
  `ID_CASO` INT NOT NULL AUTO_INCREMENT,
  `ID_EMPRESA` VARCHAR(45) NOT NULL,
  `TIPO_CASO` VARCHAR(45) NOT NULL,
  `F_ALTA` DATE NOT NULL,
  `F_ESTATUS` DATE NOT NULL,
  `F_CIERRE` DATE NOT NULL,
  `STATUS` VARCHAR(45) NOT NULL,
  `ID_USUARIO_ALTA` VARCHAR(45) NOT NULL,
  `ID_USUARIO_ASIGNADO` VARCHAR(45) NOT NULL,
  `ID_USUARIO_ULTIMA_ACT` VARCHAR(45) NOT NULL,
  PRIMARY KEY (`ID_CASO`))
ENGINE = INNODB;




-- -----------------------------------------------------
-- TABLE `alesiorg_ALESI_BD`.`ALESI_TATRICASO`
-- -----------------------------------------------------
DROP TABLE IF EXISTS `alesiorg_ALESI_BD`.`ALESI_TATRICASO` ;

CREATE TABLE IF NOT EXISTS `alesiorg_ALESI_BD`.`ALESI_TATRICASO` (
  `ID_EMPRESA` VARCHAR(45) NOT NULL,
  `TIPO_CASO` VARCHAR(45) NOT NULL,
  `BLOQUE` INT NOT NULL,
  `ORDEN` INT NOT NULL,
  `NUM_ATRIBUTO` INT NOT NULL,
  `ID_CAMPO` VARCHAR(150) NOT NULL,
  `ETIQUETA` VARCHAR(150) NOT NULL,
  `TIPO_DATO` VARCHAR(45) NOT NULL,
  `CATALOGO` VARCHAR(45) NULL,
  `DEFAULT` VARCHAR(45) NULL,
  `LONGITUD_MIN` VARCHAR(45) NULL,
  `LONGITUD_MAX` VARCHAR(45) NULL,
  `EDITABLE` VARCHAR(45) NULL,
  PRIMARY KEY (`ID_EMPRESA`, `TIPO_CASO`,`NUM_ATRIBUTO`))
ENGINE = INNODB;



-- -----------------------------------------------------
-- TABLE `alesiorg_ALESI_BD`.`ALESI_TABLAS`
-- -----------------------------------------------------
DROP TABLE IF EXISTS `alesiorg_ALESI_BD`.`ALESI_TABLAS` ;

CREATE TABLE IF NOT EXISTS `alesiorg_ALESI_BD`.`ALESI_TABLAS` (
  `ID_TABLA` INT NOT NULL  AUTO_INCREMENT,
  `COD_TABLA` VARCHAR(45) NOT NULL,
  `DESCIPCION` VARCHAR(150) NOT NULL,
  `ID_TABL_DEP` INT NULL,
  `EDITABLE` VARCHAR(45)  NULL,
  PRIMARY KEY (`ID_TABLA`))
ENGINE = INNODB;


-- -----------------------------------------------------
-- TABLE `alesiorg_ALESI_BD`.`ALESI_NTABLAS`
-- -----------------------------------------------------
DROP TABLE IF EXISTS `alesiorg_ALESI_BD`.`ALESI_NTABLAS` ;

CREATE TABLE IF NOT EXISTS `alesiorg_ALESI_BD`.`ALESI_NTABLAS` (
  `ID_TABLA` INT NOT NULL,
  `ID_CODIGO` VARCHAR(45) NOT NULL,
  `DESCIPCION` VARCHAR(150) NOT NULL,
  `CAMPO_A` VARCHAR(45) NULL,
  `CAMPO_B` VARCHAR(45) NULL,
  `CAMPO_C` VARCHAR(45) NULL,
  PRIMARY KEY (`ID_TABLA`, `ID_CODIGO`),
  CONSTRAINT `FK_NTQBLAS`
    FOREIGN KEY (`ID_TABLA`)
    REFERENCES `alesiorg_ALESI_BD`.`ALESI_TABLAS` (`ID_TABLA`)
    ON DELETE NO ACTION
    ON UPDATE NO ACTION)
ENGINE = INNODB;

/*
SET SQL_MODE = '';
DROP USER IF EXISTS alesiorg_ALESI_BD_USER;
SET SQL_MODE='ONLY_FULL_GROUP_BY,STRICT_TRANS_TABLES,NO_ZERO_IN_DATE,NO_ZERO_DATE,ERROR_FOR_DIVISION_BY_ZERO,NO_ENGINE_SUBSTITUTION';
CREATE USER 'alesiorg_ALESI_BD_USER' IDENTIFIED BY 'EGWZXNGWPDG';

-- USUARIO PARA CONEXION EXTERNALLY
--
-- BD   alesiorg_ALESI_BD
-- USR  alesiorg_ALESI_BD_USER
-- PASS EGWZXNGWPDG
--

GRANT ALL ON `alesiorg_ALESI_BD`.* TO 'alesiorg_ALESI_BD_USER';
GRANT SELECT, INSERT, TRIGGER ON TABLE `alesiorg_ALESI_BD`.* TO 'alesiorg_ALESI_BD_USER';
*/

SET SQL_MODE=@OLD_SQL_MODE;
SET FOREIGN_KEY_CHECKS=@OLD_FOREIGN_KEY_CHECKS;
SET UNIQUE_CHECKS=@OLD_UNIQUE_CHECKS;


-- -----------------------------------------------------
-- TABLE `alesiorg_ALESI_BD`.`ALESI_TVALCASO`
-- -----------------------------------------------------
DROP TABLE IF EXISTS `alesiorg_ALESI_BD`.`ALESI_TVALCASO` ;

CREATE TABLE IF NOT EXISTS `alesiorg_ALESI_BD`.`ALESI_TVALCASO` (
  `ID_CASO` INT NOT NULL,
  `NUM_ATRIBUTO` INT NOT NULL,
  `VALOR` VARCHAR(20000) NULL,
  PRIMARY KEY (`ID_CASO`,`NUM_ATRIBUTO`),
  CONSTRAINT `FK_2`
    FOREIGN KEY (`ID_CASO`)
    REFERENCES `alesiorg_ALESI_BD`.`ALESI_TCASO` (`ID_CASO`)
    ON DELETE NO ACTION
    ON UPDATE NO ACTION)
ENGINE = INNODB;




-- -----------------------------------------------------
-- TABLE `alesiorg_ALESI_BD`.`ALESI_TVALCASO_2`
-- -----------------------------------------------------
/*DROP TABLE IF EXISTS `alesiorg_ALESI_BD`.`ALESI_TVALCASO_2` ;

CREATE TABLE IF NOT EXISTS `alesiorg_ALESI_BD`.`ALESI_TVALCASO_2` (
  `VALOR1` VARCHAR(20000) NULL,
  `VALOR2` VARCHAR(20000) NULL,
  `VALOR3` VARCHAR(20000) NULL,
  `VALOR4` VARCHAR(20000) NULL,
  `VALOR5` VARCHAR(20000) NULL,
  `VALOR6` VARCHAR(20000) NULL,
  `VALOR7` VARCHAR(20000) NULL,
  `VALOR8` VARCHAR(20000) NULL,
  `VALOR9` VARCHAR(20000) NULL,
  `VALOR10` VARCHAR(20000) NULL,
  `VALOR11` VARCHAR(20000) NULL,
  `VALOR12` VARCHAR(20000) NULL,
  `VALOR13` VARCHAR(20000) NULL,
  `VALOR14` VARCHAR(20000) NULL,
  `VALOR15` VARCHAR(20000) NULL,
  `VALOR16` VARCHAR(20000) NULL,
  `VALOR17` VARCHAR(20000) NULL,
  `VALOR18` VARCHAR(20000) NULL,
  `VALOR19` VARCHAR(20000) NULL,
  `VALOR20` VARCHAR(20000) NULL,
  `VALOR21` VARCHAR(20000) NULL,
  `VALOR22` VARCHAR(20000) NULL,
  `VALOR23` VARCHAR(20000) NULL,
  `VALOR24` VARCHAR(20000) NULL,
  `VALOR25` VARCHAR(20000) NULL,
  `VALOR26` VARCHAR(20000) NULL,
  `VALOR27` VARCHAR(20000) NULL,
  `VALOR28` VARCHAR(20000) NULL,
  `VALOR29` VARCHAR(20000) NULL,
  `VALOR30` VARCHAR(20000) NULL,
  `VALOR31` VARCHAR(20000) NULL,
  `VALOR32` VARCHAR(20000) NULL,
  `VALOR33` VARCHAR(20000) NULL,
  `VALOR34` VARCHAR(20000) NULL,
  `VALOR35` VARCHAR(20000) NULL,
  `VALOR36` VARCHAR(20000) NULL,
  `VALOR37` VARCHAR(20000) NULL,
  `VALOR38` VARCHAR(20000) NULL,
  `VALOR39` VARCHAR(20000) NULL,
  `VALOR40` VARCHAR(20000) NULL,
  `VALOR41` VARCHAR(20000) NULL,
  `VALOR42` VARCHAR(20000) NULL,
  `VALOR43` VARCHAR(20000) NULL,
  `VALOR44` VARCHAR(20000) NULL,
  `VALOR45` VARCHAR(20000) NULL,
  `VALOR46` VARCHAR(20000) NULL,
  `VALOR47` VARCHAR(20000) NULL,
  `VALOR48` VARCHAR(20000) NULL,
  `VALOR49` VARCHAR(20000) NULL,
  `VALOR50` VARCHAR(20000) NULL,
  `VALOR51` VARCHAR(20000) NULL,
  `VALOR52` VARCHAR(20000) NULL,
  `VALOR53` VARCHAR(20000) NULL,
  `VALOR54` VARCHAR(20000) NULL,
  `VALOR55` VARCHAR(20000) NULL,
  `VALOR56` VARCHAR(20000) NULL,
  `VALOR57` VARCHAR(20000) NULL,
  `VALOR58` VARCHAR(20000) NULL,
  `VALOR59` VARCHAR(20000) NULL,
  `VALOR60` VARCHAR(20000) NULL,
  `VALOR61` VARCHAR(20000) NULL,
  `VALOR62` VARCHAR(20000) NULL,
  `VALOR63` VARCHAR(20000) NULL,
  `VALOR64` VARCHAR(20000) NULL,
  `VALOR65` VARCHAR(20000) NULL,
  `VALOR66` VARCHAR(20000) NULL,
  `VALOR67` VARCHAR(20000) NULL,
  `VALOR68` VARCHAR(20000) NULL,
  `VALOR69` VARCHAR(20000) NULL,
  `VALOR70` VARCHAR(20000) NULL,
  `VALOR71` VARCHAR(20000) NULL,
  `VALOR72` VARCHAR(20000) NULL,
  `VALOR73` VARCHAR(20000) NULL,
  `VALOR74` VARCHAR(20000) NULL,
  `VALOR75` VARCHAR(20000) NULL,
  `VALOR76` VARCHAR(20000) NULL,
  `VALOR77` VARCHAR(20000) NULL,
  `VALOR78` VARCHAR(20000) NULL,
  `VALOR79` VARCHAR(20000) NULL,
  `VALOR80` VARCHAR(20000) NULL,
  `VALOR81` VARCHAR(20000) NULL,
  `VALOR82` VARCHAR(20000) NULL,
  `VALOR83` VARCHAR(20000) NULL,
  `VALOR84` VARCHAR(20000) NULL,
  `VALOR85` VARCHAR(20000) NULL,
  `VALOR86` VARCHAR(20000) NULL,
  `VALOR87` VARCHAR(20000) NULL,
  `VALOR88` VARCHAR(20000) NULL,
  `VALOR89` VARCHAR(20000) NULL,
  `VALOR90` VARCHAR(20000) NULL,
  `VALOR91` VARCHAR(20000) NULL,
  `VALOR92` VARCHAR(20000) NULL,
  `VALOR93` VARCHAR(20000) NULL,
  `VALOR94` VARCHAR(20000) NULL,
  
  `VALOR95` VARCHAR(20000) NULL,
  `VALOR96` VARCHAR(20000) NULL,
  `VALOR97` VARCHAR(20000) NULL,
  `VALOR98` VARCHAR(20000) NULL,
  `VALOR99` VARCHAR(20000) NULL,
  `VALOR100` VARCHAR(20000) NULL)
ENGINE = INNODB;
*/
--
INSERT INTO `ALESI_TABLAS` (`ID_TABLA`,`COD_TABLA`,`DESCIPCION`,`ID_TABL_DEP`,`EDITABLE`) VALUES (1,'CAT_EMPRESA','CATALOGO DE EMPRESAS',NULL,'S');
INSERT INTO `ALESI_TABLAS` (`ID_TABLA`,`COD_TABLA`,`DESCIPCION`,`ID_TABL_DEP`,`EDITABLE`) VALUES (2,'CAT_ROL','CATALOGO DE ROLES',NULL,'S');
INSERT INTO `ALESI_TABLAS` (`ID_TABLA`,`COD_TABLA`,`DESCIPCION`,`ID_TABL_DEP`,`EDITABLE`) VALUES (3,'CAT_TIP_CASO','CATALOGO DE TIPOS DE CASOS',NULL,'S');
INSERT INTO `ALESI_TABLAS` (`ID_TABLA`,`COD_TABLA`,`DESCIPCION`,`ID_TABL_DEP`,`EDITABLE`) VALUES (4,'CAT_COBERT','CATALOGO DE COBERTURAS',NULL,'S');
INSERT INTO `ALESI_TABLAS` (`ID_TABLA`,`COD_TABLA`,`DESCIPCION`,`ID_TABL_DEP`,`EDITABLE`) VALUES (5,'CAT_TIP_SINIEST','CATALOGO DE TIPO DE SINIESTROS',NULL,'S');
INSERT INTO `ALESI_TABLAS` (`ID_TABLA`,`COD_TABLA`,`DESCIPCION`,`ID_TABL_DEP`,`EDITABLE`) VALUES (6,'CAT_AUTO_MARCA','CATALOGO DE MARCAS DE AUTOS',NULL,'S');
INSERT INTO `ALESI_TABLAS` (`ID_TABLA`,`COD_TABLA`,`DESCIPCION`,`ID_TABL_DEP`,`EDITABLE`) VALUES (7,'CAT_AUTO_TIPO','CATALOGO DE SUBTIPO DE MARCAS DE AUTOS',6,'S');
INSERT INTO `ALESI_TABLAS` (`ID_TABLA`,`COD_TABLA`,`DESCIPCION`,`ID_TABL_DEP`,`EDITABLE`) VALUES (8,'CAT_COLOR','CATALOLO DE COLORES',NULL,'S');
INSERT INTO `ALESI_TABLAS` (`ID_TABLA`,`COD_TABLA`,`DESCIPCION`,`ID_TABL_DEP`,`EDITABLE`) VALUES (9,'CAT_REST_INV','CATALOGO DE RESULTADOS DE INVESTIGACION',NULL,'S');
INSERT INTO `ALESI_TABLAS` (`ID_TABLA`,`COD_TABLA`,`DESCIPCION`,`ID_TABL_DEP`,`EDITABLE`) VALUES (10,'CAT_TIP_CONTACT','CATALOGO DE TIPO DE CONTACTO',NULL,'S');
INSERT INTO `ALESI_TABLAS` (`ID_TABLA`,`COD_TABLA`,`DESCIPCION`,`ID_TABL_DEP`,`EDITABLE`) VALUES (11,'CAT_MUNICIPIO','CATALOGO DE MUNICIPIOS',NULL,'S');
INSERT INTO `ALESI_TABLAS` (`ID_TABLA`,`COD_TABLA`,`DESCIPCION`,`ID_TABL_DEP`,`EDITABLE`) VALUES (12,'CAT_CONCLUSION','CATALOGO DE CONCLUSIONES DE LOS CASOS',NULL,'S');
INSERT INTO `ALESI_TABLAS` (`ID_TABLA`,`COD_TABLA`,`DESCIPCION`,`ID_TABL_DEP`,`EDITABLE`) VALUES (13,'CAT_BLOQUES_S_AUTOS','CATALOGO DE BLOQUES PARA AUTOS DE SURA',NULL,'N');
INSERT INTO `ALESI_TABLAS` (`ID_TABLA`,`COD_TABLA`,`DESCIPCION`,`ID_TABL_DEP`,`EDITABLE`) VALUES (14,'CAT_TIP_DATOS','CATALOGO DE TIPO DE DATOS',NULL,'N');
INSERT INTO `ALESI_TABLAS` (`ID_TABLA`,`COD_TABLA`,`DESCIPCION`,`ID_TABL_DEP`,`EDITABLE`) VALUES (15,'CAT_SI_NO','CATALOGO SI NO ',NULL,'N');

--
INSERT INTO `ALESI_NTABLAS` (`ID_TABLA`,`ID_CODIGO`,`DESCIPCION`,`CAMPO_A`,`CAMPO_B`,`CAMPO_C`) VALUES (1,'SOPORTEALESI','EMPRESA QUE BRINDA SOPORTE PARA ALESI',NULL,NULL,NULL);
INSERT INTO `ALESI_NTABLAS` (`ID_TABLA`,`ID_CODIGO`,`DESCIPCION`,`CAMPO_A`,`CAMPO_B`,`CAMPO_C`) VALUES (1,'SURA','SURA SEGUROS MEXICO','ASG',NULL,NULL);
INSERT INTO `ALESI_NTABLAS` (`ID_TABLA`,`ID_CODIGO`,`DESCIPCION`,`CAMPO_A`,`CAMPO_B`,`CAMPO_C`) VALUES (1,'CARDIF','CARDIF MÉXICO SEGUROS GENERALES S.A. DE C.V','ASG',NULL,NULL);
INSERT INTO `ALESI_NTABLAS` (`ID_TABLA`,`ID_CODIGO`,`DESCIPCION`,`CAMPO_A`,`CAMPO_B`,`CAMPO_C`) VALUES (2,'DEV1','PERFIL DESARROLLADOR TIPO1',NULL,NULL,NULL);
INSERT INTO `ALESI_NTABLAS` (`ID_TABLA`,`ID_CODIGO`,`DESCIPCION`,`CAMPO_A`,`CAMPO_B`,`CAMPO_C`) VALUES (3,'SINIESTRO_AUTO_S','CASOS PARA SINIESTROS DE AUTOS -SURA','SURA',NULL,NULL);
INSERT INTO `ALESI_NTABLAS` (`ID_TABLA`,`ID_CODIGO`,`DESCIPCION`,`CAMPO_A`,`CAMPO_B`,`CAMPO_C`) VALUES (3,'SINIESTRO_TDC_C','CASOS PARA SINIESTROS DE TDC - CARDIF','CARDIF',NULL,NULL);
INSERT INTO `ALESI_NTABLAS` (`ID_TABLA`,`ID_CODIGO`,`DESCIPCION`,`CAMPO_A`,`CAMPO_B`,`CAMPO_C`) VALUES (4,'A','AMPLIA',NULL,NULL,NULL);
INSERT INTO `ALESI_NTABLAS` (`ID_TABLA`,`ID_CODIGO`,`DESCIPCION`,`CAMPO_A`,`CAMPO_B`,`CAMPO_C`) VALUES (4,'B','BASICA',NULL,NULL,NULL);
INSERT INTO `ALESI_NTABLAS` (`ID_TABLA`,`ID_CODIGO`,`DESCIPCION`,`CAMPO_A`,`CAMPO_B`,`CAMPO_C`) VALUES (4,'L','LIMIATADA',NULL,NULL,NULL);
INSERT INTO `ALESI_NTABLAS` (`ID_TABLA`,`ID_CODIGO`,`DESCIPCION`,`CAMPO_A`,`CAMPO_B`,`CAMPO_C`) VALUES (4,'N/A','N/A',NULL,NULL,NULL);
INSERT INTO `ALESI_NTABLAS` (`ID_TABLA`,`ID_CODIGO`,`DESCIPCION`,`CAMPO_A`,`CAMPO_B`,`CAMPO_C`) VALUES (4,'T','TOTAL',NULL,NULL,NULL);
INSERT INTO `ALESI_NTABLAS` (`ID_TABLA`,`ID_CODIGO`,`DESCIPCION`,`CAMPO_A`,`CAMPO_B`,`CAMPO_C`) VALUES (5,'1','ROBO CON VIOLENCIA',NULL,NULL,NULL);
INSERT INTO `ALESI_NTABLAS` (`ID_TABLA`,`ID_CODIGO`,`DESCIPCION`,`CAMPO_A`,`CAMPO_B`,`CAMPO_C`) VALUES (5,'2','ROBO SIN VIOLENCIA',NULL,NULL,NULL);
INSERT INTO `ALESI_NTABLAS` (`ID_TABLA`,`ID_CODIGO`,`DESCIPCION`,`CAMPO_A`,`CAMPO_B`,`CAMPO_C`) VALUES (5,'3','ROBONO EN DOMICILIO',NULL,NULL,NULL);
INSERT INTO `ALESI_NTABLAS` (`ID_TABLA`,`ID_CODIGO`,`DESCIPCION`,`CAMPO_A`,`CAMPO_B`,`CAMPO_C`) VALUES (5,'4','COLISIÔö£├┤N Y/O VUELCO',NULL,NULL,NULL);
INSERT INTO `ALESI_NTABLAS` (`ID_TABLA`,`ID_CODIGO`,`DESCIPCION`,`CAMPO_A`,`CAMPO_B`,`CAMPO_C`) VALUES (6,'0001','NISSAN',NULL,NULL,NULL);
INSERT INTO `ALESI_NTABLAS` (`ID_TABLA`,`ID_CODIGO`,`DESCIPCION`,`CAMPO_A`,`CAMPO_B`,`CAMPO_C`) VALUES (6,'0002','FORD',NULL,NULL,NULL);
INSERT INTO `ALESI_NTABLAS` (`ID_TABLA`,`ID_CODIGO`,`DESCIPCION`,`CAMPO_A`,`CAMPO_B`,`CAMPO_C`) VALUES (6,'0003','CHEVROLET',NULL,NULL,NULL);
INSERT INTO `ALESI_NTABLAS` (`ID_TABLA`,`ID_CODIGO`,`DESCIPCION`,`CAMPO_A`,`CAMPO_B`,`CAMPO_C`) VALUES (6,'0004','TOYOTA',NULL,NULL,NULL);
INSERT INTO `ALESI_NTABLAS` (`ID_TABLA`,`ID_CODIGO`,`DESCIPCION`,`CAMPO_A`,`CAMPO_B`,`CAMPO_C`) VALUES (7,'00010010','VERSA',NULL,NULL,NULL);
INSERT INTO `ALESI_NTABLAS` (`ID_TABLA`,`ID_CODIGO`,`DESCIPCION`,`CAMPO_A`,`CAMPO_B`,`CAMPO_C`) VALUES (7,'00010020','ALTIMA',NULL,NULL,NULL);
INSERT INTO `ALESI_NTABLAS` (`ID_TABLA`,`ID_CODIGO`,`DESCIPCION`,`CAMPO_A`,`CAMPO_B`,`CAMPO_C`) VALUES (7,'00010030','SENTRA',NULL,NULL,NULL);
INSERT INTO `ALESI_NTABLAS` (`ID_TABLA`,`ID_CODIGO`,`DESCIPCION`,`CAMPO_A`,`CAMPO_B`,`CAMPO_C`) VALUES (7,'00020010','FIESTA',NULL,NULL,NULL);
INSERT INTO `ALESI_NTABLAS` (`ID_TABLA`,`ID_CODIGO`,`DESCIPCION`,`CAMPO_A`,`CAMPO_B`,`CAMPO_C`) VALUES (7,'00020020','FUSION',NULL,NULL,NULL);
INSERT INTO `ALESI_NTABLAS` (`ID_TABLA`,`ID_CODIGO`,`DESCIPCION`,`CAMPO_A`,`CAMPO_B`,`CAMPO_C`) VALUES (7,'00020030','MUSTANG',NULL,NULL,NULL);
INSERT INTO `ALESI_NTABLAS` (`ID_TABLA`,`ID_CODIGO`,`DESCIPCION`,`CAMPO_A`,`CAMPO_B`,`CAMPO_C`) VALUES (7,'00040010','HIASE',NULL,NULL,NULL);
INSERT INTO `ALESI_NTABLAS` (`ID_TABLA`,`ID_CODIGO`,`DESCIPCION`,`CAMPO_A`,`CAMPO_B`,`CAMPO_C`) VALUES (8,'1','BLANCO',NULL,NULL,NULL);
INSERT INTO `ALESI_NTABLAS` (`ID_TABLA`,`ID_CODIGO`,`DESCIPCION`,`CAMPO_A`,`CAMPO_B`,`CAMPO_C`) VALUES (8,'2','NEGRO',NULL,NULL,NULL);
INSERT INTO `ALESI_NTABLAS` (`ID_TABLA`,`ID_CODIGO`,`DESCIPCION`,`CAMPO_A`,`CAMPO_B`,`CAMPO_C`) VALUES (8,'3','AZUL',NULL,NULL,NULL);
INSERT INTO `ALESI_NTABLAS` (`ID_TABLA`,`ID_CODIGO`,`DESCIPCION`,`CAMPO_A`,`CAMPO_B`,`CAMPO_C`) VALUES (8,'4','VERDE',NULL,NULL,NULL);
INSERT INTO `ALESI_NTABLAS` (`ID_TABLA`,`ID_CODIGO`,`DESCIPCION`,`CAMPO_A`,`CAMPO_B`,`CAMPO_C`) VALUES (8,'5','AMARILLO',NULL,NULL,NULL);
INSERT INTO `ALESI_NTABLAS` (`ID_TABLA`,`ID_CODIGO`,`DESCIPCION`,`CAMPO_A`,`CAMPO_B`,`CAMPO_C`) VALUES (8,'6','CAFE',NULL,NULL,NULL);
INSERT INTO `ALESI_NTABLAS` (`ID_TABLA`,`ID_CODIGO`,`DESCIPCION`,`CAMPO_A`,`CAMPO_B`,`CAMPO_C`) VALUES (8,'7','PLATEADO',NULL,NULL,NULL);
INSERT INTO `ALESI_NTABLAS` (`ID_TABLA`,`ID_CODIGO`,`DESCIPCION`,`CAMPO_A`,`CAMPO_B`,`CAMPO_C`) VALUES (9,'C','CONVENIO',NULL,NULL,NULL);
INSERT INTO `ALESI_NTABLAS` (`ID_TABLA`,`ID_CODIGO`,`DESCIPCION`,`CAMPO_A`,`CAMPO_B`,`CAMPO_C`) VALUES (9,'P','PROCEDENTE',NULL,NULL,NULL);
INSERT INTO `ALESI_NTABLAS` (`ID_TABLA`,`ID_CODIGO`,`DESCIPCION`,`CAMPO_A`,`CAMPO_B`,`CAMPO_C`) VALUES (9,'R','RECHAZO',NULL,NULL,NULL);
INSERT INTO `ALESI_NTABLAS` (`ID_TABLA`,`ID_CODIGO`,`DESCIPCION`,`CAMPO_A`,`CAMPO_B`,`CAMPO_C`) VALUES (10,'1','PERSONAL',NULL,NULL,NULL);
INSERT INTO `ALESI_NTABLAS` (`ID_TABLA`,`ID_CODIGO`,`DESCIPCION`,`CAMPO_A`,`CAMPO_B`,`CAMPO_C`) VALUES (10,'2','TELEFONICO',NULL,NULL,NULL);
INSERT INTO `ALESI_NTABLAS` (`ID_TABLA`,`ID_CODIGO`,`DESCIPCION`,`CAMPO_A`,`CAMPO_B`,`CAMPO_C`) VALUES (10,'3','OTRO MEDIO',NULL,NULL,NULL);
INSERT INTO `ALESI_NTABLAS` (`ID_TABLA`,`ID_CODIGO`,`DESCIPCION`,`CAMPO_A`,`CAMPO_B`,`CAMPO_C`) VALUES (11,'1','GUSTAVO MADERO',NULL,NULL,NULL);
INSERT INTO `ALESI_NTABLAS` (`ID_TABLA`,`ID_CODIGO`,`DESCIPCION`,`CAMPO_A`,`CAMPO_B`,`CAMPO_C`) VALUES (11,'2','MIGUEL HIDALGO',NULL,NULL,NULL);
INSERT INTO `ALESI_NTABLAS` (`ID_TABLA`,`ID_CODIGO`,`DESCIPCION`,`CAMPO_A`,`CAMPO_B`,`CAMPO_C`) VALUES (11,'3','VENUSTIANO CARRANZA',NULL,NULL,NULL);
INSERT INTO `ALESI_NTABLAS` (`ID_TABLA`,`ID_CODIGO`,`DESCIPCION`,`CAMPO_A`,`CAMPO_B`,`CAMPO_C`) VALUES (12,'C','CONVENIO',NULL,NULL,NULL);
INSERT INTO `ALESI_NTABLAS` (`ID_TABLA`,`ID_CODIGO`,`DESCIPCION`,`CAMPO_A`,`CAMPO_B`,`CAMPO_C`) VALUES (12,'P','PROCEDENTE',NULL,NULL,NULL);
INSERT INTO `ALESI_NTABLAS` (`ID_TABLA`,`ID_CODIGO`,`DESCIPCION`,`CAMPO_A`,`CAMPO_B`,`CAMPO_C`) VALUES (12,'R','RECHAZO',NULL,NULL,NULL);
INSERT INTO `ALESI_NTABLAS` (`ID_TABLA`,`ID_CODIGO`,`DESCIPCION`,`CAMPO_A`,`CAMPO_B`,`CAMPO_C`) VALUES (13,'1','DIRIGIDO A',NULL,NULL,NULL);
INSERT INTO `ALESI_NTABLAS` (`ID_TABLA`,`ID_CODIGO`,`DESCIPCION`,`CAMPO_A`,`CAMPO_B`,`CAMPO_C`) VALUES (13,'10','PREEXISTENCIA DEL VEHICULO',NULL,NULL,NULL);
INSERT INTO `ALESI_NTABLAS` (`ID_TABLA`,`ID_CODIGO`,`DESCIPCION`,`CAMPO_A`,`CAMPO_B`,`CAMPO_C`) VALUES (13,'11','VERIFICACION DE POLIZAS',NULL,NULL,NULL);
INSERT INTO `ALESI_NTABLAS` (`ID_TABLA`,`ID_CODIGO`,`DESCIPCION`,`CAMPO_A`,`CAMPO_B`,`CAMPO_C`) VALUES (13,'12','CARPETA DE INVESTIGACION',NULL,NULL,NULL);
INSERT INTO `ALESI_NTABLAS` (`ID_TABLA`,`ID_CODIGO`,`DESCIPCION`,`CAMPO_A`,`CAMPO_B`,`CAMPO_C`) VALUES (13,'13','DOCUMENTOS ANEXOS',NULL,NULL,NULL);
INSERT INTO `ALESI_NTABLAS` (`ID_TABLA`,`ID_CODIGO`,`DESCIPCION`,`CAMPO_A`,`CAMPO_B`,`CAMPO_C`) VALUES (13,'14','CONCLUSIONES',NULL,NULL,NULL);
INSERT INTO `ALESI_NTABLAS` (`ID_TABLA`,`ID_CODIGO`,`DESCIPCION`,`CAMPO_A`,`CAMPO_B`,`CAMPO_C`) VALUES (13,'2','DATOS DEL SINIESTRO',NULL,NULL,NULL);
INSERT INTO `ALESI_NTABLAS` (`ID_TABLA`,`ID_CODIGO`,`DESCIPCION`,`CAMPO_A`,`CAMPO_B`,`CAMPO_C`) VALUES (13,'3','DATOS DEL VEHICULO',NULL,NULL,NULL);
INSERT INTO `ALESI_NTABLAS` (`ID_TABLA`,`ID_CODIGO`,`DESCIPCION`,`CAMPO_A`,`CAMPO_B`,`CAMPO_C`) VALUES (13,'4','MOTIVO DE LA INVESTIGACION',NULL,NULL,NULL);
INSERT INTO `ALESI_NTABLAS` (`ID_TABLA`,`ID_CODIGO`,`DESCIPCION`,`CAMPO_A`,`CAMPO_B`,`CAMPO_C`) VALUES (13,'5','RESULTADO DE LA INVESTIGACION',NULL,NULL,NULL);
INSERT INTO `ALESI_NTABLAS` (`ID_TABLA`,`ID_CODIGO`,`DESCIPCION`,`CAMPO_A`,`CAMPO_B`,`CAMPO_C`) VALUES (13,'6','DECLARACION DEL ASEGURADO O CONDUCTOR VERTIDA AL AJUSTADOR',NULL,NULL,NULL);
INSERT INTO `ALESI_NTABLAS` (`ID_TABLA`,`ID_CODIGO`,`DESCIPCION`,`CAMPO_A`,`CAMPO_B`,`CAMPO_C`) VALUES (13,'7','ENTREVISTA CON EL ASEGURADO O CONDUCTOR',NULL,NULL,NULL);
INSERT INTO `ALESI_NTABLAS` (`ID_TABLA`,`ID_CODIGO`,`DESCIPCION`,`CAMPO_A`,`CAMPO_B`,`CAMPO_C`) VALUES (13,'8','RECONSTRUCCION E INSPECCION EN LUGAR DE LOS HECHOS',NULL,NULL,NULL);
INSERT INTO `ALESI_NTABLAS` (`ID_TABLA`,`ID_CODIGO`,`DESCIPCION`,`CAMPO_A`,`CAMPO_B`,`CAMPO_C`) VALUES (13,'9','DOCUMENTOS DE LA PROPIEDAD',NULL,NULL,NULL);
INSERT INTO `ALESI_NTABLAS` (`ID_TABLA`,`ID_CODIGO`,`DESCIPCION`,`CAMPO_A`,`CAMPO_B`,`CAMPO_C`) VALUES (14,'A','ALFA NUMERICO, SI TIENE CATALOGO SE USA LO QUE ESTE DENTRO, SI NO ES LIBRE',NULL,NULL,NULL);
INSERT INTO `ALESI_NTABLAS` (`ID_TABLA`,`ID_CODIGO`,`DESCIPCION`,`CAMPO_A`,`CAMPO_B`,`CAMPO_C`) VALUES (14,'C','CHECK, DEFAULT VALOR DE SI NO ',NULL,NULL,NULL);
INSERT INTO `ALESI_NTABLAS` (`ID_TABLA`,`ID_CODIGO`,`DESCIPCION`,`CAMPO_A`,`CAMPO_B`,`CAMPO_C`) VALUES (14,'D','DATE = FECHA',NULL,NULL,NULL);
INSERT INTO `ALESI_NTABLAS` (`ID_TABLA`,`ID_CODIGO`,`DESCIPCION`,`CAMPO_A`,`CAMPO_B`,`CAMPO_C`) VALUES (14,'E','ETIQUETA',NULL,NULL,NULL);
INSERT INTO `ALESI_NTABLAS` (`ID_TABLA`,`ID_CODIGO`,`DESCIPCION`,`CAMPO_A`,`CAMPO_B`,`CAMPO_C`) VALUES (14,'N','NUMERICO',NULL,NULL,NULL);
INSERT INTO `ALESI_NTABLAS` (`ID_TABLA`,`ID_CODIGO`,`DESCIPCION`,`CAMPO_A`,`CAMPO_B`,`CAMPO_C`) VALUES (14,'R','RADIO BOOTONES DEBE DE CONTENER UN CATALOGO',NULL,NULL,NULL);
INSERT INTO `ALESI_NTABLAS` (`ID_TABLA`,`ID_CODIGO`,`DESCIPCION`,`CAMPO_A`,`CAMPO_B`,`CAMPO_C`) VALUES (14,'T','TEXT AREA, PARA MAYOR VOLUMEN DE TEXTO',NULL,NULL,NULL);
INSERT INTO `ALESI_NTABLAS` (`ID_TABLA`,`ID_CODIGO`,`DESCIPCION`,`CAMPO_A`,`CAMPO_B`,`CAMPO_C`) VALUES (15,'N','NO',NULL,NULL,NULL);
INSERT INTO `ALESI_NTABLAS` (`ID_TABLA`,`ID_CODIGO`,`DESCIPCION`,`CAMPO_A`,`CAMPO_B`,`CAMPO_C`) VALUES (15,'S','SI',NULL,NULL,NULL);



--


INSERT INTO `ALESI_TPERSONAS` (`ID_PERSONA`, `NOMBRE`, `EDAD`, `SEXO`, `TELEFONO`, `EMAIL`, `ID_EMPRESA`, `CARGO`,`ESTADO`,  `OTROS`) VALUES
(1, 'JESUS ACOSTA MAYA', 99, 'M', '9999999999', 'algo@algo.com', 'SOPORTEALESI', 'DEVELOPER1', 1, NULL);

INSERT INTO `ALESI_TPERSONAS` (`ID_PERSONA`, `NOMBRE`, `EDAD`, `SEXO`, `TELEFONO`, `EMAIL`, `ID_EMPRESA`, `CARGO`,`ESTADO`,  `OTROS`) VALUES
(2, 'NOE SANTIAGO G', 99, 'M', '9999999999', 'algo@algo.com', 'SOPORTEALESI', 'DEVELOPER1', 1, NULL);

-- pas holamundo

INSERT INTO `ALESI_TUSUARIOS` (`USUARIO`, `ID_PERSONA`, `PASS`, `ROL`, `STATUS`, `F_ALTA`, `F_ULTIMA_CONEXION`) VALUES
('JECHUS', 1, 'e516f979536994a14d9b0500bca3a1287b9ea9fe', 'DEV1', 'ACTIVO', '2019-10-30', '2019-10-30');

INSERT INTO `ALESI_TUSUARIOS` (`USUARIO`, `ID_PERSONA`, `PASS`, `ROL`, `STATUS`, `F_ALTA`, `F_ULTIMA_CONEXION`) VALUES
('noe@algo.com', 2, 'e516f979536994a14d9b0500bca3a1287b9ea9fe', 'DEV1', 'ACTIVO', '2019-10-30', '2019-10-30');

COMMIT;
-- ----------------------------------------------------------------------------------

INSERT INTO `ALESI_TATRICASO`(`ID_EMPRESA`, `TIPO_CASO`, `BLOQUE`, `ORDEN`, `NUM_ATRIBUTO`, `ID_CAMPO`, `ETIQUETA`, `TIPO_DATO`, `CATALOGO`, `DEFAULT`, `LONGITUD_MIN`, `LONGITUD_MAX`, `EDITABLE`) VALUES ('SURA', 'SINIESTRO_AUTO_S', 1, 1, 1, 'DIRIGIDO_A', 'DIRIGIDO A', 'A', '', NULL, '1', '45', 'S');
INSERT INTO `ALESI_TATRICASO`(`ID_EMPRESA`, `TIPO_CASO`, `BLOQUE`, `ORDEN`, `NUM_ATRIBUTO`, `ID_CAMPO`, `ETIQUETA`, `TIPO_DATO`, `CATALOGO`, `DEFAULT`, `LONGITUD_MIN`, `LONGITUD_MAX`, `EDITABLE`) VALUES ('SURA', 'SINIESTRO_AUTO_S', 1, 2, 2, 'CARGO', 'CARGO', 'A', '', NULL, '1', '45', 'S');
INSERT INTO `ALESI_TATRICASO`(`ID_EMPRESA`, `TIPO_CASO`, `BLOQUE`, `ORDEN`, `NUM_ATRIBUTO`, `ID_CAMPO`, `ETIQUETA`, `TIPO_DATO`, `CATALOGO`, `DEFAULT`, `LONGITUD_MIN`, `LONGITUD_MAX`, `EDITABLE`) VALUES ('SURA', 'SINIESTRO_AUTO_S', 2, 1, 3, 'N_DE_SINIESTRO', 'NUMERO DE SINIESTRO', 'A', '', NULL, '1', '45', 'S');
INSERT INTO `ALESI_TATRICASO`(`ID_EMPRESA`, `TIPO_CASO`, `BLOQUE`, `ORDEN`, `NUM_ATRIBUTO`, `ID_CAMPO`, `ETIQUETA`, `TIPO_DATO`, `CATALOGO`, `DEFAULT`, `LONGITUD_MIN`, `LONGITUD_MAX`, `EDITABLE`) VALUES ('SURA', 'SINIESTRO_AUTO_S', 2, 2, 4, 'F_DE_SINIESTRO', 'FECHA DEL SINIESTRO', 'D', '', NULL, NULL, '', 'S');
INSERT INTO `ALESI_TATRICASO`(`ID_EMPRESA`, `TIPO_CASO`, `BLOQUE`, `ORDEN`, `NUM_ATRIBUTO`, `ID_CAMPO`, `ETIQUETA`, `TIPO_DATO`, `CATALOGO`, `DEFAULT`, `LONGITUD_MIN`, `LONGITUD_MAX`, `EDITABLE`) VALUES ('SURA', 'SINIESTRO_AUTO_S', 2, 3, 5, 'F_DE_REPORTE', 'FECHA DEL REPORTE', 'D', '', NULL, NULL, '', 'S');
INSERT INTO `ALESI_TATRICASO`(`ID_EMPRESA`, `TIPO_CASO`, `BLOQUE`, `ORDEN`, `NUM_ATRIBUTO`, `ID_CAMPO`, `ETIQUETA`, `TIPO_DATO`, `CATALOGO`, `DEFAULT`, `LONGITUD_MIN`, `LONGITUD_MAX`, `EDITABLE`) VALUES ('SURA', 'SINIESTRO_AUTO_S', 2, 4, 6, 'N_DE_POLIZA', 'NO. DE POLIZA', 'A', '', NULL, '1', '45', 'S');
INSERT INTO `ALESI_TATRICASO`(`ID_EMPRESA`, `TIPO_CASO`, `BLOQUE`, `ORDEN`, `NUM_ATRIBUTO`, `ID_CAMPO`, `ETIQUETA`, `TIPO_DATO`, `CATALOGO`, `DEFAULT`, `LONGITUD_MIN`, `LONGITUD_MAX`, `EDITABLE`) VALUES ('SURA', 'SINIESTRO_AUTO_S', 2, 5, 7, 'INCISO', 'INCISO', 'A', '', NULL, '1', '45', 'S');
INSERT INTO `ALESI_TATRICASO`(`ID_EMPRESA`, `TIPO_CASO`, `BLOQUE`, `ORDEN`, `NUM_ATRIBUTO`, `ID_CAMPO`, `ETIQUETA`, `TIPO_DATO`, `CATALOGO`, `DEFAULT`, `LONGITUD_MIN`, `LONGITUD_MAX`, `EDITABLE`) VALUES ('SURA', 'SINIESTRO_AUTO_S', 2, 6, 8, 'INI_VIG', 'INICIO VIGENCIA', 'D', '', NULL, NULL, NULL, 'S');
INSERT INTO `ALESI_TATRICASO`(`ID_EMPRESA`, `TIPO_CASO`, `BLOQUE`, `ORDEN`, `NUM_ATRIBUTO`, `ID_CAMPO`, `ETIQUETA`, `TIPO_DATO`, `CATALOGO`, `DEFAULT`, `LONGITUD_MIN`, `LONGITUD_MAX`, `EDITABLE`) VALUES ('SURA', 'SINIESTRO_AUTO_S', 2, 7, 9, 'FIN_VIG', 'TERMINO VIGENCIA', 'D', '', NULL, NULL, NULL, 'S');
INSERT INTO `ALESI_TATRICASO`(`ID_EMPRESA`, `TIPO_CASO`, `BLOQUE`, `ORDEN`, `NUM_ATRIBUTO`, `ID_CAMPO`, `ETIQUETA`, `TIPO_DATO`, `CATALOGO`, `DEFAULT`, `LONGITUD_MIN`, `LONGITUD_MAX`, `EDITABLE`) VALUES ('SURA', 'SINIESTRO_AUTO_S', 2, 8, 10, 'COBERTURA', 'COBERTURA', 'A', 'CAT_COBERT', NULL, '1', '45', 'S');
INSERT INTO `ALESI_TATRICASO`(`ID_EMPRESA`, `TIPO_CASO`, `BLOQUE`, `ORDEN`, `NUM_ATRIBUTO`, `ID_CAMPO`, `ETIQUETA`, `TIPO_DATO`, `CATALOGO`, `DEFAULT`, `LONGITUD_MIN`, `LONGITUD_MAX`, `EDITABLE`) VALUES ('SURA', 'SINIESTRO_AUTO_S', 2, 9, 11, 'NOM_ASEGURADO', 'NOMBRE DEL ASEGURADO', 'A', '', NULL, '1', '45', 'S');
INSERT INTO `ALESI_TATRICASO`(`ID_EMPRESA`, `TIPO_CASO`, `BLOQUE`, `ORDEN`, `NUM_ATRIBUTO`, `ID_CAMPO`, `ETIQUETA`, `TIPO_DATO`, `CATALOGO`, `DEFAULT`, `LONGITUD_MIN`, `LONGITUD_MAX`, `EDITABLE`) VALUES ('SURA', 'SINIESTRO_AUTO_S', 2, 10, 12, 'NOM_CONDUCTOR', 'NOMBRE DEL CONDUCTOR', 'A', '', NULL, '1', '45', 'S');
INSERT INTO `ALESI_TATRICASO`(`ID_EMPRESA`, `TIPO_CASO`, `BLOQUE`, `ORDEN`, `NUM_ATRIBUTO`, `ID_CAMPO`, `ETIQUETA`, `TIPO_DATO`, `CATALOGO`, `DEFAULT`, `LONGITUD_MIN`, `LONGITUD_MAX`, `EDITABLE`) VALUES ('SURA', 'SINIESTRO_AUTO_S', 2, 11, 13, 'CON_VIOLENCIA', 'ROBO CON VIOLENCIA', 'RC', 'CAT_SI_NO', 'N', '1', '1', 'S');
INSERT INTO `ALESI_TATRICASO`(`ID_EMPRESA`, `TIPO_CASO`, `BLOQUE`, `ORDEN`, `NUM_ATRIBUTO`, `ID_CAMPO`, `ETIQUETA`, `TIPO_DATO`, `CATALOGO`, `DEFAULT`, `LONGITUD_MIN`, `LONGITUD_MAX`, `EDITABLE`) VALUES ('SURA', 'SINIESTRO_AUTO_S', 2, 12, 14, 'SIN_VIOLENCIA', 'ROBO SIN VIOLENCIA', 'RC', 'CAT_SI_NO', 'N', '1', '1', 'S');
INSERT INTO `ALESI_TATRICASO`(`ID_EMPRESA`, `TIPO_CASO`, `BLOQUE`, `ORDEN`, `NUM_ATRIBUTO`, `ID_CAMPO`, `ETIQUETA`, `TIPO_DATO`, `CATALOGO`, `DEFAULT`, `LONGITUD_MIN`, `LONGITUD_MAX`, `EDITABLE`) VALUES ('SURA', 'SINIESTRO_AUTO_S', 2, 13, 15, 'EN_DOMICILIO', 'ROBO EN DOMICILIO', 'RC', 'CAT_SI_NO', 'N', '1', '1', 'S');
INSERT INTO `ALESI_TATRICASO`(`ID_EMPRESA`, `TIPO_CASO`, `BLOQUE`, `ORDEN`, `NUM_ATRIBUTO`, `ID_CAMPO`, `ETIQUETA`, `TIPO_DATO`, `CATALOGO`, `DEFAULT`, `LONGITUD_MIN`, `LONGITUD_MAX`, `EDITABLE`) VALUES ('SURA', 'SINIESTRO_AUTO_S', 2, 14, 16, 'COLISION_VUELCO', 'COLICION Y/O VUELCO', 'RC', 'CAT_SI_NO', 'N', '1', '1', 'S');
INSERT INTO `ALESI_TATRICASO`(`ID_EMPRESA`, `TIPO_CASO`, `BLOQUE`, `ORDEN`, `NUM_ATRIBUTO`, `ID_CAMPO`, `ETIQUETA`, `TIPO_DATO`, `CATALOGO`, `DEFAULT`, `LONGITUD_MIN`, `LONGITUD_MAX`, `EDITABLE`) VALUES ('SURA', 'SINIESTRO_AUTO_S', 3, 1, 17, 'MARCA', 'MARCA', 'A', 'CAT_AUTO_MARCA', NULL, NULL, NULL, 'S');
INSERT INTO `ALESI_TATRICASO`(`ID_EMPRESA`, `TIPO_CASO`, `BLOQUE`, `ORDEN`, `NUM_ATRIBUTO`, `ID_CAMPO`, `ETIQUETA`, `TIPO_DATO`, `CATALOGO`, `DEFAULT`, `LONGITUD_MIN`, `LONGITUD_MAX`, `EDITABLE`) VALUES ('SURA', 'SINIESTRO_AUTO_S', 3, 2, 18, 'TIPO', 'TIPO', 'A', 'CAT_AUTO_TIPO', NULL, NULL, NULL, 'S');
INSERT INTO `ALESI_TATRICASO`(`ID_EMPRESA`, `TIPO_CASO`, `BLOQUE`, `ORDEN`, `NUM_ATRIBUTO`, `ID_CAMPO`, `ETIQUETA`, `TIPO_DATO`, `CATALOGO`, `DEFAULT`, `LONGITUD_MIN`, `LONGITUD_MAX`, `EDITABLE`) VALUES ('SURA', 'SINIESTRO_AUTO_S', 3, 3, 19, 'MODELO', 'MODELO', 'A', '', 'D', NULL, NULL, 'S');
INSERT INTO `ALESI_TATRICASO`(`ID_EMPRESA`, `TIPO_CASO`, `BLOQUE`, `ORDEN`, `NUM_ATRIBUTO`, `ID_CAMPO`, `ETIQUETA`, `TIPO_DATO`, `CATALOGO`, `DEFAULT`, `LONGITUD_MIN`, `LONGITUD_MAX`, `EDITABLE`) VALUES ('SURA', 'SINIESTRO_AUTO_S', 3, 4, 20, 'COLOR', 'COLOR', 'A', 'CAT_COLOR', NULL, NULL, NULL, 'S');
INSERT INTO `ALESI_TATRICASO`(`ID_EMPRESA`, `TIPO_CASO`, `BLOQUE`, `ORDEN`, `NUM_ATRIBUTO`, `ID_CAMPO`, `ETIQUETA`, `TIPO_DATO`, `CATALOGO`, `DEFAULT`, `LONGITUD_MIN`, `LONGITUD_MAX`, `EDITABLE`) VALUES ('SURA', 'SINIESTRO_AUTO_S', 3, 5, 21, 'N_DE_SERIE', 'NO. DE SERIE', 'A', '', NULL, '1', '15', 'S');
INSERT INTO `ALESI_TATRICASO`(`ID_EMPRESA`, `TIPO_CASO`, `BLOQUE`, `ORDEN`, `NUM_ATRIBUTO`, `ID_CAMPO`, `ETIQUETA`, `TIPO_DATO`, `CATALOGO`, `DEFAULT`, `LONGITUD_MIN`, `LONGITUD_MAX`, `EDITABLE`) VALUES ('SURA', 'SINIESTRO_AUTO_S', 3, 6, 22, 'N_MOTOR', 'NO. DE MOTOR', 'A', '', NULL, '1', '15', 'S');
INSERT INTO `ALESI_TATRICASO`(`ID_EMPRESA`, `TIPO_CASO`, `BLOQUE`, `ORDEN`, `NUM_ATRIBUTO`, `ID_CAMPO`, `ETIQUETA`, `TIPO_DATO`, `CATALOGO`, `DEFAULT`, `LONGITUD_MIN`, `LONGITUD_MAX`, `EDITABLE`) VALUES ('SURA', 'SINIESTRO_AUTO_S', 3, 7, 23, 'PLACAS', 'PLACAS', 'A', '', NULL, '1', '10', 'S');
INSERT INTO `ALESI_TATRICASO`(`ID_EMPRESA`, `TIPO_CASO`, `BLOQUE`, `ORDEN`, `NUM_ATRIBUTO`, `ID_CAMPO`, `ETIQUETA`, `TIPO_DATO`, `CATALOGO`, `DEFAULT`, `LONGITUD_MIN`, `LONGITUD_MAX`, `EDITABLE`) VALUES ('SURA', 'SINIESTRO_AUTO_S', 4, 1, 24, 'SINI_TREINTA_DIAS', 'SINIESTRO OCURRIDO DENTRO DE LOS 30 DIAS DE INICIO DE VIGENCIA', 'RC', 'CAT_SI_NO', 'N', '1', '1', 'S');
INSERT INTO `ALESI_TATRICASO`(`ID_EMPRESA`, `TIPO_CASO`, `BLOQUE`, `ORDEN`, `NUM_ATRIBUTO`, `ID_CAMPO`, `ETIQUETA`, `TIPO_DATO`, `CATALOGO`, `DEFAULT`, `LONGITUD_MIN`, `LONGITUD_MAX`, `EDITABLE`) VALUES ('SURA', 'SINIESTRO_AUTO_S', 4, 2, 25, 'SUMA_ASEGURADA', 'SUMA ASEGURADA', 'RC', 'CAT_SI_NO', 'N', '1', '1', 'S');
INSERT INTO `ALESI_TATRICASO`(`ID_EMPRESA`, `TIPO_CASO`, `BLOQUE`, `ORDEN`, `NUM_ATRIBUTO`, `ID_CAMPO`, `ETIQUETA`, `TIPO_DATO`, `CATALOGO`, `DEFAULT`, `LONGITUD_MIN`, `LONGITUD_MAX`, `EDITABLE`) VALUES ('SURA', 'SINIESTRO_AUTO_S', 4, 3, 26, 'PREEXISTENCIA_AUTO', 'DUDOSA PREEXISTENCIA DEL VEHICULO', 'RC', 'CAT_SI_NO', 'N', '1', '1', 'S');
INSERT INTO `ALESI_TATRICASO`(`ID_EMPRESA`, `TIPO_CASO`, `BLOQUE`, `ORDEN`, `NUM_ATRIBUTO`, `ID_CAMPO`, `ETIQUETA`, `TIPO_DATO`, `CATALOGO`, `DEFAULT`, `LONGITUD_MIN`, `LONGITUD_MAX`, `EDITABLE`) VALUES ('SURA', 'SINIESTRO_AUTO_S', 4, 4, 27, 'REECONSTRUCCION_HECHOS', 'RECONSTRUCCION DE LOS HECHOS', 'RC', 'CAT_SI_NO', 'N', '1', '1', 'S');
INSERT INTO `ALESI_TATRICASO`(`ID_EMPRESA`, `TIPO_CASO`, `BLOQUE`, `ORDEN`, `NUM_ATRIBUTO`, `ID_CAMPO`, `ETIQUETA`, `TIPO_DATO`, `CATALOGO`, `DEFAULT`, `LONGITUD_MIN`, `LONGITUD_MAX`, `EDITABLE`) VALUES ('SURA', 'SINIESTRO_AUTO_S', 4, 5, 28, 'FALSEDAD_DECALRACION', 'FALCEDAD DE DECLARACIONES', 'RC', 'CAT_SI_NO', 'N', '1', '1', 'S');
INSERT INTO `ALESI_TATRICASO`(`ID_EMPRESA`, `TIPO_CASO`, `BLOQUE`, `ORDEN`, `NUM_ATRIBUTO`, `ID_CAMPO`, `ETIQUETA`, `TIPO_DATO`, `CATALOGO`, `DEFAULT`, `LONGITUD_MIN`, `LONGITUD_MAX`, `EDITABLE`) VALUES ('SURA', 'SINIESTRO_AUTO_S', 4, 6, 29, 'CAMBIO_CONDUCTOR', 'CAMBIO DE CONDUCTOR', 'RC', 'CAT_SI_NO', 'N', '1', '1', 'S');
INSERT INTO `ALESI_TATRICASO`(`ID_EMPRESA`, `TIPO_CASO`, `BLOQUE`, `ORDEN`, `NUM_ATRIBUTO`, `ID_CAMPO`, `ETIQUETA`, `TIPO_DATO`, `CATALOGO`, `DEFAULT`, `LONGITUD_MIN`, `LONGITUD_MAX`, `EDITABLE`) VALUES ('SURA', 'SINIESTRO_AUTO_S', 4, 7, 30, 'DOC_APOCRIFOS', 'POSIBLES DOCUMENTOS APOCRIFOS', 'RC', 'CAT_SI_NO', 'N', '1', '1', 'S');
INSERT INTO `ALESI_TATRICASO`(`ID_EMPRESA`, `TIPO_CASO`, `BLOQUE`, `ORDEN`, `NUM_ATRIBUTO`, `ID_CAMPO`, `ETIQUETA`, `TIPO_DATO`, `CATALOGO`, `DEFAULT`, `LONGITUD_MIN`, `LONGITUD_MAX`, `EDITABLE`) VALUES ('SURA', 'SINIESTRO_AUTO_S', 4, 8, 31, 'OTROS', 'OTROS', 'RC', 'CAT_SI_NO', 'N', '1', '1', 'S');
INSERT INTO `ALESI_TATRICASO`(`ID_EMPRESA`, `TIPO_CASO`, `BLOQUE`, `ORDEN`, `NUM_ATRIBUTO`, `ID_CAMPO`, `ETIQUETA`, `TIPO_DATO`, `CATALOGO`, `DEFAULT`, `LONGITUD_MIN`, `LONGITUD_MAX`, `EDITABLE`) VALUES ('SURA', 'SINIESTRO_AUTO_S', 4, 9, 32, 'OTROS_VAL', 'CUALES', 'A', '', NULL, '1', '50', 'S');
INSERT INTO `ALESI_TATRICASO`(`ID_EMPRESA`, `TIPO_CASO`, `BLOQUE`, `ORDEN`, `NUM_ATRIBUTO`, `ID_CAMPO`, `ETIQUETA`, `TIPO_DATO`, `CATALOGO`, `DEFAULT`, `LONGITUD_MIN`, `LONGITUD_MAX`, `EDITABLE`) VALUES ('SURA', 'SINIESTRO_AUTO_S', 5, 1, 33, 'RESULT_INVEST', 'EL SINIESTRO ES', 'R', 'CAT_REST_INV', NULL, '1', '1', 'S');
INSERT INTO `ALESI_TATRICASO`(`ID_EMPRESA`, `TIPO_CASO`, `BLOQUE`, `ORDEN`, `NUM_ATRIBUTO`, `ID_CAMPO`, `ETIQUETA`, `TIPO_DATO`, `CATALOGO`, `DEFAULT`, `LONGITUD_MIN`, `LONGITUD_MAX`, `EDITABLE`) VALUES ('SURA', 'SINIESTRO_AUTO_S', 6, 1, 34, 'DECLA_INI', 'DECLARACION INICIAL', 'T', '', NULL, '1', '20000', 'S');
INSERT INTO `ALESI_TATRICASO`(`ID_EMPRESA`, `TIPO_CASO`, `BLOQUE`, `ORDEN`, `NUM_ATRIBUTO`, `ID_CAMPO`, `ETIQUETA`, `TIPO_DATO`, `CATALOGO`, `DEFAULT`, `LONGITUD_MIN`, `LONGITUD_MAX`, `EDITABLE`) VALUES ('SURA', 'SINIESTRO_AUTO_S', 7, 1, 35, 'DESA_ENTREVISTA', 'DESARROLLO DE LA ENTREVISTA', 'T', '', NULL, '1', '20000', 'S');
INSERT INTO `ALESI_TATRICASO`(`ID_EMPRESA`, `TIPO_CASO`, `BLOQUE`, `ORDEN`, `NUM_ATRIBUTO`, `ID_CAMPO`, `ETIQUETA`, `TIPO_DATO`, `CATALOGO`, `DEFAULT`, `LONGITUD_MIN`, `LONGITUD_MAX`, `EDITABLE`) VALUES ('SURA', 'SINIESTRO_AUTO_S', 8, 1, 36, 'LUGAR_VISITADO', 'LUGAR VISITADO', 'R', 'CAT_SI_NO', 'S', '1', '1', 'S');
INSERT INTO `ALESI_TATRICASO`(`ID_EMPRESA`, `TIPO_CASO`, `BLOQUE`, `ORDEN`, `NUM_ATRIBUTO`, `ID_CAMPO`, `ETIQUETA`, `TIPO_DATO`, `CATALOGO`, `DEFAULT`, `LONGITUD_MIN`, `LONGITUD_MAX`, `EDITABLE`) VALUES ('SURA', 'SINIESTRO_AUTO_S', 8, 2, 37, 'UBICACION', 'UBICACION', 'A', '', NULL, '1', '250', 'S');
INSERT INTO `ALESI_TATRICASO`(`ID_EMPRESA`, `TIPO_CASO`, `BLOQUE`, `ORDEN`, `NUM_ATRIBUTO`, `ID_CAMPO`, `ETIQUETA`, `TIPO_DATO`, `CATALOGO`, `DEFAULT`, `LONGITUD_MIN`, `LONGITUD_MAX`, `EDITABLE`) VALUES ('SURA', 'SINIESTRO_AUTO_S', 8, 3, 38, 'OBSERVACIONES', 'OBSERVACIONES', 'T', '', NULL, '1', '20000', 'S');
INSERT INTO `ALESI_TATRICASO`(`ID_EMPRESA`, `TIPO_CASO`, `BLOQUE`, `ORDEN`, `NUM_ATRIBUTO`, `ID_CAMPO`, `ETIQUETA`, `TIPO_DATO`, `CATALOGO`, `DEFAULT`, `LONGITUD_MIN`, `LONGITUD_MAX`, `EDITABLE`) VALUES ('SURA', 'SINIESTRO_AUTO_S', 9, 1, 39, 'TIP_DOC_PROP', 'TIPO DE DOCUMENTO', 'A', '', NULL, '1', '45', 'S');
INSERT INTO `ALESI_TATRICASO`(`ID_EMPRESA`, `TIPO_CASO`, `BLOQUE`, `ORDEN`, `NUM_ATRIBUTO`, `ID_CAMPO`, `ETIQUETA`, `TIPO_DATO`, `CATALOGO`, `DEFAULT`, `LONGITUD_MIN`, `LONGITUD_MAX`, `EDITABLE`) VALUES ('SURA', 'SINIESTRO_AUTO_S', 9, 2, 40, 'F_DOC', 'FECHA', 'D', '', NULL, NULL, NULL, 'S');
INSERT INTO `ALESI_TATRICASO`(`ID_EMPRESA`, `TIPO_CASO`, `BLOQUE`, `ORDEN`, `NUM_ATRIBUTO`, `ID_CAMPO`, `ETIQUETA`, `TIPO_DATO`, `CATALOGO`, `DEFAULT`, `LONGITUD_MIN`, `LONGITUD_MAX`, `EDITABLE`) VALUES ('SURA', 'SINIESTRO_AUTO_S', 9, 3, 41, 'RFC_PROP', 'RAZON SOCIAL O NOMBRE DEL ESTABLECIMIENTO', 'A', '', NULL, '1', '45', 'S');
INSERT INTO `ALESI_TATRICASO`(`ID_EMPRESA`, `TIPO_CASO`, `BLOQUE`, `ORDEN`, `NUM_ATRIBUTO`, `ID_CAMPO`, `ETIQUETA`, `TIPO_DATO`, `CATALOGO`, `DEFAULT`, `LONGITUD_MIN`, `LONGITUD_MAX`, `EDITABLE`) VALUES ('SURA', 'SINIESTRO_AUTO_S', 9, 4, 42, 'DOC_LEGAL', 'DOCUMENTO LEGAL', 'R', 'CAT_SI_NO', 'S', '1', '1', 'S');
INSERT INTO `ALESI_TATRICASO`(`ID_EMPRESA`, `TIPO_CASO`, `BLOQUE`, `ORDEN`, `NUM_ATRIBUTO`, `ID_CAMPO`, `ETIQUETA`, `TIPO_DATO`, `CATALOGO`, `DEFAULT`, `LONGITUD_MIN`, `LONGITUD_MAX`, `EDITABLE`) VALUES ('SURA', 'SINIESTRO_AUTO_S', 9, 5, 43, 'COTEJADO_CON', 'COTEJADO CON', 'A', '', NULL, '1', '150', 'S');
INSERT INTO `ALESI_TATRICASO`(`ID_EMPRESA`, `TIPO_CASO`, `BLOQUE`, `ORDEN`, `NUM_ATRIBUTO`, `ID_CAMPO`, `ETIQUETA`, `TIPO_DATO`, `CATALOGO`, `DEFAULT`, `LONGITUD_MIN`, `LONGITUD_MAX`, `EDITABLE`) VALUES ('SURA', 'SINIESTRO_AUTO_S', 9, 6, 44, 'CARGO_DTO', 'CARGO Y/O DEPARTAMENTO', 'A', '', NULL, '1', '150', 'S');
INSERT INTO `ALESI_TATRICASO`(`ID_EMPRESA`, `TIPO_CASO`, `BLOQUE`, `ORDEN`, `NUM_ATRIBUTO`, `ID_CAMPO`, `ETIQUETA`, `TIPO_DATO`, `CATALOGO`, `DEFAULT`, `LONGITUD_MIN`, `LONGITUD_MAX`, `EDITABLE`) VALUES ('SURA', 'SINIESTRO_AUTO_S', 9, 7, 45, 'TEL_PROP', 'TELEFONO', 'N', '', NULL, '1', '10', 'S');
INSERT INTO `ALESI_TATRICASO`(`ID_EMPRESA`, `TIPO_CASO`, `BLOQUE`, `ORDEN`, `NUM_ATRIBUTO`, `ID_CAMPO`, `ETIQUETA`, `TIPO_DATO`, `CATALOGO`, `DEFAULT`, `LONGITUD_MIN`, `LONGITUD_MAX`, `EDITABLE`) VALUES ('SURA', 'SINIESTRO_AUTO_S', 9, 8, 46, 'CONTACTO', 'TIPO DE CONTACTO', 'R', 'CAT_TIP_CONTACT', NULL, '1', '1', 'S');
INSERT INTO `ALESI_TATRICASO`(`ID_EMPRESA`, `TIPO_CASO`, `BLOQUE`, `ORDEN`, `NUM_ATRIBUTO`, `ID_CAMPO`, `ETIQUETA`, `TIPO_DATO`, `CATALOGO`, `DEFAULT`, `LONGITUD_MIN`, `LONGITUD_MAX`, `EDITABLE`) VALUES ('SURA', 'SINIESTRO_AUTO_S', 9, 9, 47, 'F_CONTACTO', 'FECHA', 'D', '', NULL, NULL, NULL, 'S');
INSERT INTO `ALESI_TATRICASO`(`ID_EMPRESA`, `TIPO_CASO`, `BLOQUE`, `ORDEN`, `NUM_ATRIBUTO`, `ID_CAMPO`, `ETIQUETA`, `TIPO_DATO`, `CATALOGO`, `DEFAULT`, `LONGITUD_MIN`, `LONGITUD_MAX`, `EDITABLE`) VALUES ('SURA', 'SINIESTRO_AUTO_S', 9, 10, 48, 'LUGAR_CONTACTO', 'LUGAR DE CONTACTO (DIRECCION)', 'A', '', NULL, '1', '150', 'S');
INSERT INTO `ALESI_TATRICASO`(`ID_EMPRESA`, `TIPO_CASO`, `BLOQUE`, `ORDEN`, `NUM_ATRIBUTO`, `ID_CAMPO`, `ETIQUETA`, `TIPO_DATO`, `CATALOGO`, `DEFAULT`, `LONGITUD_MIN`, `LONGITUD_MAX`, `EDITABLE`) VALUES ('SURA', 'SINIESTRO_AUTO_S', 9, 11, 49, 'OBSERVACIONES_CONTACT', 'OBSERVACIONES', 'T', '', NULL, '1', '20000', 'S');
INSERT INTO `ALESI_TATRICASO`(`ID_EMPRESA`, `TIPO_CASO`, `BLOQUE`, `ORDEN`, `NUM_ATRIBUTO`, `ID_CAMPO`, `ETIQUETA`, `TIPO_DATO`, `CATALOGO`, `DEFAULT`, `LONGITUD_MIN`, `LONGITUD_MAX`, `EDITABLE`) VALUES ('SURA', 'SINIESTRO_AUTO_S', 10, 1, 50, 'DOMICILIO_NA', 'DOMICILIO DE N/A', 'R', 'CAT_SI_NO', 'S', '1', '1', 'S');
INSERT INTO `ALESI_TATRICASO`(`ID_EMPRESA`, `TIPO_CASO`, `BLOQUE`, `ORDEN`, `NUM_ATRIBUTO`, `ID_CAMPO`, `ETIQUETA`, `TIPO_DATO`, `CATALOGO`, `DEFAULT`, `LONGITUD_MIN`, `LONGITUD_MAX`, `EDITABLE`) VALUES ('SURA', 'SINIESTRO_AUTO_S', 10, 2, 51, 'DIRECCION_PREX', 'DIRECCION', 'A', '', NULL, '1', '150', 'S');
INSERT INTO `ALESI_TATRICASO`(`ID_EMPRESA`, `TIPO_CASO`, `BLOQUE`, `ORDEN`, `NUM_ATRIBUTO`, `ID_CAMPO`, `ETIQUETA`, `TIPO_DATO`, `CATALOGO`, `DEFAULT`, `LONGITUD_MIN`, `LONGITUD_MAX`, `EDITABLE`) VALUES ('SURA', 'SINIESTRO_AUTO_S', 10, 3, 52, 'TESTIGOS_PREX', 'TESTIGOS DE LA PREEXISTENCIA DEL VEHICULO', 'R', 'CAT_SI_NO', NULL, '1', '1', 'S');
INSERT INTO `ALESI_TATRICASO`(`ID_EMPRESA`, `TIPO_CASO`, `BLOQUE`, `ORDEN`, `NUM_ATRIBUTO`, `ID_CAMPO`, `ETIQUETA`, `TIPO_DATO`, `CATALOGO`, `DEFAULT`, `LONGITUD_MIN`, `LONGITUD_MAX`, `EDITABLE`) VALUES ('SURA', 'SINIESTRO_AUTO_S', 10, 4, 53, 'NOMBRE_PREX', 'NOMBRE', 'A', '', NULL, '1', '150', 'S');
INSERT INTO `ALESI_TATRICASO`(`ID_EMPRESA`, `TIPO_CASO`, `BLOQUE`, `ORDEN`, `NUM_ATRIBUTO`, `ID_CAMPO`, `ETIQUETA`, `TIPO_DATO`, `CATALOGO`, `DEFAULT`, `LONGITUD_MIN`, `LONGITUD_MAX`, `EDITABLE`) VALUES ('SURA', 'SINIESTRO_AUTO_S', 10, 5, 54, 'DIR_REF_PREX', 'DIRECCION O REFERENCIA', 'A', '', NULL, '1', '150', 'S');
INSERT INTO `ALESI_TATRICASO`(`ID_EMPRESA`, `TIPO_CASO`, `BLOQUE`, `ORDEN`, `NUM_ATRIBUTO`, `ID_CAMPO`, `ETIQUETA`, `TIPO_DATO`, `CATALOGO`, `DEFAULT`, `LONGITUD_MIN`, `LONGITUD_MAX`, `EDITABLE`) VALUES ('SURA', 'SINIESTRO_AUTO_S', 10, 6, 55, 'OBSERVACIONES_PREX', 'OBSERVACIONES', 'T', '', NULL, '1', '20000', 'S');
INSERT INTO `ALESI_TATRICASO`(`ID_EMPRESA`, `TIPO_CASO`, `BLOQUE`, `ORDEN`, `NUM_ATRIBUTO`, `ID_CAMPO`, `ETIQUETA`, `TIPO_DATO`, `CATALOGO`, `DEFAULT`, `LONGITUD_MIN`, `LONGITUD_MAX`, `EDITABLE`) VALUES ('SURA', 'SINIESTRO_AUTO_S', 11, 1, 56, 'POL_ANTER', 'POLIZA ANTERIOR', 'R', 'CAT_SI_NO', 'N', '1', '1', 'S');
INSERT INTO `ALESI_TATRICASO`(`ID_EMPRESA`, `TIPO_CASO`, `BLOQUE`, `ORDEN`, `NUM_ATRIBUTO`, `ID_CAMPO`, `ETIQUETA`, `TIPO_DATO`, `CATALOGO`, `DEFAULT`, `LONGITUD_MIN`, `LONGITUD_MAX`, `EDITABLE`) VALUES ('SURA', 'SINIESTRO_AUTO_S', 11, 2, 57, 'COBERTURA_ANTER', 'COBERTURA', 'A', 'CAT_COBERT', NULL, '1', '150', 'S');
INSERT INTO `ALESI_TATRICASO`(`ID_EMPRESA`, `TIPO_CASO`, `BLOQUE`, `ORDEN`, `NUM_ATRIBUTO`, `ID_CAMPO`, `ETIQUETA`, `TIPO_DATO`, `CATALOGO`, `DEFAULT`, `LONGITUD_MIN`, `LONGITUD_MAX`, `EDITABLE`) VALUES ('SURA', 'SINIESTRO_AUTO_S', 11, 3, 58, 'F_INI_ANTER', 'VIGENCIA DESDE', 'D', '', NULL, NULL, NULL, 'S');
INSERT INTO `ALESI_TATRICASO`(`ID_EMPRESA`, `TIPO_CASO`, `BLOQUE`, `ORDEN`, `NUM_ATRIBUTO`, `ID_CAMPO`, `ETIQUETA`, `TIPO_DATO`, `CATALOGO`, `DEFAULT`, `LONGITUD_MIN`, `LONGITUD_MAX`, `EDITABLE`) VALUES ('SURA', 'SINIESTRO_AUTO_S', 11, 4, 59, 'F_FIN_ANTER', 'VIGENVIA HASTA', 'D', '', NULL, '', NULL, 'S');
INSERT INTO `ALESI_TATRICASO`(`ID_EMPRESA`, `TIPO_CASO`, `BLOQUE`, `ORDEN`, `NUM_ATRIBUTO`, `ID_CAMPO`, `ETIQUETA`, `TIPO_DATO`, `CATALOGO`, `DEFAULT`, `LONGITUD_MIN`, `LONGITUD_MAX`, `EDITABLE`) VALUES ('SURA', 'SINIESTRO_AUTO_S', 11, 5, 60, 'OBSERVACION_ANTER', 'OBSERVACIONES', 'T', '', NULL, '1', '20000', 'S');
INSERT INTO `ALESI_TATRICASO`(`ID_EMPRESA`, `TIPO_CASO`, `BLOQUE`, `ORDEN`, `NUM_ATRIBUTO`, `ID_CAMPO`, `ETIQUETA`, `TIPO_DATO`, `CATALOGO`, `DEFAULT`, `LONGITUD_MIN`, `LONGITUD_MAX`, `EDITABLE`) VALUES ('SURA', 'SINIESTRO_AUTO_S', 12, 1, 61, 'DENUNCIA_MP', 'DENUNCIA ANTE EL MINISTERIO PUBLICO', 'R', 'CAT_SI_NO', 'S', '1', '1', 'S');
INSERT INTO `ALESI_TATRICASO`(`ID_EMPRESA`, `TIPO_CASO`, `BLOQUE`, `ORDEN`, `NUM_ATRIBUTO`, `ID_CAMPO`, `ETIQUETA`, `TIPO_DATO`, `CATALOGO`, `DEFAULT`, `LONGITUD_MIN`, `LONGITUD_MAX`, `EDITABLE`) VALUES ('SURA', 'SINIESTRO_AUTO_S', 12, 2, 62, 'MUNICIPIO', 'ALCALDIA O MONICIPIO', 'A', 'CAT_MUNICIPIO', NULL, '1', '150', 'S');
INSERT INTO `ALESI_TATRICASO`(`ID_EMPRESA`, `TIPO_CASO`, `BLOQUE`, `ORDEN`, `NUM_ATRIBUTO`, `ID_CAMPO`, `ETIQUETA`, `TIPO_DATO`, `CATALOGO`, `DEFAULT`, `LONGITUD_MIN`, `LONGITUD_MAX`, `EDITABLE`) VALUES ('SURA', 'SINIESTRO_AUTO_S', 12, 3, 63, 'CARPETA', 'CARPETA', 'A', '', NULL, '1', '150', 'S');
INSERT INTO `ALESI_TATRICASO`(`ID_EMPRESA`, `TIPO_CASO`, `BLOQUE`, `ORDEN`, `NUM_ATRIBUTO`, `ID_CAMPO`, `ETIQUETA`, `TIPO_DATO`, `CATALOGO`, `DEFAULT`, `LONGITUD_MIN`, `LONGITUD_MAX`, `EDITABLE`) VALUES ('SURA', 'SINIESTRO_AUTO_S', 12, 4, 64, 'F_INV', 'FECHA', 'D', '', NULL, '', NULL, 'S');
INSERT INTO `ALESI_TATRICASO`(`ID_EMPRESA`, `TIPO_CASO`, `BLOQUE`, `ORDEN`, `NUM_ATRIBUTO`, `ID_CAMPO`, `ETIQUETA`, `TIPO_DATO`, `CATALOGO`, `DEFAULT`, `LONGITUD_MIN`, `LONGITUD_MAX`, `EDITABLE`) VALUES ('SURA', 'SINIESTRO_AUTO_S', 12, 5, 65, 'HORA_INV', 'HORA', 'A', '', NULL, NULL, NULL, 'S');
INSERT INTO `ALESI_TATRICASO`(`ID_EMPRESA`, `TIPO_CASO`, `BLOQUE`, `ORDEN`, `NUM_ATRIBUTO`, `ID_CAMPO`, `ETIQUETA`, `TIPO_DATO`, `CATALOGO`, `DEFAULT`, `LONGITUD_MIN`, `LONGITUD_MAX`, `EDITABLE`) VALUES ('SURA', 'SINIESTRO_AUTO_S', 12, 6, 66, 'CARP_REG', 'CARPETA RELACIONADA', 'R', 'CAT_SI_NO', 'N', '1', '1', 'S');
INSERT INTO `ALESI_TATRICASO`(`ID_EMPRESA`, `TIPO_CASO`, `BLOQUE`, `ORDEN`, `NUM_ATRIBUTO`, `ID_CAMPO`, `ETIQUETA`, `TIPO_DATO`, `CATALOGO`, `DEFAULT`, `LONGITUD_MIN`, `LONGITUD_MAX`, `EDITABLE`) VALUES ('SURA', 'SINIESTRO_AUTO_S', 12, 7, 67, 'MOT_CARP_INV', 'MOTIVO DE LA CARPETA RELACIONADA', 'A', '', NULL, '1', '150', 'S');
INSERT INTO `ALESI_TATRICASO`(`ID_EMPRESA`, `TIPO_CASO`, `BLOQUE`, `ORDEN`, `NUM_ATRIBUTO`, `ID_CAMPO`, `ETIQUETA`, `TIPO_DATO`, `CATALOGO`, `DEFAULT`, `LONGITUD_MIN`, `LONGITUD_MAX`, `EDITABLE`) VALUES ('SURA', 'SINIESTRO_AUTO_S', 12, 1, 68, 'OBSERVACION_INV', 'OBSERVACIONES', 'T', '', NULL, '1', '150', 'S');
INSERT INTO `ALESI_TATRICASO`(`ID_EMPRESA`, `TIPO_CASO`, `BLOQUE`, `ORDEN`, `NUM_ATRIBUTO`, `ID_CAMPO`, `ETIQUETA`, `TIPO_DATO`, `CATALOGO`, `DEFAULT`, `LONGITUD_MIN`, `LONGITUD_MAX`, `EDITABLE`) VALUES ('SURA', 'SINIESTRO_AUTO_S', 13, 2, 69, 'POLIZA_DOC', 'POLIZA', 'RC', 'CAT_SI_NO', 'N', '1', '1', 'S');
INSERT INTO `ALESI_TATRICASO`(`ID_EMPRESA`, `TIPO_CASO`, `BLOQUE`, `ORDEN`, `NUM_ATRIBUTO`, `ID_CAMPO`, `ETIQUETA`, `TIPO_DATO`, `CATALOGO`, `DEFAULT`, `LONGITUD_MIN`, `LONGITUD_MAX`, `EDITABLE`) VALUES ('SURA', 'SINIESTRO_AUTO_S', 13, 3, 70, 'FACTURA_DOC', 'FACTURAS', 'RC', 'CAT_SI_NO', 'N', '1', '1', 'S');
INSERT INTO `ALESI_TATRICASO`(`ID_EMPRESA`, `TIPO_CASO`, `BLOQUE`, `ORDEN`, `NUM_ATRIBUTO`, `ID_CAMPO`, `ETIQUETA`, `TIPO_DATO`, `CATALOGO`, `DEFAULT`, `LONGITUD_MIN`, `LONGITUD_MAX`, `EDITABLE`) VALUES ('SURA', 'SINIESTRO_AUTO_S', 13, 4, 71, 'ACTA_MP_DOC', 'ACTAS', 'RC', 'CAT_SI_NO', 'N', '1', '1', 'S');
INSERT INTO `ALESI_TATRICASO`(`ID_EMPRESA`, `TIPO_CASO`, `BLOQUE`, `ORDEN`, `NUM_ATRIBUTO`, `ID_CAMPO`, `ETIQUETA`, `TIPO_DATO`, `CATALOGO`, `DEFAULT`, `LONGITUD_MIN`, `LONGITUD_MAX`, `EDITABLE`) VALUES ('SURA', 'SINIESTRO_AUTO_S', 13, 5, 72, 'TENENCIAS', 'TENENCIAS', 'RC', 'CAT_SI_NO', 'N', '1', '1', 'S');
INSERT INTO `ALESI_TATRICASO`(`ID_EMPRESA`, `TIPO_CASO`, `BLOQUE`, `ORDEN`, `NUM_ATRIBUTO`, `ID_CAMPO`, `ETIQUETA`, `TIPO_DATO`, `CATALOGO`, `DEFAULT`, `LONGITUD_MIN`, `LONGITUD_MAX`, `EDITABLE`) VALUES ('SURA', 'SINIESTRO_AUTO_S', 13, 6, 73, 'FOTOGRAFIAS_DOC', 'FOTOGRAFIAS', 'RC', 'CAT_SI_NO', 'N', '1', '1', 'S');
INSERT INTO `ALESI_TATRICASO`(`ID_EMPRESA`, `TIPO_CASO`, `BLOQUE`, `ORDEN`, `NUM_ATRIBUTO`, `ID_CAMPO`, `ETIQUETA`, `TIPO_DATO`, `CATALOGO`, `DEFAULT`, `LONGITUD_MIN`, `LONGITUD_MAX`, `EDITABLE`) VALUES ('SURA', 'SINIESTRO_AUTO_S', 13, 7, 74, 'CUEST_ROBO_OTROS_DOC', 'OTROS', 'RC', 'CAT_SI_NO', 'N', '1', '1', 'S');
INSERT INTO `ALESI_TATRICASO`(`ID_EMPRESA`, `TIPO_CASO`, `BLOQUE`, `ORDEN`, `NUM_ATRIBUTO`, `ID_CAMPO`, `ETIQUETA`, `TIPO_DATO`, `CATALOGO`, `DEFAULT`, `LONGITUD_MIN`, `LONGITUD_MAX`, `EDITABLE`) VALUES ('SURA', 'SINIESTRO_AUTO_S', 14, 1, 75, 'CONCLUCION_CASO', 'RESULTADO DEL SINIESTRO', 'R', 'CAT_CONCLUSION', 'R', '1', '1', 'S');
INSERT INTO `ALESI_TATRICASO`(`ID_EMPRESA`, `TIPO_CASO`, `BLOQUE`, `ORDEN`, `NUM_ATRIBUTO`, `ID_CAMPO`, `ETIQUETA`, `TIPO_DATO`, `CATALOGO`, `DEFAULT`, `LONGITUD_MIN`, `LONGITUD_MAX`, `EDITABLE`) VALUES ('SURA', 'SINIESTRO_AUTO_S', 14, 1, 76, 'OBS_CONCLUSION', 'OBSERVACIONES', 'T', NULL, NULL, '1', '20000', 'S');


commit;



-- ----------------------------------------------

INSERT INTO `ALESI_TCASO` (`ID_CASO`,`ID_EMPRESA`,`TIPO_CASO`,`F_ALTA`,`F_ESTATUS`,`F_CIERRE`,`STATUS`,`ID_USUARIO_ALTA`,`ID_USUARIO_ASIGNADO`,`ID_USUARIO_ULTIMA_ACT`) VALUES (1,'SURA','SINIESTRO_AUTO_S','2018-11-03','2018-11-03','2018-11-03','EN_CURSO','JECHUS','JECHUS','JECHUS');
INSERT INTO `ALESI_TCASO` (`ID_CASO`,`ID_EMPRESA`,`TIPO_CASO`,`F_ALTA`,`F_ESTATUS`,`F_CIERRE`,`STATUS`,`ID_USUARIO_ALTA`,`ID_USUARIO_ASIGNADO`,`ID_USUARIO_ULTIMA_ACT`) VALUES (2,'SURA','SINIESTRO_AUTO_S','2019-11-08','2019-11-08','2019-11-13','EN_CURSO','JECHUS','JECHUS','JECHUS');

INSERT INTO `ALESI_TVALCASO` (`ID_CASO`,`NUM_ATRIBUTO`,`VALOR`) VALUES (1,1,'JOSE PERES LEON');
INSERT INTO `ALESI_TVALCASO` (`ID_CASO`,`NUM_ATRIBUTO`,`VALOR`) VALUES (1,2,'PRESIDENTE');
INSERT INTO `ALESI_TVALCASO` (`ID_CASO`,`NUM_ATRIBUTO`,`VALOR`) VALUES (1,3,'1-211-2019-1111');
INSERT INTO `ALESI_TVALCASO` (`ID_CASO`,`NUM_ATRIBUTO`,`VALOR`) VALUES (1,4,'2019-10-01');
INSERT INTO `ALESI_TVALCASO` (`ID_CASO`,`NUM_ATRIBUTO`,`VALOR`) VALUES (1,5,'2019-10-05');
INSERT INTO `ALESI_TVALCASO` (`ID_CASO`,`NUM_ATRIBUTO`,`VALOR`) VALUES (1,6,'1-211-99999');
INSERT INTO `ALESI_TVALCASO` (`ID_CASO`,`NUM_ATRIBUTO`,`VALOR`) VALUES (1,7,'0');
INSERT INTO `ALESI_TVALCASO` (`ID_CASO`,`NUM_ATRIBUTO`,`VALOR`) VALUES (1,8,'2019-01-01');
INSERT INTO `ALESI_TVALCASO` (`ID_CASO`,`NUM_ATRIBUTO`,`VALOR`) VALUES (1,9,'2019-01-01');
INSERT INTO `ALESI_TVALCASO` (`ID_CASO`,`NUM_ATRIBUTO`,`VALOR`) VALUES (1,10,'AMPLIA');
INSERT INTO `ALESI_TVALCASO` (`ID_CASO`,`NUM_ATRIBUTO`,`VALOR`) VALUES (1,11,'NOE SANTIAGO GARCIA');
INSERT INTO `ALESI_TVALCASO` (`ID_CASO`,`NUM_ATRIBUTO`,`VALOR`) VALUES (1,12,'MARIA LA DEL BARRIO');
INSERT INTO `ALESI_TVALCASO` (`ID_CASO`,`NUM_ATRIBUTO`,`VALOR`) VALUES (1,13,'S');
INSERT INTO `ALESI_TVALCASO` (`ID_CASO`,`NUM_ATRIBUTO`,`VALOR`) VALUES (1,14,'N');
INSERT INTO `ALESI_TVALCASO` (`ID_CASO`,`NUM_ATRIBUTO`,`VALOR`) VALUES (1,15,'N');
INSERT INTO `ALESI_TVALCASO` (`ID_CASO`,`NUM_ATRIBUTO`,`VALOR`) VALUES (1,16,'N');
INSERT INTO `ALESI_TVALCASO` (`ID_CASO`,`NUM_ATRIBUTO`,`VALOR`) VALUES (1,17,'BMW');
INSERT INTO `ALESI_TVALCASO` (`ID_CASO`,`NUM_ATRIBUTO`,`VALOR`) VALUES (1,18,'EL MAS CHINGON');
INSERT INTO `ALESI_TVALCASO` (`ID_CASO`,`NUM_ATRIBUTO`,`VALOR`) VALUES (1,19,'2020');
INSERT INTO `ALESI_TVALCASO` (`ID_CASO`,`NUM_ATRIBUTO`,`VALOR`) VALUES (1,20,'NEGO');
INSERT INTO `ALESI_TVALCASO` (`ID_CASO`,`NUM_ATRIBUTO`,`VALOR`) VALUES (1,21,'56789');
INSERT INTO `ALESI_TVALCASO` (`ID_CASO`,`NUM_ATRIBUTO`,`VALOR`) VALUES (1,22,'3456789');
INSERT INTO `ALESI_TVALCASO` (`ID_CASO`,`NUM_ATRIBUTO`,`VALOR`) VALUES (1,23,'NFS-1TB');
INSERT INTO `ALESI_TVALCASO` (`ID_CASO`,`NUM_ATRIBUTO`,`VALOR`) VALUES (1,24,'S');
INSERT INTO `ALESI_TVALCASO` (`ID_CASO`,`NUM_ATRIBUTO`,`VALOR`) VALUES (1,25,'2000000');
INSERT INTO `ALESI_TVALCASO` (`ID_CASO`,`NUM_ATRIBUTO`,`VALOR`) VALUES (1,26,'S');
INSERT INTO `ALESI_TVALCASO` (`ID_CASO`,`NUM_ATRIBUTO`,`VALOR`) VALUES (1,27,'S');
INSERT INTO `ALESI_TVALCASO` (`ID_CASO`,`NUM_ATRIBUTO`,`VALOR`) VALUES (1,28,'N');
INSERT INTO `ALESI_TVALCASO` (`ID_CASO`,`NUM_ATRIBUTO`,`VALOR`) VALUES (1,29,'N');
INSERT INTO `ALESI_TVALCASO` (`ID_CASO`,`NUM_ATRIBUTO`,`VALOR`) VALUES (1,30,'N');
INSERT INTO `ALESI_TVALCASO` (`ID_CASO`,`NUM_ATRIBUTO`,`VALOR`) VALUES (1,31,'N');
INSERT INTO `ALESI_TVALCASO` (`ID_CASO`,`NUM_ATRIBUTO`,`VALOR`) VALUES (1,32,'N');
INSERT INTO `ALESI_TVALCASO` (`ID_CASO`,`NUM_ATRIBUTO`,`VALOR`) VALUES (1,33,'P');
INSERT INTO `ALESI_TVALCASO` (`ID_CASO`,`NUM_ATRIBUTO`,`VALOR`) VALUES (1,34,'ME PEGARON');
INSERT INTO `ALESI_TVALCASO` (`ID_CASO`,`NUM_ATRIBUTO`,`VALOR`) VALUES (1,35,'SIN ENTREVISTAS');
INSERT INTO `ALESI_TVALCASO` (`ID_CASO`,`NUM_ATRIBUTO`,`VALOR`) VALUES (1,36,'LA FODA DE ALTAVISTA');
INSERT INTO `ALESI_TVALCASO` (`ID_CASO`,`NUM_ATRIBUTO`,`VALOR`) VALUES (1,37,'ALTAVISTA NUMERO __');
INSERT INTO `ALESI_TVALCASO` (`ID_CASO`,`NUM_ATRIBUTO`,`VALOR`) VALUES (1,38,'AQUI VALIO CHICHARO');
INSERT INTO `ALESI_TVALCASO` (`ID_CASO`,`NUM_ATRIBUTO`,`VALOR`) VALUES (1,39,'SEPA');
INSERT INTO `ALESI_TVALCASO` (`ID_CASO`,`NUM_ATRIBUTO`,`VALOR`) VALUES (1,40,'2019-11-05');
INSERT INTO `ALESI_TVALCASO` (`ID_CASO`,`NUM_ATRIBUTO`,`VALOR`) VALUES (1,41,'SAGN9212');
INSERT INTO `ALESI_TVALCASO` (`ID_CASO`,`NUM_ATRIBUTO`,`VALOR`) VALUES (1,42,'INNE');
INSERT INTO `ALESI_TVALCASO` (`ID_CASO`,`NUM_ATRIBUTO`,`VALOR`) VALUES (1,43,'SEPA');
INSERT INTO `ALESI_TVALCASO` (`ID_CASO`,`NUM_ATRIBUTO`,`VALOR`) VALUES (1,44,'SEPA DOS');
INSERT INTO `ALESI_TVALCASO` (`ID_CASO`,`NUM_ATRIBUTO`,`VALOR`) VALUES (1,45,'11111111111');
INSERT INTO `ALESI_TVALCASO` (`ID_CASO`,`NUM_ATRIBUTO`,`VALOR`) VALUES (1,46,'1');
INSERT INTO `ALESI_TVALCASO` (`ID_CASO`,`NUM_ATRIBUTO`,`VALOR`) VALUES (1,47,'2019-11-05');
INSERT INTO `ALESI_TVALCASO` (`ID_CASO`,`NUM_ATRIBUTO`,`VALOR`) VALUES (1,48,'LA TORTERIA');
INSERT INTO `ALESI_TVALCASO` (`ID_CASO`,`NUM_ATRIBUTO`,`VALOR`) VALUES (1,49,'Parece que pese a existir una diferencia de 1 a├â┬▒o exacto entre la versi├â┬│n del Red Dead Redemption II para consolas y PC, Rockstar no ha tenido tiempo para ofrecer un juego perfecto, y es que los usuarios est├â┬ín reportando problemas con los mods.\r\n\r\nRead more https://elchapuzasinformatico.com/');
INSERT INTO `ALESI_TVALCASO` (`ID_CASO`,`NUM_ATRIBUTO`,`VALOR`) VALUES (1,50,'SEPA 3');
INSERT INTO `ALESI_TVALCASO` (`ID_CASO`,`NUM_ATRIBUTO`,`VALOR`) VALUES (1,51,'SEPA 4');
INSERT INTO `ALESI_TVALCASO` (`ID_CASO`,`NUM_ATRIBUTO`,`VALOR`) VALUES (1,52,'LOS CHISMOSOS DE LA CUADRA');
INSERT INTO `ALESI_TVALCASO` (`ID_CASO`,`NUM_ATRIBUTO`,`VALOR`) VALUES (1,53,'ALGUIEN');
INSERT INTO `ALESI_TVALCASO` (`ID_CASO`,`NUM_ATRIBUTO`,`VALOR`) VALUES (1,54,'SEPA 5');
INSERT INTO `ALESI_TVALCASO` (`ID_CASO`,`NUM_ATRIBUTO`,`VALOR`) VALUES (1,55,'Si a principios de 2020 ya esper├â┬íbamos los Intel Comet Lake-S de 10 n├â┬║cleos y 20 hilos @ 14nm para el mercado de sobremesa, parece que tendremos que ir apuntando la llegada de una nueva generaci├â┬│n de CPUs AMD Ryzen para eclipsar a la nueva.\r\n\r\nRead more https://elchapuzasinformatico.com/');
INSERT INTO `ALESI_TVALCASO` (`ID_CASO`,`NUM_ATRIBUTO`,`VALOR`) VALUES (1,56,'1-211-7898');
INSERT INTO `ALESI_TVALCASO` (`ID_CASO`,`NUM_ATRIBUTO`,`VALOR`) VALUES (1,57,'AMPLIA');
INSERT INTO `ALESI_TVALCASO` (`ID_CASO`,`NUM_ATRIBUTO`,`VALOR`) VALUES (1,58,'2019-11-05');
INSERT INTO `ALESI_TVALCASO` (`ID_CASO`,`NUM_ATRIBUTO`,`VALOR`) VALUES (1,59,'2019-11-05');
INSERT INTO `ALESI_TVALCASO` (`ID_CASO`,`NUM_ATRIBUTO`,`VALOR`) VALUES (1,60,'Junto al Mi Note 10, Xiaomi anunci├â┬│ sus dos nuevos televisores, los Mi TV 5 y Mi TV 5 Pro, los cuales se dividen en tres tama├â┬▒os de 55, 65 y 75 pulgadas. En t├â┬®rminos de panel, la variante Pro ofrece una mayor calidad, adem├â┬ís de contar con una...\r\n\r\nRead more https://elchapuzasinformatico.com/');
INSERT INTO `ALESI_TVALCASO` (`ID_CASO`,`NUM_ATRIBUTO`,`VALOR`) VALUES (1,61,'S');
INSERT INTO `ALESI_TVALCASO` (`ID_CASO`,`NUM_ATRIBUTO`,`VALOR`) VALUES (1,62,'IXTAPALAPA');
INSERT INTO `ALESI_TVALCASO` (`ID_CASO`,`NUM_ATRIBUTO`,`VALOR`) VALUES (1,63,'1293/1231:DASD');
INSERT INTO `ALESI_TVALCASO` (`ID_CASO`,`NUM_ATRIBUTO`,`VALOR`) VALUES (1,64,'2019-11-05');
INSERT INTO `ALESI_TVALCASO` (`ID_CASO`,`NUM_ATRIBUTO`,`VALOR`) VALUES (1,65,'06:50PM');
INSERT INTO `ALESI_TVALCASO` (`ID_CASO`,`NUM_ATRIBUTO`,`VALOR`) VALUES (1,66,'S');
INSERT INTO `ALESI_TVALCASO` (`ID_CASO`,`NUM_ATRIBUTO`,`VALOR`) VALUES (1,67,'SEPA');
INSERT INTO `ALESI_TVALCASO` (`ID_CASO`,`NUM_ATRIBUTO`,`VALOR`) VALUES (1,68,'El director financiero de Intel, George Davis, en una entrevista con Barron, un peri├â┬│dico semanal estadounidense centrado en la informaci├â┬│n financiera del pa├â┬¡s, coment├â┬│ la salud financiera de la empresa, y algunas de las razones que subyacen a...\r\n\r\nRead more https://elchapuzasinformatico.com/');
INSERT INTO `ALESI_TVALCASO` (`ID_CASO`,`NUM_ATRIBUTO`,`VALOR`) VALUES (1,69,'S');
INSERT INTO `ALESI_TVALCASO` (`ID_CASO`,`NUM_ATRIBUTO`,`VALOR`) VALUES (1,70,'S');
INSERT INTO `ALESI_TVALCASO` (`ID_CASO`,`NUM_ATRIBUTO`,`VALOR`) VALUES (1,71,'S');
INSERT INTO `ALESI_TVALCASO` (`ID_CASO`,`NUM_ATRIBUTO`,`VALOR`) VALUES (1,72,'S');
INSERT INTO `ALESI_TVALCASO` (`ID_CASO`,`NUM_ATRIBUTO`,`VALOR`) VALUES (1,73,'S');
INSERT INTO `ALESI_TVALCASO` (`ID_CASO`,`NUM_ATRIBUTO`,`VALOR`) VALUES (1,74,'S');
INSERT INTO `ALESI_TVALCASO` (`ID_CASO`,`NUM_ATRIBUTO`,`VALOR`) VALUES (2,1,'Gustavo Pineda González.');
INSERT INTO `ALESI_TVALCASO` (`ID_CASO`,`NUM_ATRIBUTO`,`VALOR`) VALUES (2,2,'Analista de Valuación y Dictamen.');
INSERT INTO `ALESI_TVALCASO` (`ID_CASO`,`NUM_ATRIBUTO`,`VALOR`) VALUES (2,3,'1-211-2019-M-123');
INSERT INTO `ALESI_TVALCASO` (`ID_CASO`,`NUM_ATRIBUTO`,`VALOR`) VALUES (2,4,'2019-01-05');
INSERT INTO `ALESI_TVALCASO` (`ID_CASO`,`NUM_ATRIBUTO`,`VALOR`) VALUES (2,5,'2019-01-06');
INSERT INTO `ALESI_TVALCASO` (`ID_CASO`,`NUM_ATRIBUTO`,`VALOR`) VALUES (2,6,'1902977');
INSERT INTO `ALESI_TVALCASO` (`ID_CASO`,`NUM_ATRIBUTO`,`VALOR`) VALUES (2,7,NULL);
INSERT INTO `ALESI_TVALCASO` (`ID_CASO`,`NUM_ATRIBUTO`,`VALOR`) VALUES (2,8,'2019-01-03');
INSERT INTO `ALESI_TVALCASO` (`ID_CASO`,`NUM_ATRIBUTO`,`VALOR`) VALUES (2,9,'2020-01-03');
INSERT INTO `ALESI_TVALCASO` (`ID_CASO`,`NUM_ATRIBUTO`,`VALOR`) VALUES (2,10,'A');
INSERT INTO `ALESI_TVALCASO` (`ID_CASO`,`NUM_ATRIBUTO`,`VALOR`) VALUES (2,11,'Lucia Duran González');
INSERT INTO `ALESI_TVALCASO` (`ID_CASO`,`NUM_ATRIBUTO`,`VALOR`) VALUES (2,12,'');
INSERT INTO `ALESI_TVALCASO` (`ID_CASO`,`NUM_ATRIBUTO`,`VALOR`) VALUES (2,13,'N');
INSERT INTO `ALESI_TVALCASO` (`ID_CASO`,`NUM_ATRIBUTO`,`VALOR`) VALUES (2,14,'S');
INSERT INTO `ALESI_TVALCASO` (`ID_CASO`,`NUM_ATRIBUTO`,`VALOR`) VALUES (2,15,'S');
INSERT INTO `ALESI_TVALCASO` (`ID_CASO`,`NUM_ATRIBUTO`,`VALOR`) VALUES (2,16,'N');
INSERT INTO `ALESI_TVALCASO` (`ID_CASO`,`NUM_ATRIBUTO`,`VALOR`) VALUES (2,17,'0004');
INSERT INTO `ALESI_TVALCASO` (`ID_CASO`,`NUM_ATRIBUTO`,`VALOR`) VALUES (2,18,'00040010');
INSERT INTO `ALESI_TVALCASO` (`ID_CASO`,`NUM_ATRIBUTO`,`VALOR`) VALUES (2,19,'2014');
INSERT INTO `ALESI_TVALCASO` (`ID_CASO`,`NUM_ATRIBUTO`,`VALOR`) VALUES (2,20,'1');
INSERT INTO `ALESI_TVALCASO` (`ID_CASO`,`NUM_ATRIBUTO`,`VALOR`) VALUES (2,21,'JTFSX23P6148447');
INSERT INTO `ALESI_TVALCASO` (`ID_CASO`,`NUM_ATRIBUTO`,`VALOR`) VALUES (2,22,NULL);
INSERT INTO `ALESI_TVALCASO` (`ID_CASO`,`NUM_ATRIBUTO`,`VALOR`) VALUES (2,23,'F39 AYF');
INSERT INTO `ALESI_TVALCASO` (`ID_CASO`,`NUM_ATRIBUTO`,`VALOR`) VALUES (2,24,'S');
INSERT INTO `ALESI_TVALCASO` (`ID_CASO`,`NUM_ATRIBUTO`,`VALOR`) VALUES (2,25,'S');
INSERT INTO `ALESI_TVALCASO` (`ID_CASO`,`NUM_ATRIBUTO`,`VALOR`) VALUES (2,26,'S');
INSERT INTO `ALESI_TVALCASO` (`ID_CASO`,`NUM_ATRIBUTO`,`VALOR`) VALUES (2,27,'N');
INSERT INTO `ALESI_TVALCASO` (`ID_CASO`,`NUM_ATRIBUTO`,`VALOR`) VALUES (2,28,'S');
INSERT INTO `ALESI_TVALCASO` (`ID_CASO`,`NUM_ATRIBUTO`,`VALOR`) VALUES (2,29,'N');
INSERT INTO `ALESI_TVALCASO` (`ID_CASO`,`NUM_ATRIBUTO`,`VALOR`) VALUES (2,30,'N');
INSERT INTO `ALESI_TVALCASO` (`ID_CASO`,`NUM_ATRIBUTO`,`VALOR`) VALUES (2,31,'N');
INSERT INTO `ALESI_TVALCASO` (`ID_CASO`,`NUM_ATRIBUTO`,`VALOR`) VALUES (2,32,NULL);
INSERT INTO `ALESI_TVALCASO` (`ID_CASO`,`NUM_ATRIBUTO`,`VALOR`) VALUES (2,33,'R');
INSERT INTO `ALESI_TVALCASO` (`ID_CASO`,`NUM_ATRIBUTO`,`VALOR`) VALUES (2,34,'El Ing Christian recoge camioneta en tula hdgo el dia jueves 3 para probable trabajo y verificacion vehicular el dia sabado 05/01 me llama por la tarde informandome que ya no se encontraba camioneta donde la habia dejado estacionada ');
INSERT INTO `ALESI_TVALCASO` (`ID_CASO`,`NUM_ATRIBUTO`,`VALOR`) VALUES (2,35,'Es importante mencionar que derivado de la condición del presente siniestro, se opta llevar una investigación de manera cronológica, supeditada a que se cumplan los tiempos de cada una de las fases de la presente investigación, agotando cada fase  con los tiempos establecidos en el plan de trabajo.\n\n1.- Con fecha 10 de enero del presente año, se hace un análisis detallado del expediente, con la finalidad de obtener datos que nos permitan determinar el procedimiento a seguir en la presente investigación.\n\n2.- Con fecha 15 de enero del presente año, se acude al lugar señalado en la declaración de siniestro, apoyando la búsqueda de datos de prueba para acreditar la preexistencia del vehículo asegurado, conforme a lo narrado por la C. Lucia Duran Gonzalez al momento de reportar el siniestro.  Es importante señalar que el ultimo conductor del vehículo fue el C. Christian Martin Mercado López.\n\n3.- Con fecha 14 de Enero del año en curso, se sostuvo entrevista en las instalaciones de SURA con la C. Lucia Duran González, únicamente argumentando que el C. Christian Martin Mercado Lopez,  se encontraba realizando trabajos propios de su empresa Ciudad Juárez, por tal motivo no podía asistir a la cita en cuanto el regresara podríamos tener una entrevista con el C. Christian Martin Mercado López , que lo único que ella sabía era lo que había declarado cuando reporto el siniestro, al tiempo que pudimos notar no contaba de momento con la documentación en orden de su vehículo robado y su carpeta de investigación aun estaba incompleta recomendándole ordenar su documentación así como tener entrevista con su empleado.\n\n4.- En fecha 21 de enero del año en curso en las instalaciones de SURA nos entrevistamos con el C. Christian Martín Mercado López, quien refiere que el día jueves 03 de enero del año en curso acude a la Ciudad de Tula Hidalgo por la camioneta de referencia a efecto de trasladarla a la Ciudad de México, ya que tenía pendiente un trabajo y verificación vehicular de la misma, así mismo refiere ser él quien lleva a cabo los tramites de diversos vehículos que tiene la C. Lucia Duran Gonzalez. Nos da referencia que dejo estacionada la camioneta en el exterior de la oficina entre los números 312 y 315 de la mencionada calle y según su dicho la camioneta ahí se queda estacionada, y es hasta el sábado 05 que se percata ya no está en el lugar donde la dejo, a preguntas expresas de ¿Si había movido o prestado la camioneta? R.  Refiere nunca la mueve de lugar, ¿Dónde verificaría la unidad asegurada? R.  Refiere la llevaría a la Avenida Central en el Estado de México.\n\nEs importante precisar que el sujeto en todo momento se torna nervioso y evasivo a cuestionamientos dejando claro miente en su dicho.\n\n5.- En fecha 08 de febrero del año en curso, se tuvo entrevista en las instalaciones de SURA, con la C. Lucia Duran, quien a la fecha no ha podido acreditar la preexistencia del vehículo, toda vez que como se desprende de las diligencias documentales y de campo el vehículo tuvo que haber sido verificada en segundo periodo de verificación vehicular correspondiente al año 2018. Por tanto, se comprometió a conseguir la documentación que acredite su dicho.\n');
INSERT INTO `ALESI_TVALCASO` (`ID_CASO`,`NUM_ATRIBUTO`,`VALOR`) VALUES (2,36,'S');
INSERT INTO `ALESI_TVALCASO` (`ID_CASO`,`NUM_ATRIBUTO`,`VALOR`) VALUES (2,37,'Calle Oriente 178 entre los numeros 312 y 315Colonia  Alcaldia Venustiano Carranza');
INSERT INTO `ALESI_TVALCASO` (`ID_CASO`,`NUM_ATRIBUTO`,`VALOR`) VALUES (2,38,'Se observa en lugar del robo una Colonia que en su mayoría existen casas habitación, en la esquina norte junto al número 312 se estableció una Tienda de Abarrotes. En la esquina sur, se encuentra instalado un Taller de Hojalatería, ya que hacen trabajos en la calle.\nAl preguntar a los vecinos si sabian del robo nos argumentan no tener conocimiento de los hechos que se investigan. Sin embargo, nos dan referencias del C. Christian Martin Mercado López, como una persona bastante conflictiva por estorbar con los vehículos que lleva y estacionarse frente a las entradas de las casas. Así mismo se nos refiere que la unidad asegurada en ningún momento estuvo estacionada días antes de que fuera robada.\n');
INSERT INTO `ALESI_TVALCASO` (`ID_CASO`,`NUM_ATRIBUTO`,`VALOR`) VALUES (2,39,'Factura');
INSERT INTO `ALESI_TVALCASO` (`ID_CASO`,`NUM_ATRIBUTO`,`VALOR`) VALUES (2,40,'2018-06-27');
INSERT INTO `ALESI_TVALCASO` (`ID_CASO`,`NUM_ATRIBUTO`,`VALOR`) VALUES (2,41,'Pick Uplandia S.A de C.V');
INSERT INTO `ALESI_TVALCASO` (`ID_CASO`,`NUM_ATRIBUTO`,`VALOR`) VALUES (2,42,'S');
INSERT INTO `ALESI_TVALCASO` (`ID_CASO`,`NUM_ATRIBUTO`,`VALOR`) VALUES (2,43,NULL);
INSERT INTO `ALESI_TVALCASO` (`ID_CASO`,`NUM_ATRIBUTO`,`VALOR`) VALUES (2,44,NULL);
INSERT INTO `ALESI_TVALCASO` (`ID_CASO`,`NUM_ATRIBUTO`,`VALOR`) VALUES (2,45,NULL);
INSERT INTO `ALESI_TVALCASO` (`ID_CASO`,`NUM_ATRIBUTO`,`VALOR`) VALUES (2,46,'3');
INSERT INTO `ALESI_TVALCASO` (`ID_CASO`,`NUM_ATRIBUTO`,`VALOR`) VALUES (2,47,NULL);
INSERT INTO `ALESI_TVALCASO` (`ID_CASO`,`NUM_ATRIBUTO`,`VALOR`) VALUES (2,48,NULL);
INSERT INTO `ALESI_TVALCASO` (`ID_CASO`,`NUM_ATRIBUTO`,`VALOR`) VALUES (2,49,'No se realiza, cotejo alguno, derivado a que conforme se realizaba la verificación se presentaban diversas anomalías que le fueron notificadas a la C. Lucia Duran González, por lo anterior y al no subsanar dichas anomalías aunado a que se logró hacer la recuperación del vehículo asegurado, no fue posible verificar la autenticidad de dicha documental.');
INSERT INTO `ALESI_TVALCASO` (`ID_CASO`,`NUM_ATRIBUTO`,`VALOR`) VALUES (2,50,'S');
INSERT INTO `ALESI_TVALCASO` (`ID_CASO`,`NUM_ATRIBUTO`,`VALOR`) VALUES (2,51,'Oriente 138, estacionada frente a los números 312 y 315, Col. Moctezuma 2ª Secc. Alcaldía Venustiano Carranza, Ciudad de México.');
INSERT INTO `ALESI_TVALCASO` (`ID_CASO`,`NUM_ATRIBUTO`,`VALOR`) VALUES (2,52,'N');
INSERT INTO `ALESI_TVALCASO` (`ID_CASO`,`NUM_ATRIBUTO`,`VALOR`) VALUES (2,53,NULL);
INSERT INTO `ALESI_TVALCASO` (`ID_CASO`,`NUM_ATRIBUTO`,`VALOR`) VALUES (2,54,NULL);
INSERT INTO `ALESI_TVALCASO` (`ID_CASO`,`NUM_ATRIBUTO`,`VALOR`) VALUES (2,55,'A pesar de solicitar en diversas ocasiones a la C. Lucia Duran González, se nos presentara documentales para acreditar la preexistencia del vehículo, esto no fue posible ya que los documentos que nos presentaba para tratar de acreditar la preexistencia de la unidad asegurada, apuntalaban una línea más de investigación. Es importante mencionar que los vecinos del lugar donde supuestamente ocurre el robo, en ningún momento vieron la unidad asegurada estacionada. Externan sus quejas, ya que el C. Christian Martín Mercado López estaciona diversos vehículos en las entradas a los domicilios contiguos, sin embargo, aseguran no recordar una camioneta estacionada por varios días, con las características del bien asegurado.');
INSERT INTO `ALESI_TVALCASO` (`ID_CASO`,`NUM_ATRIBUTO`,`VALOR`) VALUES (2,56,'N');
INSERT INTO `ALESI_TVALCASO` (`ID_CASO`,`NUM_ATRIBUTO`,`VALOR`) VALUES (2,57,'N/A');
INSERT INTO `ALESI_TVALCASO` (`ID_CASO`,`NUM_ATRIBUTO`,`VALOR`) VALUES (2,58,NULL);
INSERT INTO `ALESI_TVALCASO` (`ID_CASO`,`NUM_ATRIBUTO`,`VALOR`) VALUES (2,59,NULL);
INSERT INTO `ALESI_TVALCASO` (`ID_CASO`,`NUM_ATRIBUTO`,`VALOR`) VALUES (2,60,'Se nos hace saber por parte de la C. Lucia Duran González, que no se encontraba asegurada anteriormente por ser un vehículo de reciente adquisición');
INSERT INTO `ALESI_TVALCASO` (`ID_CASO`,`NUM_ATRIBUTO`,`VALOR`) VALUES (2,61,'S');
INSERT INTO `ALESI_TVALCASO` (`ID_CASO`,`NUM_ATRIBUTO`,`VALOR`) VALUES (2,62,'3');
INSERT INTO `ALESI_TVALCASO` (`ID_CASO`,`NUM_ATRIBUTO`,`VALOR`) VALUES (2,63,'CI-FVC/VC-2/UI-1 S/D/00005/01-2019');
INSERT INTO `ALESI_TVALCASO` (`ID_CASO`,`NUM_ATRIBUTO`,`VALOR`) VALUES (2,64,'2019-01-05');
INSERT INTO `ALESI_TVALCASO` (`ID_CASO`,`NUM_ATRIBUTO`,`VALOR`) VALUES (2,65,'23:10');
INSERT INTO `ALESI_TVALCASO` (`ID_CASO`,`NUM_ATRIBUTO`,`VALOR`) VALUES (2,66,'S');
INSERT INTO `ALESI_TVALCASO` (`ID_CASO`,`NUM_ATRIBUTO`,`VALOR`) VALUES (2,67,NULL);
INSERT INTO `ALESI_TVALCASO` (`ID_CASO`,`NUM_ATRIBUTO`,`VALOR`) VALUES (2,68,'Se encuentra debidamente registrada la Carpeta de Investigación en las diversas plataformas de Seguridad Publica.');
INSERT INTO `ALESI_TVALCASO` (`ID_CASO`,`NUM_ATRIBUTO`,`VALOR`) VALUES (2,69,'S');
INSERT INTO `ALESI_TVALCASO` (`ID_CASO`,`NUM_ATRIBUTO`,`VALOR`) VALUES (2,70,'S');
INSERT INTO `ALESI_TVALCASO` (`ID_CASO`,`NUM_ATRIBUTO`,`VALOR`) VALUES (2,71,'S');
INSERT INTO `ALESI_TVALCASO` (`ID_CASO`,`NUM_ATRIBUTO`,`VALOR`) VALUES (2,72,'S');
INSERT INTO `ALESI_TVALCASO` (`ID_CASO`,`NUM_ATRIBUTO`,`VALOR`) VALUES (2,73,'S');
INSERT INTO `ALESI_TVALCASO` (`ID_CASO`,`NUM_ATRIBUTO`,`VALOR`) VALUES (2,74,'S');
INSERT INTO `ALESI_TVALCASO` (`ID_CASO`,`NUM_ATRIBUTO`,`VALOR`) VALUES (2,75,'R');
INSERT INTO `ALESI_TVALCASO` (`ID_CASO`,`NUM_ATRIBUTO`,`VALOR`) VALUES (2,76,'Con fecha 10 de enero del presente año, se turna a esta firma la investigación de referencia por la posibilidad de encontrarnos ante una falsedad en la declaración y un posible robo preexistente al inicio de vigencia.\n\nEn la misma fecha nos damos a la tarea inmediata de comenzar con la presente investigación, inicialmente con la solicitud de los audios de cabina y realizando las gestiones propias para enriquecer la presente investigación.\n\nUn segundo elemento que se considera para declinar el presente siniestro se basa en las diversas documentales para acreditar la preexistencia del vehículo, apuntalaban una línea más de investigación y que arrojaba como resultado el robo previo al inicio de vigencia. Es importante mencionar que los vecinos del lugar donde supuestamente ocurre el robo, en ningún momento vieron la unidad asegurada estacionada por varios días.\n\nUn tercer elemento que apuntala la información del presente informe consiste en la entrevista con los CC Christian Martín Mercado López y Lucia Duran González,, encontrado discrepancias conforme a los datos de prueba recolectados en el lugar del siniestro, y a los manifestados en las entrevistas por parte del C. Christian Martín Mercado López. Adicionalmente la información proporcionada la consideramos falaz, ya que se encontraba alejada de toda lógica y de la mecánica real del siniestro. \n\nAnte la situación anterior y derivado de que se le hace saber a la C. Lucia Duran González,, la falsedad de la declaración inicial por parte del C. Christian Martín Mercado López, manifiesta que no es su deseo intervenir en ningún procedimiento legal, por lo que firma el desistimiento correspondiente.\n\nPor lo anterior, bajo el orden de argumentos y datos de prueba señalados, una vez que dicha información se contrasta con entrevistas, resulta improcedente el siniestro, toda vez que se puede comprobar de manera indubitable que la mecánica de hechos narrada al ajustador, no corresponde. Existiendo dolo en la declaración inicial al ajustador, simulando los hechos, encontrando para ello diversos datos de prueba e indicios que fueron susceptibles de investigación.\n\nSin más por el momento reciba un afectuoso saludo, no sin antes reiterarle que quedo a sus órdenes para cualquier aclaración al respecto.\n');


--
-- Estructura de tabla para la tabla `casos`
--


DROP TABLE IF EXISTS `alesiorg_ALESI_BD`.`casos` ;

CREATE TABLE `alesiorg_ALESI_BD`.`casos` (
  `id` int(11) NOT NULL,
  `nombre` varchar(255) CHARACTER SET utf8 COLLATE utf8_unicode_ci NOT NULL,
  `stock` varchar(255) CHARACTER SET utf8 COLLATE utf8_unicode_ci NOT NULL,
  `precio` varchar(255) CHARACTER SET utf8 COLLATE utf8_unicode_ci NOT NULL
) ENGINE=InnoDB DEFAULT CHARSET=utf8;

--
-- Volcado de datos para la tabla `casos`
--

INSERT INTO `casos` (`id`, `nombre`, `stock`, `precio`) VALUES
(1, 'En atencion', '50', '3,000,000.00'),
(3, 'Cerrados', '35', '500,000.00'),
(4, 'En revision', '45', '40,000.00'),
(5, 'Pendientes Informacion', '36', '20,000.00'),
(6, 'Solucionados', '60', '11,000,000.00'),
(7, 'Cancelados', '26', '60,000.00');
COMMIT;

COMMIT;

--
-- Estructura de tabla para la tabla `PDFS`
--

DROP TABLE IF EXISTS `ALESI_PDF_PLANTILLAS` ;


CREATE TABLE `ALESI_PDF_PLANTILLAS` (
  `ID_PDF` VARCHAR(45) NOT NULL,
  `PDF_DESCRIPCION` VARCHAR(45) NOT NULL,
  `PDF_CODIGO` text NOT NULL,
  PRIMARY KEY (`ID_PDF`))
ENGINE = INNODB
DEFAULT CHARACTER SET = UTF8
COMMENT = '		';










INSERT INTO `ALESI_PDF_PLANTILLAS`(`ID_PDF`, `PDF_DESCRIPCION`, `PDF_CODIGO`) VALUES ('SINIESTRO_AUTO_S', 'PLANTILLA PARA SINEISTROS AUTOS SURA', '<style type=\"text/css\">\r\n<!--\r\ndiv.zone\r\n{\r\n    border: solid 2mm #66AACC;\r\n    border-radius: 3mm;\r\n    padding: 1mm;\r\n    background-color: #FFEEEE;\r\n    color: #440000;\r\n}\r\ndiv.zone_over\r\n{\r\n    width: 30mm;\r\n    height: 35mm;\r\n    overflow: hidden;\r\n}\r\n\r\n\r\ntable.page_header {width: 100%; border: none; background-color: #00AEEA; border-bottom: solid 1mm #0B6E9C; padding: 2mm }\r\ntable.page_footer {width: 100%; border: none;   padding: 2mm}\r\nh1 {color: #000033}\r\nh2 {color: #000055}\r\nh3 {color: #000077}\r\n\r\ndiv.standard\r\n{\r\n    padding-left: 5mm;\r\n}\r\n\r\ntable.siniestro {\r\n   width: 100%;\r\n   border: 1px solid #000;\r\n}\r\n\r\n\r\n-->\r\n</style>\r\n<page style=\"font-size: 10pt\">\r\n\r\n    <page_footer>\r\n        <table class=\"page_footer\">\r\n            <tr>\r\n                <td style=\"width: 100%; text-align: right; \">\r\n                    pagina [[page_cu]]/[[page_nb]]\r\n                </td>\r\n            </tr>\r\n        </table>\r\n    </page_footer>\r\n    \r\n    <table class=\"page_header\">\r\n            <tr>\r\n                <td style=\"width: 100%; text-align: left; font-size: 18pt;font-weight: bold; color:#FFFFFF\">\r\n                    ALESI\r\n                </td>\r\n            </tr>\r\n        </table>\r\n    <br>\r\n    <p style=\"text-align: right; font-weight: bold\">Ciudad de México a ?v_FECHA_PDF?</p>\r\n    <p style=\"text-align: right; font-weight: bold\">Ref. Int ?v_REF_INT?</p><br>\r\n    <br>\r\n    <b>Seguros Sura S.A. de C.V </b><br>\r\n    <b>?DIRIGIDO_A?</b><br>\r\n    <b>?CARGO?</b><br>\r\n    <b>Presente.</b><br>\r\n    <p style=\"text-align: right; font-weight: bold\">Asunto: Informe de Investigación de Siniestro</p><br>\r\n    <p style=\"text-align: justify\"> \r\n        &nbsp;&nbsp;&nbsp;&nbsp; Estimado ?DIRIGIDO_A?: En relación al siniestro citado anteriormente, \r\n        mismo que nos encomendó hacer un análisis, e investigación del hecho ocurrido, y de acuerdo a las diferentes técnicas y métodos de investigación \r\n        empleados le proporciono el siguiente informe detallado\r\n    </p>\r\n    <p style=\"text-align: center; font-weight: bold\">DATOS DEL SINIESTRO</p><br>\r\n    <table >\r\n        <tbody >\r\n            <tr>\r\n                <th>No. de Siniestro</th>\r\n                <th></th>\r\n                <th>Fecha del Siniestro</th>\r\n                <th></th>\r\n                <th>Fecha del Reporte</th>\r\n                \r\n            </tr>\r\n            <tr >\r\n                <td>?N_DE_SINIESTRO?</td>\r\n                <th></th>\r\n                <td>?F_DE_SINIESTRO?</td>\r\n                <th></th>\r\n                <td>?F_DE_REPORTE?</td>            \r\n            </tr>\r\n        </tbody>\r\n            <tr style=\"vertical-align: top\">\r\n                <td>No. de Póliza</td>\r\n                <td>Inciso</td>\r\n                <td>Inicio Vigencia</td>\r\n                <td>Término Vigencia</td>\r\n                <td>Coberturas</td>\r\n            </tr>       \r\n            <tr style=\"vertical-align: top\">\r\n                <td>?N_DE_POLIZA?</td>\r\n                <td>?INCISO?</td>\r\n                <td>?INI_VIG?</td>\r\n                <td>?FIN_VIG?</td>\r\n                <td>?COBERTURA?</td>\r\n            </tr>\r\n            <tr style=\"vertical-align: top\">\r\n                <td>Nombre del Asegurado: </td>\r\n                <th>?NOM_ASEGURADO?.</th>\r\n            </tr>\r\n            <tr style=\"vertical-align: top\">\r\n                <td>Nombre del Conductor: </td>\r\n                <th>?NOM_CONDUCTOR?</th>\r\n            </tr>           \r\n    </table>\r\n	<p>Tipo de siniestro Robo: </p>\r\n	<table>\r\n	 <tr style=\"vertical-align: top\">\r\n			<td style =\"width=25%;\">?CON_VIOLENCIA?</td>\r\n			<td style =\"width=25%;\">?SIN_VIOLENCIA?</td>\r\n			<td style =\"width=25%;\">?EN_DOMICILIO?</td>\r\n			<td style =\"width=25%;\">?COLISION_VUELCO?</td>\r\n     </tr>\r\n	</table>\r\n    <br>\r\n    <p style=\"text-align: center; font-weight: bold\">DATOS DEL VEHÍCULO.</p><br>\r\n    <table style=\"text-align: center;  width: 100%\" align=\"center\">\r\n        <tr>            \r\n            <th style =\"width=140;\">Marca</th>            \r\n            <th style =\"width=140;\">Tipo</th>\r\n            <th style =\"width=140;\">Modelo</th>\r\n            <th style =\"width=140;\">Color</th>\r\n        </tr>\r\n        <tr>\r\n            <td>?MARCA?</td>\r\n            <td>?TIPO?</td>\r\n            <td>?MODELO?</td>\r\n            <td>?COLOR?</td>\r\n        </tr>\r\n    </table>\r\n    <table  style=\"text-align: center; width: 100%\" align=\"center\">\r\n        <tr>\r\n            <td style =\"width=140;\">No. de serie</td>\r\n            <td style =\"width=140;\">No. de motor</td>\r\n            <td style =\"width=140;\">Placas</td>\r\n        </tr> \r\n        <tr>\r\n            <th>?N_DE_SERIE?</th>\r\n            <th>?N_MOTOR?</th>\r\n            <th>?PLACAS?</th>\r\n        </tr> \r\n    </table>    \r\n    <br>\r\n    <p style=\"text-align: center; font-weight: bold\">ASIGNACIÓN DE LA INVESTIGACIÓN</p><br>    \r\n    <table  style=\"text-align: left;  width: 100%; \" align=\"center\">\r\n        <tr>            \r\n            <td style =\"width=165;\">Investigación solicitada por:</td>            \r\n            <td style =\"width=140;\">Gustavo Pineda</td>\r\n            <td style =\"width=140;\"> </td>\r\n            <td style =\"width=140;\"> </td>\r\n        </tr>\r\n        <tr>            \r\n            <td style =\"width=165;\">Fecha de Asignación</td>            \r\n            <td style =\"width=140;\">10-Enero-2019</td>\r\n            <td style =\"width=140;\">Fecha de Entrega: </td>\r\n            <td style =\"width=140;\">19-Marzo-2019 </td>\r\n        </tr>\r\n    </table>\r\n    <br>\r\n	<br>\r\n    <p style=\"text-align: center; font-weight: bold\">MOTIVO  DE LA INVESTIGACIÓN.</p><br>    \r\n    <table  style=\"text-align: left;  width: 100%; \" align=\"center\">\r\n        <tr>            \r\n            <td style =\"width=50%;\">?SINI_TREINTA_DIAS?</td>\r\n			<td style =\"width=50%;\">?FALSEDAD_DECALRACION?</td>\r\n        </tr>\r\n        <tr>            \r\n            <td style =\"width=50%;\">?SUMA_ASEGURADA?</td>\r\n			<td style =\"width=50%;\">?CAMBIO_CONDUCTOR?</td>\r\n        </tr>		\r\n        <tr>            \r\n            <td style =\"width=50%;\">?PREEXISTENCIA_AUTO?</td>\r\n			<td style =\"width=50%;\">?DOC_APOCRIFOS?</td>\r\n        </tr>		\r\n        <tr>            \r\n            <td style =\"width=50%;\">?REECONSTRUCCION_HECHOS?</td>\r\n			<td style =\"width=50%;\">?OTROS?</td>\r\n        </tr>		\r\n    </table>\r\n    <br>\r\n	<br>\r\n    <p style=\"text-align: center; font-weight: bold\">RESULTADO DE LA INVESTIGACIÓN.</p><br>    \r\n    <table  style=\"text-align: left;  width: 100%; \" align=\"center\">\r\n        <tr>            \r\n            <td style =\"width=50%\">El siniestro es:</td>            \r\n            <td style =\"width=50%\">?RESULT_INVEST?</td>\r\n        </tr>\r\n    </table>\r\n    <br>\r\n    <p style=\"text-align: center; font-weight: bold\">DECLARACION DEL ASEGURADO O CONDUCTOR VERTIDA AL AJUSTADOR.</p>\r\n    <p style=\"text-align: justify;\">\r\n	?DECLA_INI?\r\n    </p>\r\n    <br>\r\n    <br>\r\n    <p style=\"text-align: center; font-weight: bold\">ENTREVISTA CON EL ASEGURADO O CONDUCTOR.</p>\r\n    <table style=\"text-align: justify;  width: 100%; \" align=\"center\">\r\n        <tr><td style =\"width=100%;\"><p>\r\n        ?DESA_ENTREVISTA?\r\n        </p></td></tr>\r\n    </table>       \r\n    <br>\r\n    <br>\r\n    <p style=\"text-align: center; font-weight: bold\">RECONSTRUCCIÓN E INSPECCION EN LUGAR DE LOS HECHOS.</p>\r\n    <table style=\"text-align: center;  width: 100%; \" align=\"center\">\r\n        <tr>\r\n            <th style =\"width=20%;\"> Lugar visitado </th>\r\n            <th style =\"width=80%;\"> Ubicacion </th>\r\n        </tr>\r\n        <tr>\r\n            <td>?LUGAR_VISITADO?</td>\r\n            <td>?UBICACION?</td>\r\n        </tr>\r\n    </table>\r\n    <table style=\"text-align: justify;  width: 100%; \" align=\"center\">\r\n        <tr><td style =\"width=100%;\"><p>\r\n        ?OBSERVACIONES?\r\n        </p></td></tr>\r\n    </table>     \r\n    <br>\r\n    <br>\r\n    <!-- DOCUMENTOS DE PROPIEDAD -->\r\n    <p style=\"text-align: center; font-weight: bold\">DOCUMENTOS DE PROPIEDAD.</p>\r\n    <table style=\"text-align: center;  width: 100%; \" align=\"center\">\r\n        <tr>\r\n            <th style =\"width=15%;\"> Tipo de Documento</th>\r\n            <th style =\"width=15%;\"> Fecha</th>\r\n            <th style =\"width=70%;\"> Razón Social o Nombre del establecimiento </th>\r\n        </tr>\r\n        <tr>\r\n            <td>?TIP_DOC_PROP?</td>\r\n            <td>?F_DOC?</td>\r\n            <td>?RFC_PROP?</td>\r\n        </tr>\r\n    </table>\r\n    <table style=\"text-align: center;  width: 100%;  \" align=\"center\">\r\n        <tr>\r\n            <th style =\"width=15%;\"> Documento Legal</th>\r\n            <th style =\"width=20%;\"> Cotejado con</th>\r\n            <th style =\"width=45%;\">Cargo y/o departamento</th>\r\n            <th style =\"width=20%;\">Teléfono</th>\r\n        </tr>\r\n        <tr>\r\n            <td>?DOC_LEGAL?</td>\r\n            <td>?COTEJADO_CON?</td>\r\n            <td>?CARGO_DTO?</td>\r\n            <td>?TEL_PROP?</td>\r\n        </tr>\r\n    </table>    \r\n    <table style=\"text-align: center;  width: 100%; \" align=\"center\">\r\n        <tr>\r\n            <th style =\"width=20%;\">Tipo de contacto</th>\r\n            <th style =\"width=60%;\">Lugar de contacto (Dirección)</th>\r\n            <th style =\"width=20%;\">Fecha</th>\r\n        </tr>\r\n        <tr>\r\n            <td>?CONTACTO?</td>\r\n            <td>?LUGAR_CONTACTO?</td>\r\n            <td>?F_CONTACTO?</td>\r\n        </tr>\r\n    </table>        \r\n    <table style=\"text-align: justify;  width: 100%; \" align=\"center\">\r\n        <tr><td style =\"width=100%;\"><p>\r\n        ?OBSERVACIONES_CONTACT?\r\n        </p></td></tr>\r\n    </table> \r\n<!-- PREEXISTENCIA DEL VEHÍCULO. -########################################### -->\r\n    <p style=\"text-align: center; font-weight: bold\">PREEXISTENCIA DEL VEHÍCULO.</p>\r\n    <p style=\"text-align: left; \">La preexistencia del bien asegurado se verificó en:</p>         \r\n    <table style=\"text-align: center;  width: 100%; \" align=\"center\">\r\n        <tr>\r\n            <th style =\"width=20%;\">Domicilio de N/A</th>\r\n            <th style =\"width=80%;\">Direccion</th>\r\n        </tr>\r\n        <tr>\r\n            <td style =\"width=20%;\">?DOMICILIO_NA?</td>\r\n            <td style =\"width=80%;\">?DIRECCION_PREX?</td>\r\n        </tr>\r\n    </table>\r\n    <br>\r\n    <table style=\"text-align: left;  width: 100%;  \" align=\"center\">\r\n        <tr>\r\n            <td style =\"width=40%;\"> Testigos de la preexistencia del vehículo:</td>\r\n            <td style =\"width=60%;\">?TESTIGOS_PREX?</td>\r\n        </tr>\r\n    </table>\r\n    <table style=\"text-align: left;  width: 100%; \" align=\"center\">\r\n        <tr>\r\n            <th style =\"width=40%;\"> Nombre</th>\r\n            <th style =\"width=60%;\">Dirección o referencia</th>\r\n        </tr>\r\n        <tr>\r\n            <td style =\"width=40%;\">?NOMBRE_PREX?</td>\r\n            <td style =\"width=60%;\">?DIR_REF_PREX?</td>\r\n        </tr>        \r\n    </table>      \r\n    <!-- Atributo 55-->\r\n    <table style=\"text-align: justify;  width: 100%; \" align=\"center\">\r\n        <tr><td style =\"width=100%;\"><p>\r\n        ?OBSERVACIONES_PREX?\r\n        </p></td></tr>\r\n    </table> \r\n<!--############################### VERIFICACIÓN DE PÓLIZAS -########################################### -->\r\n<!--############################### VERIFICACIÓN DE PÓLIZAS -########################################### -->\r\n    <p style=\"text-align: center; font-weight: bold\">VERIFICACIÓN DE PÓLIZAS.</p>\r\n    <br>    \r\n    <table style=\"text-align: center;  width: 100%; \" align=\"center\">\r\n        <tr>\r\n            <th style =\"width=25%;\">Póliza Anterior</th>\r\n            <th style =\"width=25%;\">Cobertura</th>\r\n            <th style =\"width=25%;\">Vigencia desde</th>\r\n            <th style =\"width=25%;\">Vigencia Hasta</th>\r\n        </tr>\r\n        <tr>\r\n            <td style =\"width=25%;\">?POL_ANTER?</td>\r\n            <td style =\"width=25%;\">?COBERTURA_ANTER?</td>\r\n            <td style =\"width=25%;\">?F_INI_ANTER?</td>\r\n            <td style =\"width=25%;\">?F_FIN_ANTER?</td>\r\n        </tr>\r\n    </table>\r\n    <!-- Atributo 60-->\r\n    <table style=\"text-align: justify;  width: 100%; \" align=\"center\">\r\n        <tr><td style =\"width=100%;\"><p>\r\n        ?OBSERVACION_ANTER?\r\n        </p></td></tr>\r\n    </table>    \r\n<!--############################### CARPETA DE INVESTIGACIÓN -########################################### -->\r\n<!--############################### CARPETA DE INVESTIGACIÓN -########################################### -->\r\n    <p style=\"text-align: center; font-weight: bold\">CARPETA DE INVESTIGACIÓN.</p>\r\n    <p style=\"text-align: left; \">Denuncia ante el Ministerio Público. ?DENUNCIA_MP?</p>\r\n    <br>    \r\n    <table style=\"text-align: center;  width: 100%; \" align=\"center\">\r\n        <tr>\r\n            <th style =\"width=20%;\">Alcaldía o Municipio.</th>\r\n            <th style =\"width=35%;\">Carpeta </th>\r\n            <th style =\"width=15%;\">Fecha</th>\r\n            <th style =\"width=10%;\">Hora</th>\r\n            <th style =\"width=20%;\">Registrada</th>\r\n        </tr>\r\n        <tr>\r\n            <td style =\"width=20%;\">?MUNICIPIO?</td>\r\n            <td style =\"width=35%;\">?CARPETA?</td>\r\n            <td style =\"width=15%;\">?F_INV?</td>\r\n            <td style =\"width=10%;\">?HORA_INV?</td>\r\n            <td style =\"width=20%;\">?CARP_REG?</td>\r\n        </tr>\r\n    </table>\r\n    <table style=\"text-align: center;  width: 100%;\" align=\"center\">\r\n        <tr>\r\n            <th style =\"width=20%;\">Carpeta Relacionada.</th>\r\n            <th style =\"width=35%;\">Carpeta </th>\r\n            <th style =\"width=45%;\">Motivo de la Carpeta relacionada.</th>\r\n        </tr>\r\n        <tr>\r\n            <td style =\"width=20%;\">?CARP_REG?</td>\r\n            <td style =\"width=35%;\"></td>\r\n            <td style =\"width=45%;\">?MOT_CARP_INV?</td>            \r\n        </tr>\r\n    </table>    \r\n    <!-- Atributo 68-->\r\n    <table style=\"text-align: justify;  width: 100%; \" align=\"center\">\r\n        <tr><td style =\"width=100%;\"><p>\r\n        ?OBSERVACION_INV?\r\n        </p></td></tr>\r\n    </table>       \r\n    <br>\r\n<!--############################### DOCUMENTOS ANEXOS. -########################################### -->\r\n<!--############################### DOCUMENTOS ANEXOS. -########################################### -->\r\n    <p style=\"text-align: center; font-weight: bold\">DOCUMENTOS ANEXOS.</p>\r\n    <p style=\"text-align: left; \">Documentos que se anexan a la investigación:</p>\r\n    <br>    \r\n    <table style=\"text-align: left;  width: 100%; \" align=\"center\">\r\n        <tr>\r\n            <td style =\"width=50%;\">?POLIZA_DOC?</td>\r\n            <td style =\"width=50%;\">?FACTURA_DOC?</td>\r\n        </tr>\r\n        <tr>\r\n            <td style =\"width=50%;\">?ACTA_MP_DOC?</td>\r\n            <td style =\"width=50%;\">?TENENCIAS?</td>\r\n        </tr>\r\n        <tr>\r\n            <td style =\"width=50%;\">?FOTOGRAFIAS_DOC?</td>\r\n            <td style =\"width=50%;\">?CUEST_ROBO_OTROS_DOC?</td>\r\n        </tr>\r\n    </table>\r\n<!--############################### CONCLUSIONES. -########################################### -->\r\n<!--############################### CONCLUSIONES. -########################################### -->\r\n    <br>\r\n    <br>\r\n    <br>\r\n    <br>\r\n    <p style=\"text-align: center; font-weight: bold\">CONCLUSIONES.</p>\r\n    <br>    \r\n    <table style=\"text-align: left;  width: 100%; border:2\" align=\"center\">\r\n        <tr>\r\n            <td style =\"width=50%;\"><b>Resultado del siniestro:</b></td>\r\n            <td style =\"width=50%;\">?CONCLUCION_CASO?</td>     \r\n        </tr>   \r\n    </table>\r\n    <p style=\"text-align: center; font-weight: bold\">CONSIDERANDO.</p>\r\n    <!-- Atributo 76-->\r\n    <table style=\"text-align: justify;  width: 100%; \" align=\"center\">\r\n        <tr><td style =\"width=100%;\"><p>\r\n        ?OBS_CONCLUSION?\r\n        </p></td></tr>\r\n    </table>     \r\n    <br>\r\n    <br>\r\n    <p>Atentamente.</p>\r\n    <br>\r\n    <br>\r\n    <br>\r\n    <p>Lic. César Quiñones G.<br>\r\n    Director Operativo<br>\r\n    Asesoría Legal Especializada e Investigaciones S.C<br>\r\n    alesi.sc@prodigy.net.mx</p>\r\n\r\n\r\n</page>');



















DELIMITER //
DROP PROCEDURE IF EXISTS p_crea_pdf//
CREATE PROCEDURE p_crea_pdf(IN p_id_caso INT, OUT p_plantilla TEXT) 
BEGIN 

	-- Declaracion de variables 
    DECLARE v_TIPO_CASO VARCHAR(45);
    DECLARE v_PDF_CODIGO, v_VALOR  TEXT;
    DECLARE v_FECHA_PDF, v_REF_INT  VARCHAR(45);
    DECLARE v_ID_CAMPO,v_ETIQUETA, v_TIPO_DATO, v_CATALOGO, v_REEMPLAZO varchar(150) DEFAULT "";
    DECLARE v_NUM_ATRIBUTO , finished INT DEFAULT 0;
    DECLARE cur_ATRIBUTOS
		CURSOR FOR select a.NUM_ATRIBUTO, a.ID_CAMPO, a.ETIQUETA, a.TIPO_DATO, a.CATALOGO, b.VALOR
					from ALESI_TATRICASO a, ALESI_TVALCASO b , ALESI_TCASO C
					where b.ID_CASO = p_id_caso
					AND B.ID_CASO = C.ID_CASO
					AND a.ID_EMPRESA = C.ID_EMPRESA
					and a.NUM_ATRIBUTO = b.NUM_ATRIBUTO
					order by a.NUM_ATRIBUTO;
                    -- LIMIT 7;
	DECLARE CONTINUE HANDLER FOR NOT FOUND SET finished = 1;
    
    -- seteo de valores para Mexico    
    SET lc_time_names = 'es_MX';
    
    -- Variables necesarias
	select  date_format(SYSDATE(),'%d de %M de %Y') INTO v_FECHA_PDF;
    select  lpad(p_id_caso,7,0) INTO v_REF_INT;
    
    
	-- obtencion del  parametro dependiendo el caso a buscar la plantilla
    select TIPO_CASO
    into v_TIPO_CASO
    from ALESI_TCASO 
    WHERE ID_CASO = p_id_caso;
    
    select PDF_CODIGO 
    into v_PDF_CODIGO 
    from ALESI_PDF_PLANTILLAS 
    where ID_PDF = v_TIPO_CASO;
    
    set v_PDF_CODIGO = replace(v_PDF_CODIGO, '?v_FECHA_PDF?',v_FECHA_PDF);   
    set v_PDF_CODIGO = replace(v_PDF_CODIGO, '?v_REF_INT?',v_REF_INT);   
    
    -- tratamiento de datos de acuerdo a la parametria del caso 
    
    -- select 'Hello World';
    
	OPEN cur_ATRIBUTOS; 
    getATRIBUTOS: LOOP
        FETCH cur_ATRIBUTOS INTO v_NUM_ATRIBUTO, v_ID_CAMPO, v_ETIQUETA,  v_TIPO_DATO, v_CATALOGO, v_VALOR;
        IF finished = 1 THEN 
            LEAVE getATRIBUTOS;
        END IF;
        -- Logica
        SET v_REEMPLAZO = '';
        SET v_REEMPLAZO = concat('?',v_ID_CAMPO,'?');
        
        
        
        -- dependiendo el tipo de dato se formatea
        if (v_VALOR is  NULL) or (v_VALOR = '') then
            set v_VALOR = ' ';
		else        
			if !(v_CATALOGO is not NULL) or (v_CATALOGO != '') then
				
                if (v_TIPO_DATO in('C','RC')) and (v_CATALOGO ='CAT_SI_NO')  then
					if v_VALOR = 'N' then
						set v_VALOR = concat('<input type="checkbox" >',v_ETIQUETA);
                    elseif v_VALOR = 'S' then
						set v_VALOR = concat('<input type="checkbox" checked="checked">',v_ETIQUETA);
                    end if;
				elseif (v_TIPO_DATO ='R') and (v_CATALOGO ='CAT_SI_NO')  then
					if v_VALOR = 'N' then
						set v_VALOR = '<input type="checkbox" >SI <input type="checkbox" checked="checked" >NO';
					elseif v_VALOR = 'S' then
						set v_VALOR = '<input type="checkbox" checked="checked" >SI <input type="checkbox"  >NO';
                    end if;
				else
					select DESCIPCION
					into v_VALOR
					from alesi_ntablas 
					where ID_TABLA= (select id_tabla from alesi_tablas where COD_TABLA =v_CATALOGO)
					and ID_CODIGO = v_VALOR; 
                end if;
				 
			else
				if v_TIPO_DATO = 'D' then
					set v_VALOR =  date_format(v_VALOR,'%d-%M-%Y');
				
				elseif v_TIPO_DATO ='A' then
					set v_VALOR = v_VALOR;
				elseif v_TIPO_DATO ='T' then
					set v_VALOR = replace(v_VALOR,'\n','<br>');
				end if;   
			end if;
		end if;
        
        
        set v_PDF_CODIGO = replace(v_PDF_CODIGO, v_REEMPLAZO,v_VALOR);   
    END LOOP getATRIBUTOS;
    CLOSE cur_ATRIBUTOS;
    
    set p_plantilla = v_PDF_CODIGO;
    
END
//
DELIMITER ;


-- -----------------------------------------
-- Parametria Cardif

-- --BLOQUES

INSERT INTO `ALESI_TABLAS`(`ID_TABLA`, `COD_TABLA`, `DESCIPCION`, `ID_TABL_DEP`, `EDITABLE`) VALUES (16, 'CAT_BLOQUES_C_TDC', 'CATALOGO DE BLOQUES PARA TARJETAS DE CARDIF', NULL, 'N');


-- CATALOGO DE BLOQUES
INSERT INTO `ALESI_NTABLAS`(`ID_TABLA`, `ID_CODIGO`, `DESCIPCION`, `CAMPO_A`, `CAMPO_B`, `CAMPO_C`) VALUES (16, '1', 'DIRIGIDO A', NULL, NULL, NULL);
INSERT INTO `ALESI_NTABLAS`(`ID_TABLA`, `ID_CODIGO`, `DESCIPCION`, `CAMPO_A`, `CAMPO_B`, `CAMPO_C`) VALUES (16, '2', 'DATOS DEL SINIESTRO.', NULL, NULL, NULL);
INSERT INTO `ALESI_NTABLAS`(`ID_TABLA`, `ID_CODIGO`, `DESCIPCION`, `CAMPO_A`, `CAMPO_B`, `CAMPO_C`) VALUES (16, '3', 'MOTIVO DE LA INVESTIGACIÓN..', NULL, NULL, NULL);
INSERT INTO `ALESI_NTABLAS`(`ID_TABLA`, `ID_CODIGO`, `DESCIPCION`, `CAMPO_A`, `CAMPO_B`, `CAMPO_C`) VALUES (16, '4', 'RESULTADO DE LA INVESTIGACIÓN.', NULL, NULL, NULL);
INSERT INTO `ALESI_NTABLAS`(`ID_TABLA`, `ID_CODIGO`, `DESCIPCION`, `CAMPO_A`, `CAMPO_B`, `CAMPO_C`) VALUES (16, '5', 'DECLARACION DEL ASEGURADO VERTIDA A LA ASEGURADORA.', NULL, NULL, NULL);
INSERT INTO `ALESI_NTABLAS`(`ID_TABLA`, `ID_CODIGO`, `DESCIPCION`, `CAMPO_A`, `CAMPO_B`, `CAMPO_C`) VALUES (16, '6', 'ENTREVISTA CON EL ASEGURADO.', NULL, NULL, NULL);
INSERT INTO `ALESI_NTABLAS`(`ID_TABLA`, `ID_CODIGO`, `DESCIPCION`, `CAMPO_A`, `CAMPO_B`, `CAMPO_C`) VALUES (16, '7', 'RECONSTRUCCIÓN E INSPECCION EN LUGAR DE LOS HECHOS.', NULL, NULL, NULL);
INSERT INTO `ALESI_NTABLAS`(`ID_TABLA`, `ID_CODIGO`, `DESCIPCION`, `CAMPO_A`, `CAMPO_B`, `CAMPO_C`) VALUES (16, '8', 'CARPETA DE INVESTIGACIÓN.', NULL, NULL, NULL);
INSERT INTO `ALESI_NTABLAS`(`ID_TABLA`, `ID_CODIGO`, `DESCIPCION`, `CAMPO_A`, `CAMPO_B`, `CAMPO_C`) VALUES (16, '9', 'DOCUMENTOS ANEXOS.', NULL, NULL, NULL);
INSERT INTO `ALESI_NTABLAS`(`ID_TABLA`, `ID_CODIGO`, `DESCIPCION`, `CAMPO_A`, `CAMPO_B`, `CAMPO_C`) VALUES (16, '10', 'CONCLUSIONES.', NULL, NULL, NULL);



INSERT INTO `ALESI_TATRICASO`(`ID_EMPRESA`, `TIPO_CASO`, `BLOQUE`, `ORDEN`, `NUM_ATRIBUTO`, `ID_CAMPO`, `ETIQUETA`, `TIPO_DATO`, `CATALOGO`, `DEFAULT`, `LONGITUD_MIN`, `LONGITUD_MAX`, `EDITABLE`) VALUES ('CARDIF', 'SINIESTRO_TDC_C', 1, 1, 1, 'DIRIGIDO_A', 'DIRIGIDO A', 'A', '', NULL, '1', '45', 'S');
INSERT INTO `ALESI_TATRICASO`(`ID_EMPRESA`, `TIPO_CASO`, `BLOQUE`, `ORDEN`, `NUM_ATRIBUTO`, `ID_CAMPO`, `ETIQUETA`, `TIPO_DATO`, `CATALOGO`, `DEFAULT`, `LONGITUD_MIN`, `LONGITUD_MAX`, `EDITABLE`) VALUES ('CARDIF', 'SINIESTRO_TDC_C', 1, 2, 2, 'CARGO', 'CARGO', 'A', '', NULL, '1', '45', 'S');


INSERT INTO `ALESI_TATRICASO`(`ID_EMPRESA`, `TIPO_CASO`, `BLOQUE`, `ORDEN`, `NUM_ATRIBUTO`, `ID_CAMPO`, `ETIQUETA`, `TIPO_DATO`, `CATALOGO`, `DEFAULT`, `LONGITUD_MIN`, `LONGITUD_MAX`, `EDITABLE`) VALUES ('CARDIF', 'SINIESTRO_TDC_C', 2, 1, 3, 'N_DE_SINIESTRO', 'NUMERO DE SINIESTRO', 'A', '', NULL, '1', '45', 'S');
INSERT INTO `ALESI_TATRICASO`(`ID_EMPRESA`, `TIPO_CASO`, `BLOQUE`, `ORDEN`, `NUM_ATRIBUTO`, `ID_CAMPO`, `ETIQUETA`, `TIPO_DATO`, `CATALOGO`, `DEFAULT`, `LONGITUD_MIN`, `LONGITUD_MAX`, `EDITABLE`) VALUES ('CARDIF', 'SINIESTRO_TDC_C', 2, 2, 4, 'F_DE_SINIESTRO', 'FECHA DEL SINIESTRO', 'D', '', NULL, NULL, '', 'S');
INSERT INTO `ALESI_TATRICASO`(`ID_EMPRESA`, `TIPO_CASO`, `BLOQUE`, `ORDEN`, `NUM_ATRIBUTO`, `ID_CAMPO`, `ETIQUETA`, `TIPO_DATO`, `CATALOGO`, `DEFAULT`, `LONGITUD_MIN`, `LONGITUD_MAX`, `EDITABLE`) VALUES ('CARDIF', 'SINIESTRO_TDC_C', 2, 3, 5, 'F_DE_REPORTE', 'FECHA DEL REPORTE', 'D', '', NULL, NULL, '', 'S');
INSERT INTO `ALESI_TATRICASO`(`ID_EMPRESA`, `TIPO_CASO`, `BLOQUE`, `ORDEN`, `NUM_ATRIBUTO`, `ID_CAMPO`, `ETIQUETA`, `TIPO_DATO`, `CATALOGO`, `DEFAULT`, `LONGITUD_MIN`, `LONGITUD_MAX`, `EDITABLE`) VALUES ('CARDIF', 'SINIESTRO_TDC_C', 2, 4, 6, 'COBERTURA', 'COBERTURA', 'A', 'CAT_COBERT', NULL, '1', '45', 'S');
INSERT INTO `ALESI_TATRICASO`(`ID_EMPRESA`, `TIPO_CASO`, `BLOQUE`, `ORDEN`, `NUM_ATRIBUTO`, `ID_CAMPO`, `ETIQUETA`, `TIPO_DATO`, `CATALOGO`, `DEFAULT`, `LONGITUD_MIN`, `LONGITUD_MAX`, `EDITABLE`) VALUES ('CARDIF', 'SINIESTRO_TDC_C', 2, 5, 7, 'NOM_ASEGURADO', 'NOMBRE DEL ASEGURADO', 'A', '', NULL, '1', '45', 'S');
INSERT INTO `ALESI_TATRICASO`(`ID_EMPRESA`, `TIPO_CASO`, `BLOQUE`, `ORDEN`, `NUM_ATRIBUTO`, `ID_CAMPO`, `ETIQUETA`, `TIPO_DATO`, `CATALOGO`, `DEFAULT`, `LONGITUD_MIN`, `LONGITUD_MAX`, `EDITABLE`) VALUES ('CARDIF', 'SINIESTRO_TDC_C', 2, 6, 8, 'NOM_RECLAMANTE', 'NOMBRE DEL RECLAMANTE', 'A', '', NULL, '1', '45', 'S');
INSERT INTO `ALESI_TATRICASO`(`ID_EMPRESA`, `TIPO_CASO`, `BLOQUE`, `ORDEN`, `NUM_ATRIBUTO`, `ID_CAMPO`, `ETIQUETA`, `TIPO_DATO`, `CATALOGO`, `DEFAULT`, `LONGITUD_MIN`, `LONGITUD_MAX`, `EDITABLE`) VALUES ('CARDIF', 'SINIESTRO_TDC_C', 2, 7, 9, 'CON_VIOLENCIA', 'ROBO CON VIOLENCIA', 'RC', 'CAT_SI_NO', 'N', '1', '1', 'S');
INSERT INTO `ALESI_TATRICASO`(`ID_EMPRESA`, `TIPO_CASO`, `BLOQUE`, `ORDEN`, `NUM_ATRIBUTO`, `ID_CAMPO`, `ETIQUETA`, `TIPO_DATO`, `CATALOGO`, `DEFAULT`, `LONGITUD_MIN`, `LONGITUD_MAX`, `EDITABLE`) VALUES ('CARDIF', 'SINIESTRO_TDC_C', 2, 8, 10, 'USO_TDC', 'USO DE TARJETA', 'RC', 'CAT_SI_NO', 'N', '1', '1', 'S');
INSERT INTO `ALESI_TATRICASO`(`ID_EMPRESA`, `TIPO_CASO`, `BLOQUE`, `ORDEN`, `NUM_ATRIBUTO`, `ID_CAMPO`, `ETIQUETA`, `TIPO_DATO`, `CATALOGO`, `DEFAULT`, `LONGITUD_MIN`, `LONGITUD_MAX`, `EDITABLE`) VALUES ('CARDIF', 'SINIESTRO_TDC_C', 2, 9, 11, 'EFECTIVO', 'EFECTIVO', 'RC', 'CAT_SI_NO', 'N', '1', '1', 'S');
INSERT INTO `ALESI_TATRICASO`(`ID_EMPRESA`, `TIPO_CASO`, `BLOQUE`, `ORDEN`, `NUM_ATRIBUTO`, `ID_CAMPO`, `ETIQUETA`, `TIPO_DATO`, `CATALOGO`, `DEFAULT`, `LONGITUD_MIN`, `LONGITUD_MAX`, `EDITABLE`) VALUES ('CARDIF', 'SINIESTRO_TDC_C', 2, 10, 12, 'COMPRA_PROTEGIDA', 'COMPRA PROTEGIDA', 'RC', 'CAT_SI_NO', 'N', '1', '1', 'S');


INSERT INTO `ALESI_TATRICASO`(`ID_EMPRESA`, `TIPO_CASO`, `BLOQUE`, `ORDEN`, `NUM_ATRIBUTO`, `ID_CAMPO`, `ETIQUETA`, `TIPO_DATO`, `CATALOGO`, `DEFAULT`, `LONGITUD_MIN`, `LONGITUD_MAX`, `EDITABLE`) VALUES ('CARDIF', 'SINIESTRO_TDC_C', 3, 1, 13, 'SINI_TREINTA_DIAS', 'SINIESTRO OCURRIDO DENTRO DE LOS 30 DIAS DE INICIO DE VIGENCIA', 'RC', 'CAT_SI_NO', 'N', '1', '1', 'S');
INSERT INTO `ALESI_TATRICASO`(`ID_EMPRESA`, `TIPO_CASO`, `BLOQUE`, `ORDEN`, `NUM_ATRIBUTO`, `ID_CAMPO`, `ETIQUETA`, `TIPO_DATO`, `CATALOGO`, `DEFAULT`, `LONGITUD_MIN`, `LONGITUD_MAX`, `EDITABLE`) VALUES ('CARDIF', 'SINIESTRO_TDC_C', 3, 2, 14, 'SUMA_ASEGURADA', 'SUMA ASEGURADA', 'RC', 'CAT_SI_NO', 'N', '1', '1', 'S');
INSERT INTO `ALESI_TATRICASO`(`ID_EMPRESA`, `TIPO_CASO`, `BLOQUE`, `ORDEN`, `NUM_ATRIBUTO`, `ID_CAMPO`, `ETIQUETA`, `TIPO_DATO`, `CATALOGO`, `DEFAULT`, `LONGITUD_MIN`, `LONGITUD_MAX`, `EDITABLE`) VALUES ('CARDIF', 'SINIESTRO_TDC_C', 3, 3, 15, 'REECONSTRUCCION_HECHOS', 'RECONSTRUCCION DE LOS HECHOS', 'RC', 'CAT_SI_NO', 'N', '1', '1', 'S');
INSERT INTO `ALESI_TATRICASO`(`ID_EMPRESA`, `TIPO_CASO`, `BLOQUE`, `ORDEN`, `NUM_ATRIBUTO`, `ID_CAMPO`, `ETIQUETA`, `TIPO_DATO`, `CATALOGO`, `DEFAULT`, `LONGITUD_MIN`, `LONGITUD_MAX`, `EDITABLE`) VALUES ('CARDIF', 'SINIESTRO_TDC_C', 3, 4, 16, 'FALSEDAD_DECALRACION', 'FALCEDAD DE DECLARACIONES', 'RC', 'CAT_SI_NO', 'N', '1', '1', 'S');
INSERT INTO `ALESI_TATRICASO`(`ID_EMPRESA`, `TIPO_CASO`, `BLOQUE`, `ORDEN`, `NUM_ATRIBUTO`, `ID_CAMPO`, `ETIQUETA`, `TIPO_DATO`, `CATALOGO`, `DEFAULT`, `LONGITUD_MIN`, `LONGITUD_MAX`, `EDITABLE`) VALUES ('CARDIF', 'SINIESTRO_TDC_C', 3, 5, 17, 'DOC_APOCRIFOS', 'POSIBLES DOCUMENTOS APOCRIFOS', 'RC', 'CAT_SI_NO', 'N', '1', '1', 'S');
INSERT INTO `ALESI_TATRICASO`(`ID_EMPRESA`, `TIPO_CASO`, `BLOQUE`, `ORDEN`, `NUM_ATRIBUTO`, `ID_CAMPO`, `ETIQUETA`, `TIPO_DATO`, `CATALOGO`, `DEFAULT`, `LONGITUD_MIN`, `LONGITUD_MAX`, `EDITABLE`) VALUES ('CARDIF', 'SINIESTRO_TDC_C', 3, 6, 18, 'OTROS', 'OTROS', 'RC', 'CAT_SI_NO', 'N', '1', '1', 'S');


INSERT INTO `ALESI_TATRICASO`(`ID_EMPRESA`, `TIPO_CASO`, `BLOQUE`, `ORDEN`, `NUM_ATRIBUTO`, `ID_CAMPO`, `ETIQUETA`, `TIPO_DATO`, `CATALOGO`, `DEFAULT`, `LONGITUD_MIN`, `LONGITUD_MAX`, `EDITABLE`) VALUES ('CARDIF', 'SINIESTRO_TDC_C', 4, 1, 19, 'RESULT_INVEST', 'EL SINIESTRO ES', 'R', 'CAT_REST_INV', NULL, '1', '1', 'S');



INSERT INTO `ALESI_TATRICASO`(`ID_EMPRESA`, `TIPO_CASO`, `BLOQUE`, `ORDEN`, `NUM_ATRIBUTO`, `ID_CAMPO`, `ETIQUETA`, `TIPO_DATO`, `CATALOGO`, `DEFAULT`, `LONGITUD_MIN`, `LONGITUD_MAX`, `EDITABLE`) VALUES ('CARDIF', 'SINIESTRO_TDC_C', 5, 1, 20, 'DECLA_INI', 'DECLARACION INICIAL', 'T', '', NULL, '1', '20000', 'S');


INSERT INTO `ALESI_TATRICASO`(`ID_EMPRESA`, `TIPO_CASO`, `BLOQUE`, `ORDEN`, `NUM_ATRIBUTO`, `ID_CAMPO`, `ETIQUETA`, `TIPO_DATO`, `CATALOGO`, `DEFAULT`, `LONGITUD_MIN`, `LONGITUD_MAX`, `EDITABLE`) VALUES ('CARDIF', 'SINIESTRO_TDC_C', 6, 1, 21, 'DESA_ENTREVISTA', 'DESARROLLO DE LA ENTREVISTA', 'T', '', NULL, '1', '20000', 'S');


INSERT INTO `ALESI_TATRICASO`(`ID_EMPRESA`, `TIPO_CASO`, `BLOQUE`, `ORDEN`, `NUM_ATRIBUTO`, `ID_CAMPO`, `ETIQUETA`, `TIPO_DATO`, `CATALOGO`, `DEFAULT`, `LONGITUD_MIN`, `LONGITUD_MAX`, `EDITABLE`) VALUES ('CARDIF', 'SINIESTRO_TDC_C', 7, 1, 22, 'LUGAR_VISITADO', 'LUGAR VISITADO', 'R', 'CAT_SI_NO', 'S', '1', '1', 'S');
INSERT INTO `ALESI_TATRICASO`(`ID_EMPRESA`, `TIPO_CASO`, `BLOQUE`, `ORDEN`, `NUM_ATRIBUTO`, `ID_CAMPO`, `ETIQUETA`, `TIPO_DATO`, `CATALOGO`, `DEFAULT`, `LONGITUD_MIN`, `LONGITUD_MAX`, `EDITABLE`) VALUES ('CARDIF', 'SINIESTRO_TDC_C', 7, 2, 23, 'UBICACION', 'UBICACION', 'A', '', NULL, '1', '250', 'S');
INSERT INTO `ALESI_TATRICASO`(`ID_EMPRESA`, `TIPO_CASO`, `BLOQUE`, `ORDEN`, `NUM_ATRIBUTO`, `ID_CAMPO`, `ETIQUETA`, `TIPO_DATO`, `CATALOGO`, `DEFAULT`, `LONGITUD_MIN`, `LONGITUD_MAX`, `EDITABLE`) VALUES ('CARDIF', 'SINIESTRO_TDC_C', 7, 3, 24, 'OBSERVACIONES', 'OBSERVACIONES', 'T', '', NULL, '1', '20000', 'S');




INSERT INTO `ALESI_TATRICASO`(`ID_EMPRESA`, `TIPO_CASO`, `BLOQUE`, `ORDEN`, `NUM_ATRIBUTO`, `ID_CAMPO`, `ETIQUETA`, `TIPO_DATO`, `CATALOGO`, `DEFAULT`, `LONGITUD_MIN`, `LONGITUD_MAX`, `EDITABLE`) VALUES ('CARDIF', 'SINIESTRO_TDC_C', 8, 1, 25, 'DENUNCIA_MP', 'DENUNCIA ANTE EL MINISTERIO PUBLICO', 'R', 'CAT_SI_NO', 'S', '1', '1', 'S');
INSERT INTO `ALESI_TATRICASO`(`ID_EMPRESA`, `TIPO_CASO`, `BLOQUE`, `ORDEN`, `NUM_ATRIBUTO`, `ID_CAMPO`, `ETIQUETA`, `TIPO_DATO`, `CATALOGO`, `DEFAULT`, `LONGITUD_MIN`, `LONGITUD_MAX`, `EDITABLE`) VALUES ('CARDIF', 'SINIESTRO_TDC_C', 8, 2, 26, 'MUNICIPIO', 'ALCALDIA O MONICIPIO', 'A', 'CAT_MUNICIPIO', NULL, '1', '150', 'S');
INSERT INTO `ALESI_TATRICASO`(`ID_EMPRESA`, `TIPO_CASO`, `BLOQUE`, `ORDEN`, `NUM_ATRIBUTO`, `ID_CAMPO`, `ETIQUETA`, `TIPO_DATO`, `CATALOGO`, `DEFAULT`, `LONGITUD_MIN`, `LONGITUD_MAX`, `EDITABLE`) VALUES ('CARDIF', 'SINIESTRO_TDC_C', 8, 3, 27, 'CARPETA', 'CARPETA', 'A', '', NULL, '1', '150', 'S');
INSERT INTO `ALESI_TATRICASO`(`ID_EMPRESA`, `TIPO_CASO`, `BLOQUE`, `ORDEN`, `NUM_ATRIBUTO`, `ID_CAMPO`, `ETIQUETA`, `TIPO_DATO`, `CATALOGO`, `DEFAULT`, `LONGITUD_MIN`, `LONGITUD_MAX`, `EDITABLE`) VALUES ('CARDIF', 'SINIESTRO_TDC_C', 8, 4, 28, 'F_INV', 'FECHA', 'D', '', NULL, '', NULL, 'S');
INSERT INTO `ALESI_TATRICASO`(`ID_EMPRESA`, `TIPO_CASO`, `BLOQUE`, `ORDEN`, `NUM_ATRIBUTO`, `ID_CAMPO`, `ETIQUETA`, `TIPO_DATO`, `CATALOGO`, `DEFAULT`, `LONGITUD_MIN`, `LONGITUD_MAX`, `EDITABLE`) VALUES ('CARDIF', 'SINIESTRO_TDC_C', 8, 5, 29, 'HORA_INV', 'HORA', 'A', '', NULL, NULL, NULL, 'S');
INSERT INTO `ALESI_TATRICASO`(`ID_EMPRESA`, `TIPO_CASO`, `BLOQUE`, `ORDEN`, `NUM_ATRIBUTO`, `ID_CAMPO`, `ETIQUETA`, `TIPO_DATO`, `CATALOGO`, `DEFAULT`, `LONGITUD_MIN`, `LONGITUD_MAX`, `EDITABLE`) VALUES ('CARDIF', 'SINIESTRO_TDC_C', 8, 6, 30, 'CARP_REG', 'REGISTRADA', 'R', 'CAT_SI_NO', 'N', '1', '1', 'S');
INSERT INTO `ALESI_TATRICASO`(`ID_EMPRESA`, `TIPO_CASO`, `BLOQUE`, `ORDEN`, `NUM_ATRIBUTO`, `ID_CAMPO`, `ETIQUETA`, `TIPO_DATO`, `CATALOGO`, `DEFAULT`, `LONGITUD_MIN`, `LONGITUD_MAX`, `EDITABLE`) VALUES ('CARDIF', 'SINIESTRO_TDC_C', 8, 7, 31, 'CARP_RELA', 'CARPETA RELACIONADA', 'R', 'CAT_SI_NO', 'N', '1', '1', 'S');
INSERT INTO `ALESI_TATRICASO`(`ID_EMPRESA`, `TIPO_CASO`, `BLOQUE`, `ORDEN`, `NUM_ATRIBUTO`, `ID_CAMPO`, `ETIQUETA`, `TIPO_DATO`, `CATALOGO`, `DEFAULT`, `LONGITUD_MIN`, `LONGITUD_MAX`, `EDITABLE`) VALUES ('CARDIF', 'SINIESTRO_TDC_C', 8, 8, 32, 'CARP_REL', 'CARPETA', 'A', '', NULL, '1', '150', 'S');
INSERT INTO `ALESI_TATRICASO`(`ID_EMPRESA`, `TIPO_CASO`, `BLOQUE`, `ORDEN`, `NUM_ATRIBUTO`, `ID_CAMPO`, `ETIQUETA`, `TIPO_DATO`, `CATALOGO`, `DEFAULT`, `LONGITUD_MIN`, `LONGITUD_MAX`, `EDITABLE`) VALUES ('CARDIF', 'SINIESTRO_TDC_C', 8, 9, 33, 'CARP_MOTIVO', 'MOTIVO DE LA CARPETA RELACIONADA', 'A', '', NULL, '1', '150', 'S');
INSERT INTO `ALESI_TATRICASO`(`ID_EMPRESA`, `TIPO_CASO`, `BLOQUE`, `ORDEN`, `NUM_ATRIBUTO`, `ID_CAMPO`, `ETIQUETA`, `TIPO_DATO`, `CATALOGO`, `DEFAULT`, `LONGITUD_MIN`, `LONGITUD_MAX`, `EDITABLE`) VALUES ('CARDIF', 'SINIESTRO_TDC_C', 8, 10, 34, 'OBSERVACION_INV', 'OBSERVACIONES', 'T', '', NULL, '1', '150', 'S');


INSERT INTO `ALESI_TATRICASO`(`ID_EMPRESA`, `TIPO_CASO`, `BLOQUE`, `ORDEN`, `NUM_ATRIBUTO`, `ID_CAMPO`, `ETIQUETA`, `TIPO_DATO`, `CATALOGO`, `DEFAULT`, `LONGITUD_MIN`, `LONGITUD_MAX`, `EDITABLE`) VALUES ('CARDIF', 'SINIESTRO_TDC_C', 9, 1, 35, 'POLIZA_DOC', 'POLIZA', 'RC', 'CAT_SI_NO', 'N', '1', '1', 'S');
INSERT INTO `ALESI_TATRICASO`(`ID_EMPRESA`, `TIPO_CASO`, `BLOQUE`, `ORDEN`, `NUM_ATRIBUTO`, `ID_CAMPO`, `ETIQUETA`, `TIPO_DATO`, `CATALOGO`, `DEFAULT`, `LONGITUD_MIN`, `LONGITUD_MAX`, `EDITABLE`) VALUES ('CARDIF', 'SINIESTRO_TDC_C', 9, 2, 36, 'ACTA_MP_DOC', 'ACTAS', 'RC', 'CAT_SI_NO', 'N', '1', '1', 'S');
INSERT INTO `ALESI_TATRICASO`(`ID_EMPRESA`, `TIPO_CASO`, `BLOQUE`, `ORDEN`, `NUM_ATRIBUTO`, `ID_CAMPO`, `ETIQUETA`, `TIPO_DATO`, `CATALOGO`, `DEFAULT`, `LONGITUD_MIN`, `LONGITUD_MAX`, `EDITABLE`) VALUES ('CARDIF', 'SINIESTRO_TDC_C', 9, 3, 37, 'FOTOGRAFIAS_DOC', 'FOTOGRAFIAS', 'RC', 'CAT_SI_NO', 'N', '1', '1', 'S');
INSERT INTO `ALESI_TATRICASO`(`ID_EMPRESA`, `TIPO_CASO`, `BLOQUE`, `ORDEN`, `NUM_ATRIBUTO`, `ID_CAMPO`, `ETIQUETA`, `TIPO_DATO`, `CATALOGO`, `DEFAULT`, `LONGITUD_MIN`, `LONGITUD_MAX`, `EDITABLE`) VALUES ('CARDIF', 'SINIESTRO_TDC_C', 9, 4, 38, 'CUEST_ROBO_OTROS_DOC', 'OTROS', 'RC', 'CAT_SI_NO', 'N', '1', '1', 'S');


INSERT INTO `ALESI_TATRICASO`(`ID_EMPRESA`, `TIPO_CASO`, `BLOQUE`, `ORDEN`, `NUM_ATRIBUTO`, `ID_CAMPO`, `ETIQUETA`, `TIPO_DATO`, `CATALOGO`, `DEFAULT`, `LONGITUD_MIN`, `LONGITUD_MAX`, `EDITABLE`) VALUES ('CARDIF', 'SINIESTRO_TDC_C', 10, 1, 39, 'CONCLUCION_CASO', 'RESULTADO DEL SINIESTRO', 'R', 'CAT_CONCLUSION', 'R', '1', '1', 'S');
INSERT INTO `ALESI_TATRICASO`(`ID_EMPRESA`, `TIPO_CASO`, `BLOQUE`, `ORDEN`, `NUM_ATRIBUTO`, `ID_CAMPO`, `ETIQUETA`, `TIPO_DATO`, `CATALOGO`, `DEFAULT`, `LONGITUD_MIN`, `LONGITUD_MAX`, `EDITABLE`) VALUES ('CARDIF', 'SINIESTRO_TDC_C', 10, 2, 40, 'OBS_CONCLUSION', 'OBSERVACIONES', 'T', NULL, NULL, '1', '20000', 'S');



-- ----- caso de prueba cardif

INSERT INTO `ALESI_TCASO` (`ID_CASO`,`ID_EMPRESA`,`TIPO_CASO`,`F_ALTA`,`F_ESTATUS`,`F_CIERRE`,`STATUS`,`ID_USUARIO_ALTA`,`ID_USUARIO_ASIGNADO`,`ID_USUARIO_ULTIMA_ACT`) VALUES (3,'CARDIF','SINIESTRO_TDC_C','2018-11-03','2018-11-03','2018-11-03','EN_CURSO','JECHUS','JECHUS','JECHUS');


INSERT INTO `ALESI_TVALCASO`(`ID_CASO`, `NUM_ATRIBUTO`, `VALOR`) VALUES (3, 1, 'Don Manuelito');
INSERT INTO `ALESI_TVALCASO`(`ID_CASO`, `NUM_ATRIBUTO`, `VALOR`) VALUES (3, 2, 'Presidente');
INSERT INTO `ALESI_TVALCASO`(`ID_CASO`, `NUM_ATRIBUTO`, `VALOR`) VALUES (3, 3, '1-2011-109');
INSERT INTO `ALESI_TVALCASO`(`ID_CASO`, `NUM_ATRIBUTO`, `VALOR`) VALUES (3, 4, '2019-11-23');
INSERT INTO `ALESI_TVALCASO`(`ID_CASO`, `NUM_ATRIBUTO`, `VALOR`) VALUES (3, 5, '2019-11-23');
INSERT INTO `ALESI_TVALCASO`(`ID_CASO`, `NUM_ATRIBUTO`, `VALOR`) VALUES (3, 6, 'A');
INSERT INTO `ALESI_TVALCASO`(`ID_CASO`, `NUM_ATRIBUTO`, `VALOR`) VALUES (3, 7, 'Octavio Flores');
INSERT INTO `ALESI_TVALCASO`(`ID_CASO`, `NUM_ATRIBUTO`, `VALOR`) VALUES (3, 8, 'Octavio Flores');
INSERT INTO `ALESI_TVALCASO`(`ID_CASO`, `NUM_ATRIBUTO`, `VALOR`) VALUES (3, 9, 'S');
INSERT INTO `ALESI_TVALCASO`(`ID_CASO`, `NUM_ATRIBUTO`, `VALOR`) VALUES (3, 10, 'S');
INSERT INTO `ALESI_TVALCASO`(`ID_CASO`, `NUM_ATRIBUTO`, `VALOR`) VALUES (3, 11, 'S');
INSERT INTO `ALESI_TVALCASO`(`ID_CASO`, `NUM_ATRIBUTO`, `VALOR`) VALUES (3, 12, 'S');
INSERT INTO `ALESI_TVALCASO`(`ID_CASO`, `NUM_ATRIBUTO`, `VALOR`) VALUES (3, 13, 'S');
INSERT INTO `ALESI_TVALCASO`(`ID_CASO`, `NUM_ATRIBUTO`, `VALOR`) VALUES (3, 14, 'N');
INSERT INTO `ALESI_TVALCASO`(`ID_CASO`, `NUM_ATRIBUTO`, `VALOR`) VALUES (3, 15, 'S');
INSERT INTO `ALESI_TVALCASO`(`ID_CASO`, `NUM_ATRIBUTO`, `VALOR`) VALUES (3, 16, 'N');
INSERT INTO `ALESI_TVALCASO`(`ID_CASO`, `NUM_ATRIBUTO`, `VALOR`) VALUES (3, 17, 'N');
INSERT INTO `ALESI_TVALCASO`(`ID_CASO`, `NUM_ATRIBUTO`, `VALOR`) VALUES (3, 18, 'N');
INSERT INTO `ALESI_TVALCASO`(`ID_CASO`, `NUM_ATRIBUTO`, `VALOR`) VALUES (3, 19, 'R');
INSERT INTO `ALESI_TVALCASO`(`ID_CASO`, `NUM_ATRIBUTO`, `VALOR`) VALUES (3, 20, 'MUCHO TEXTO AQUI');
INSERT INTO `ALESI_TVALCASO`(`ID_CASO`, `NUM_ATRIBUTO`, `VALOR`) VALUES (3, 21, 'mas texto aqui');
INSERT INTO `ALESI_TVALCASO`(`ID_CASO`, `NUM_ATRIBUTO`, `VALOR`) VALUES (3, 22, 'S');
INSERT INTO `ALESI_TVALCASO`(`ID_CASO`, `NUM_ATRIBUTO`, `VALOR`) VALUES (3, 23, 'EN ALGUN LUGAR');
INSERT INTO `ALESI_TVALCASO`(`ID_CASO`, `NUM_ATRIBUTO`, `VALOR`) VALUES (3, 24, 'MUCHO TEXTO AQUI');
INSERT INTO `ALESI_TVALCASO`(`ID_CASO`, `NUM_ATRIBUTO`, `VALOR`) VALUES (3, 25, 'N');
INSERT INTO `ALESI_TVALCASO`(`ID_CASO`, `NUM_ATRIBUTO`, `VALOR`) VALUES (3, 26, NULL);
INSERT INTO `ALESI_TVALCASO`(`ID_CASO`, `NUM_ATRIBUTO`, `VALOR`) VALUES (3, 27, NULL);
INSERT INTO `ALESI_TVALCASO`(`ID_CASO`, `NUM_ATRIBUTO`, `VALOR`) VALUES (3, 28, NULL);
INSERT INTO `ALESI_TVALCASO`(`ID_CASO`, `NUM_ATRIBUTO`, `VALOR`) VALUES (3, 29, NULL);
INSERT INTO `ALESI_TVALCASO`(`ID_CASO`, `NUM_ATRIBUTO`, `VALOR`) VALUES (3, 30, NULL);
INSERT INTO `ALESI_TVALCASO`(`ID_CASO`, `NUM_ATRIBUTO`, `VALOR`) VALUES (3, 31, NULL);
INSERT INTO `ALESI_TVALCASO`(`ID_CASO`, `NUM_ATRIBUTO`, `VALOR`) VALUES (3, 32, '');
INSERT INTO `ALESI_TVALCASO`(`ID_CASO`, `NUM_ATRIBUTO`, `VALOR`) VALUES (3, 33, NULL);
INSERT INTO `ALESI_TVALCASO`(`ID_CASO`, `NUM_ATRIBUTO`, `VALOR`) VALUES (3, 34, NULL);
INSERT INTO `ALESI_TVALCASO`(`ID_CASO`, `NUM_ATRIBUTO`, `VALOR`) VALUES (3, 35, 'S');
INSERT INTO `ALESI_TVALCASO`(`ID_CASO`, `NUM_ATRIBUTO`, `VALOR`) VALUES (3, 36, 'S');
INSERT INTO `ALESI_TVALCASO`(`ID_CASO`, `NUM_ATRIBUTO`, `VALOR`) VALUES (3, 37, 'S');
INSERT INTO `ALESI_TVALCASO`(`ID_CASO`, `NUM_ATRIBUTO`, `VALOR`) VALUES (3, 38, 'N');
INSERT INTO `ALESI_TVALCASO`(`ID_CASO`, `NUM_ATRIBUTO`, `VALOR`) VALUES (3, 39, 'P');
INSERT INTO `ALESI_TVALCASO`(`ID_CASO`, `NUM_ATRIBUTO`, `VALOR`) VALUES (3, 40, 'MUCHO TEXTO');


COMMIT;



-- ===============================================================================================================================
delimiter $$
drop procedure if exists p_insert_tvalocaso$$
create procedure p_insert_tvalocaso(  p_Operador VARCHAR(20),  p_id_casoP int,p_id_empresa VARCHAR(200), p_tipo_caso VARCHAR(200), p_id_usuario VARCHAR(200), json_in JSON, OUT P_MESSAGE VARCHAR(100))
BEGIN 
DECLARE finished, v_NUM_ATRIBUTO, p_id_caso INTEGER DEFAULT 0; 
DECLARE i INTEGER DEFAULT 0;
DECLARE usages,v_ID_CAMPO,v_ETIQUETA, v_TIPO_DATO, v_CATALOGO, v_REEMPLAZO VARCHAR(4000);
DECLARE v_PDF_CODIGO, v_VALOR , v_VALOR_JSON  TEXT;
DECLARE v_F_ALTA, v_F_FIN DATE;


DECLARE curParametria
   CURSOR FOR
       select a.NUM_ATRIBUTO, a.ID_CAMPO, a.ETIQUETA, a.TIPO_DATO, a.CATALOGO
			from ALESI_TATRICASO a,  ALESI_TCASO C
			where C.ID_CASO =  p_id_caso
			AND a.ID_EMPRESA = C.ID_EMPRESA
			order by a.NUM_ATRIBUTO;

-- START TRANSACTION;

DECLARE CONTINUE HANDLER 
    FOR NOT FOUND SET finished = 1;
	

	if p_Operador = 'I' then

	 -- insert a tcaso
	 set v_F_ALTA = date_format(SYSDATE(),'%Y-%m-%d');
	 set v_F_FIN =   DATE_ADD(date_format(SYSDATE(),'%Y-%m-%d'),INTERVAL 5 DAY) ;

	INSERT INTO ALESI_TCASO(`ID_CASO`, `ID_EMPRESA`, `TIPO_CASO`, `F_ALTA`, `F_ESTATUS`, `F_CIERRE`, `STATUS`, `ID_USUARIO_ALTA`, `ID_USUARIO_ASIGNADO`, `ID_USUARIO_ULTIMA_ACT`) 
	VALUES (null, p_id_empresa, p_tipo_caso, v_F_ALTA, v_F_ALTA, v_F_FIN, 'EN_CURSO', p_id_usuario, p_id_usuario, p_id_usuario);


	set p_id_caso =  last_insert_id();
	else
	set p_id_caso =p_id_casoP;

	end if;
	
	delete from ALESI_TVALCASO where ID_CASO =p_id_caso;
	commit;


OPEN curParametria;

	getCampos: LOOP
	
			FETCH curParametria INTO  v_NUM_ATRIBUTO, v_ID_CAMPO, v_ETIQUETA,  v_TIPO_DATO, v_CATALOGO;
			IF finished = 1 THEN 
					LEAVE getCampos;
			END IF;
			
			-- WHILE i < JSON_LENGTH(json_in) DO
				-- set v_valor_int = JSON_LENGTH(json_in) ; '$.county'
				
				 SET v_VALOR_JSON =  JSON_EXTRACT(json_in,CONCAT('$.',v_ID_CAMPO));
				 
				 SET v_VALOR_JSON = SUBSTRING(v_VALOR_JSON,2,LENGTH(v_VALOR_JSON)-2);
				 -- select SUBSTRING('"Cosa"',2,LENGTH('"Cosa"')-2) valor ;
				 if v_VALOR_JSON is null or v_VALOR_JSON = '' then
					set v_VALOR_JSON  = '';
				 end if;
				-- select * from alesi_tvalcaso.VALOR
				insert into ALESI_TVALCASO (ID_CASO,NUM_ATRIBUTO,VALOR) values (p_id_caso,v_NUM_ATRIBUTO,v_VALOR_JSON );
				-- SET i = i + 1;
			
			-- END WHILE;
    
		  -- SET i = 0;
						
	END LOOP getCampos;		
CLOSE curParametria;	

COMMIT;

SET P_MESSAGE = '1';

END $$
delimiter ;
-- ===============================================================================================================================

commit;