SET @OLD_UNIQUE_CHECKS=@@UNIQUE_CHECKS, UNIQUE_CHECKS=0;
SET @OLD_FOREIGN_KEY_CHECKS=@@FOREIGN_KEY_CHECKS, FOREIGN_KEY_CHECKS=0;
SET @OLD_SQL_MODE=@@SQL_MODE, SQL_MODE='ONLY_FULL_GROUP_BY,STRICT_TRANS_TABLES,NO_ZERO_IN_DATE,NO_ZERO_DATE,ERROR_FOR_DIVISION_BY_ZERO,NO_ENGINE_SUBSTITUTION';

-- -----------------------------------------------------
-- SCHEMA alesiorg_ALESI_BD
-- -----------------------------------------------------
-- DROP SCHEMA IF EXISTS `alesiorg_ALESI_BD` ;

-- -----------------------------------------------------
-- SCHEMA alesiorg_ALESI_BD
-- -----------------------------------------------------
-- CREATE SCHEMA IF NOT EXISTS `alesiorg_ALESI_BD` DEFAULT CHARACTER SET UTF8 ;
 USE `alesiorg_ALESI_BD` ;

-- -----------------------------------------------------
-- TABLE `alesiorg_ALESI_BD`.`ALESI_TUSUARIOS`
-- -----------------------------------------------------
DROP TABLE IF EXISTS `ALESI_TUSUARIOS` ;

CREATE TABLE IF NOT EXISTS `ALESI_TUSUARIOS` (
  `USUARIO` VARCHAR(45) NOT NULL,
  `ID_PERSONA` INT NOT NULL,
  `PASS` VARCHAR(45) NOT NULL,
  `ROL` VARCHAR(45) NOT NULL,
  `ID_EMPRESA` VARCHAR(45) NOT NULL,
  `STATUS` VARCHAR(45) NOT NULL,
  `F_ALTA` DATE NOT NULL,
  `F_ULTIMA_CONEXION` DATE NULL,
  PRIMARY KEY (`USUARIO`))
ENGINE = INNODB;


-- -----------------------------------------------------
-- TABLE `alesiorg_ALESI_BD`.`ALESI_TPERSONAS`
-- -----------------------------------------------------
DROP TABLE IF EXISTS `alesiorg_ALESI_BD`.`ALESI_TPERSONAS` ;

CREATE TABLE IF NOT EXISTS `alesiorg_ALESI_BD`.`ALESI_TPERSONAS` (
  `ID_PERSONA` INT NOT NULL AUTO_INCREMENT,
  `NOMBRE` VARCHAR(150) NOT NULL,
  `EDAD` INT NULL,
  `SEXO` VARCHAR(1) NULL,
  `TELEFONO` VARCHAR(20) NULL,
  `EMAIL` VARCHAR(45) NULL,
  `ID_EMPRESA` VARCHAR(45) NULL,
  `CARGO` VARCHAR(90) NULL,
  `OTROS` VARCHAR(45) NULL,
  `ESTADO` INT NULL,
  PRIMARY KEY (`ID_PERSONA`))
ENGINE = INNODB;


-- -----------------------------------------------------
-- TABLE `alesiorg_ALESI_BD`.`ALESI_TCASO`
-- -----------------------------------------------------
DROP TABLE IF EXISTS `alesiorg_ALESI_BD`.`ALESI_TCASO` ;

CREATE TABLE IF NOT EXISTS `alesiorg_ALESI_BD`.`ALESI_TCASO` (
  `ID_CASO` INT NOT NULL AUTO_INCREMENT,
  `ID_EMPRESA` VARCHAR(45) NOT NULL,
  `TIPO_CASO` VARCHAR(45) NOT NULL,
  `NUM_SINIESTRO` VARCHAR(45) NOT NULL,
  `F_ALTA` DATE NOT NULL,
  `F_ESTATUS` DATE NOT NULL,
  `F_CIERRE` DATE NOT NULL,
  `STATUS` VARCHAR(45) NOT NULL,
  `ID_USUARIO_ALTA` VARCHAR(45) NOT NULL,
  `ID_USUARIO_ASIGNADO` VARCHAR(45) NOT NULL,
  `ID_USUARIO_ULTIMA_ACT` VARCHAR(45) NOT NULL,
  PRIMARY KEY (`ID_CASO`))
ENGINE = INNODB;




-- -----------------------------------------------------
-- TABLE `alesiorg_ALESI_BD`.`ALESI_TATRICASO`
-- -----------------------------------------------------
DROP TABLE IF EXISTS `alesiorg_ALESI_BD`.`ALESI_TATRICASO` ;

CREATE TABLE IF NOT EXISTS `alesiorg_ALESI_BD`.`ALESI_TATRICASO` (
  `ID_EMPRESA` VARCHAR(45) NOT NULL,
  `TIPO_CASO` VARCHAR(45) NOT NULL,
  `BLOQUE` INT NOT NULL,
  `ORDEN` INT NOT NULL,
  `NUM_ATRIBUTO` INT NOT NULL,
  `ID_CAMPO` VARCHAR(150) NOT NULL,
  `ETIQUETA` VARCHAR(150) NOT NULL,
  `TIPO_DATO` VARCHAR(45) NOT NULL,
  `CATALOGO` VARCHAR(45) NULL,
  `DEFAULT` VARCHAR(45) NULL,
  `LONGITUD_MIN` VARCHAR(45) NULL,
  `LONGITUD_MAX` VARCHAR(45) NULL,
  `EDITABLE` VARCHAR(45) NULL,
  PRIMARY KEY (`ID_EMPRESA`, `TIPO_CASO`,`NUM_ATRIBUTO`))
ENGINE = INNODB;



-- -----------------------------------------------------
-- TABLE `alesiorg_ALESI_BD`.`ALESI_TABLAS`
-- -----------------------------------------------------
DROP TABLE IF EXISTS `alesiorg_ALESI_BD`.`ALESI_TABLAS` ;

CREATE TABLE IF NOT EXISTS `alesiorg_ALESI_BD`.`ALESI_TABLAS` (
  `ID_TABLA` INT NOT NULL  AUTO_INCREMENT,
  `COD_TABLA` VARCHAR(45) NOT NULL,
  `DESCIPCION` VARCHAR(150) NOT NULL,
  `ID_TABL_DEP` INT NULL,
  `EDITABLE` VARCHAR(45)  NULL,
  PRIMARY KEY (`ID_TABLA`))
ENGINE = INNODB;


-- -----------------------------------------------------
-- TABLE `alesiorg_ALESI_BD`.`ALESI_NTABLAS`
-- -----------------------------------------------------
DROP TABLE IF EXISTS `alesiorg_ALESI_BD`.`ALESI_NTABLAS` ;

CREATE TABLE IF NOT EXISTS `alesiorg_ALESI_BD`.`ALESI_NTABLAS` (
  `ID_TABLA` INT NOT NULL,
  `ID_CODIGO` VARCHAR(45) NOT NULL,
  `DESCIPCION` VARCHAR(150) NOT NULL,
  `CAMPO_A` VARCHAR(45) NULL,
  `CAMPO_B` VARCHAR(45) NULL,
  `CAMPO_C` VARCHAR(45) NULL,
  PRIMARY KEY (`ID_TABLA`, `ID_CODIGO`),
  CONSTRAINT `FK_NTQBLAS`
    FOREIGN KEY (`ID_TABLA`)
    REFERENCES `alesiorg_ALESI_BD`.`ALESI_TABLAS` (`ID_TABLA`)
    ON DELETE NO ACTION
    ON UPDATE NO ACTION)
ENGINE = INNODB;

/*
SET SQL_MODE = '';
DROP USER IF EXISTS alesiorg_ALESI_BD_USER;
SET SQL_MODE='ONLY_FULL_GROUP_BY,STRICT_TRANS_TABLES,NO_ZERO_IN_DATE,NO_ZERO_DATE,ERROR_FOR_DIVISION_BY_ZERO,NO_ENGINE_SUBSTITUTION';
CREATE USER 'alesiorg_ALESI_BD_USER' IDENTIFIED BY 'EGWZXNGWPDG';

-- USUARIO PARA CONEXION EXTERNALLY
--
-- BD   alesiorg_ALESI_BD
-- USR  alesiorg_ALESI_BD_USER
-- PASS EGWZXNGWPDG
--

GRANT ALL ON `alesiorg_ALESI_BD`.* TO 'alesiorg_ALESI_BD_USER';
GRANT SELECT, INSERT, TRIGGER ON TABLE `alesiorg_ALESI_BD`.* TO 'alesiorg_ALESI_BD_USER';
*/

SET SQL_MODE=@OLD_SQL_MODE;
SET FOREIGN_KEY_CHECKS=@OLD_FOREIGN_KEY_CHECKS;
SET UNIQUE_CHECKS=@OLD_UNIQUE_CHECKS;


-- -----------------------------------------------------
-- TABLE `alesiorg_ALESI_BD`.`ALESI_TVALCASO`
-- -----------------------------------------------------
DROP TABLE IF EXISTS `alesiorg_ALESI_BD`.`ALESI_TVALCASO` ;

CREATE TABLE IF NOT EXISTS `alesiorg_ALESI_BD`.`ALESI_TVALCASO` (
  `ID_CASO` INT NOT NULL,
  `NUM_ATRIBUTO` INT NOT NULL,
  `VALOR` VARCHAR(20000) NULL,
  PRIMARY KEY (`ID_CASO`,`NUM_ATRIBUTO`),
  CONSTRAINT `FK_2`
    FOREIGN KEY (`ID_CASO`)
    REFERENCES `alesiorg_ALESI_BD`.`ALESI_TCASO` (`ID_CASO`)
    ON DELETE NO ACTION
    ON UPDATE NO ACTION)
ENGINE = INNODB;




-- -----------------------------------------------------
-- TABLE `alesiorg_ALESI_BD`.`ALESI_TVALCASO_2`
-- -----------------------------------------------------
/*DROP TABLE IF EXISTS `alesiorg_ALESI_BD`.`ALESI_TVALCASO_2` ;

CREATE TABLE IF NOT EXISTS `alesiorg_ALESI_BD`.`ALESI_TVALCASO_2` (
  `VALOR1` VARCHAR(20000) NULL,
  `VALOR2` VARCHAR(20000) NULL,
  `VALOR3` VARCHAR(20000) NULL,
  `VALOR4` VARCHAR(20000) NULL,
  `VALOR5` VARCHAR(20000) NULL,
  `VALOR6` VARCHAR(20000) NULL,
  `VALOR7` VARCHAR(20000) NULL,
  `VALOR8` VARCHAR(20000) NULL,
  `VALOR9` VARCHAR(20000) NULL,
  `VALOR10` VARCHAR(20000) NULL,
  `VALOR11` VARCHAR(20000) NULL,
  `VALOR12` VARCHAR(20000) NULL,
  `VALOR13` VARCHAR(20000) NULL,
  `VALOR14` VARCHAR(20000) NULL,
  `VALOR15` VARCHAR(20000) NULL,
  `VALOR16` VARCHAR(20000) NULL,
  `VALOR17` VARCHAR(20000) NULL,
  `VALOR18` VARCHAR(20000) NULL,
  `VALOR19` VARCHAR(20000) NULL,
  `VALOR20` VARCHAR(20000) NULL,
  `VALOR21` VARCHAR(20000) NULL,
  `VALOR22` VARCHAR(20000) NULL,
  `VALOR23` VARCHAR(20000) NULL,
  `VALOR24` VARCHAR(20000) NULL,
  `VALOR25` VARCHAR(20000) NULL,
  `VALOR26` VARCHAR(20000) NULL,
  `VALOR27` VARCHAR(20000) NULL,
  `VALOR28` VARCHAR(20000) NULL,
  `VALOR29` VARCHAR(20000) NULL,
  `VALOR30` VARCHAR(20000) NULL,
  `VALOR31` VARCHAR(20000) NULL,
  `VALOR32` VARCHAR(20000) NULL,
  `VALOR33` VARCHAR(20000) NULL,
  `VALOR34` VARCHAR(20000) NULL,
  `VALOR35` VARCHAR(20000) NULL,
  `VALOR36` VARCHAR(20000) NULL,
  `VALOR37` VARCHAR(20000) NULL,
  `VALOR38` VARCHAR(20000) NULL,
  `VALOR39` VARCHAR(20000) NULL,
  `VALOR40` VARCHAR(20000) NULL,
  `VALOR41` VARCHAR(20000) NULL,
  `VALOR42` VARCHAR(20000) NULL,
  `VALOR43` VARCHAR(20000) NULL,
  `VALOR44` VARCHAR(20000) NULL,
  `VALOR45` VARCHAR(20000) NULL,
  `VALOR46` VARCHAR(20000) NULL,
  `VALOR47` VARCHAR(20000) NULL,
  `VALOR48` VARCHAR(20000) NULL,
  `VALOR49` VARCHAR(20000) NULL,
  `VALOR50` VARCHAR(20000) NULL,
  `VALOR51` VARCHAR(20000) NULL,
  `VALOR52` VARCHAR(20000) NULL,
  `VALOR53` VARCHAR(20000) NULL,
  `VALOR54` VARCHAR(20000) NULL,
  `VALOR55` VARCHAR(20000) NULL,
  `VALOR56` VARCHAR(20000) NULL,
  `VALOR57` VARCHAR(20000) NULL,
  `VALOR58` VARCHAR(20000) NULL,
  `VALOR59` VARCHAR(20000) NULL,
  `VALOR60` VARCHAR(20000) NULL,
  `VALOR61` VARCHAR(20000) NULL,
  `VALOR62` VARCHAR(20000) NULL,
  `VALOR63` VARCHAR(20000) NULL,
  `VALOR64` VARCHAR(20000) NULL,
  `VALOR65` VARCHAR(20000) NULL,
  `VALOR66` VARCHAR(20000) NULL,
  `VALOR67` VARCHAR(20000) NULL,
  `VALOR68` VARCHAR(20000) NULL,
  `VALOR69` VARCHAR(20000) NULL,
  `VALOR70` VARCHAR(20000) NULL,
  `VALOR71` VARCHAR(20000) NULL,
  `VALOR72` VARCHAR(20000) NULL,
  `VALOR73` VARCHAR(20000) NULL,
  `VALOR74` VARCHAR(20000) NULL,
  `VALOR75` VARCHAR(20000) NULL,
  `VALOR76` VARCHAR(20000) NULL,
  `VALOR77` VARCHAR(20000) NULL,
  `VALOR78` VARCHAR(20000) NULL,
  `VALOR79` VARCHAR(20000) NULL,
  `VALOR80` VARCHAR(20000) NULL,
  `VALOR81` VARCHAR(20000) NULL,
  `VALOR82` VARCHAR(20000) NULL,
  `VALOR83` VARCHAR(20000) NULL,
  `VALOR84` VARCHAR(20000) NULL,
  `VALOR85` VARCHAR(20000) NULL,
  `VALOR86` VARCHAR(20000) NULL,
  `VALOR87` VARCHAR(20000) NULL,
  `VALOR88` VARCHAR(20000) NULL,
  `VALOR89` VARCHAR(20000) NULL,
  `VALOR90` VARCHAR(20000) NULL,
  `VALOR91` VARCHAR(20000) NULL,
  `VALOR92` VARCHAR(20000) NULL,
  `VALOR93` VARCHAR(20000) NULL,
  `VALOR94` VARCHAR(20000) NULL,
  
  `VALOR95` VARCHAR(20000) NULL,
  `VALOR96` VARCHAR(20000) NULL,
  `VALOR97` VARCHAR(20000) NULL,
  `VALOR98` VARCHAR(20000) NULL,
  `VALOR99` VARCHAR(20000) NULL,
  `VALOR100` VARCHAR(20000) NULL)
ENGINE = INNODB;
*/
--
INSERT INTO `ALESI_TABLAS` (`ID_TABLA`,`COD_TABLA`,`DESCIPCION`,`ID_TABL_DEP`,`EDITABLE`) VALUES (1,'CAT_EMPRESA','CATALOGO DE EMPRESAS',NULL,'S');
INSERT INTO `ALESI_TABLAS` (`ID_TABLA`,`COD_TABLA`,`DESCIPCION`,`ID_TABL_DEP`,`EDITABLE`) VALUES (2,'CAT_ROL','CATALOGO DE ROLES',NULL,'S');
INSERT INTO `ALESI_TABLAS` (`ID_TABLA`,`COD_TABLA`,`DESCIPCION`,`ID_TABL_DEP`,`EDITABLE`) VALUES (3,'CAT_TIP_CASO','CATALOGO DE TIPOS DE CASOS',NULL,'S');
INSERT INTO `ALESI_TABLAS` (`ID_TABLA`,`COD_TABLA`,`DESCIPCION`,`ID_TABL_DEP`,`EDITABLE`) VALUES (4,'CAT_COBERT','CATALOGO DE COBERTURAS',NULL,'S');
INSERT INTO `ALESI_TABLAS` (`ID_TABLA`,`COD_TABLA`,`DESCIPCION`,`ID_TABL_DEP`,`EDITABLE`) VALUES (5,'CAT_TIP_SINIEST','CATALOGO DE TIPO DE SINIESTROS',NULL,'S');
INSERT INTO `ALESI_TABLAS` (`ID_TABLA`,`COD_TABLA`,`DESCIPCION`,`ID_TABL_DEP`,`EDITABLE`) VALUES (6,'CAT_AUTO_MARCA','CATALOGO DE MARCAS DE AUTOS',NULL,'S');
INSERT INTO `ALESI_TABLAS` (`ID_TABLA`,`COD_TABLA`,`DESCIPCION`,`ID_TABL_DEP`,`EDITABLE`) VALUES (7,'CAT_AUTO_TIPO','CATALOGO DE SUBTIPO DE MARCAS DE AUTOS',6,'S');
INSERT INTO `ALESI_TABLAS` (`ID_TABLA`,`COD_TABLA`,`DESCIPCION`,`ID_TABL_DEP`,`EDITABLE`) VALUES (8,'CAT_COLOR','CATALOLO DE COLORES',NULL,'S');
INSERT INTO `ALESI_TABLAS` (`ID_TABLA`,`COD_TABLA`,`DESCIPCION`,`ID_TABL_DEP`,`EDITABLE`) VALUES (9,'CAT_REST_INV','CATALOGO DE RESULTADOS DE INVESTIGACION',NULL,'S');
INSERT INTO `ALESI_TABLAS` (`ID_TABLA`,`COD_TABLA`,`DESCIPCION`,`ID_TABL_DEP`,`EDITABLE`) VALUES (10,'CAT_TIP_CONTACT','CATALOGO DE TIPO DE CONTACTO',NULL,'S');
INSERT INTO `ALESI_TABLAS` (`ID_TABLA`,`COD_TABLA`,`DESCIPCION`,`ID_TABL_DEP`,`EDITABLE`) VALUES (11,'CAT_MUNICIPIO','CATALOGO DE MUNICIPIOS',NULL,'S');
INSERT INTO `ALESI_TABLAS` (`ID_TABLA`,`COD_TABLA`,`DESCIPCION`,`ID_TABL_DEP`,`EDITABLE`) VALUES (12,'CAT_CONCLUSION','CATALOGO DE CONCLUSIONES DE LOS CASOS',NULL,'S');
INSERT INTO `ALESI_TABLAS` (`ID_TABLA`,`COD_TABLA`,`DESCIPCION`,`ID_TABL_DEP`,`EDITABLE`) VALUES (13,'CAT_BLOQUES_S_AUTOS','CATALOGO DE BLOQUES PARA AUTOS DE SURA',NULL,'N');
INSERT INTO `ALESI_TABLAS` (`ID_TABLA`,`COD_TABLA`,`DESCIPCION`,`ID_TABL_DEP`,`EDITABLE`) VALUES (14,'CAT_TIP_DATOS','CATALOGO DE TIPO DE DATOS',NULL,'N');
INSERT INTO `ALESI_TABLAS` (`ID_TABLA`,`COD_TABLA`,`DESCIPCION`,`ID_TABL_DEP`,`EDITABLE`) VALUES (15,'CAT_SI_NO','CATALOGO SI NO ',NULL,'N');
INSERT INTO `ALESI_TABLAS` (`ID_TABLA`,`COD_TABLA`,`DESCIPCION`,`ID_TABL_DEP`,`EDITABLE`) VALUES (17, 'CAT_ESTADOS_CASO', 'CATALOGO DE ESTDOS DE LOS CASOS',NULL, 'N');

--
INSERT INTO `ALESI_NTABLAS` (`ID_TABLA`,`ID_CODIGO`,`DESCIPCION`,`CAMPO_A`,`CAMPO_B`,`CAMPO_C`) VALUES (1,'SOPORTEALESI','EMPRESA QUE BRINDA SOPORTE PARA ALESI',NULL,NULL,NULL);
INSERT INTO `ALESI_NTABLAS` (`ID_TABLA`,`ID_CODIGO`,`DESCIPCION`,`CAMPO_A`,`CAMPO_B`,`CAMPO_C`) VALUES (1,'SURA','SURA SEGUROS MEXICO','ASG',NULL,NULL);
INSERT INTO `ALESI_NTABLAS` (`ID_TABLA`,`ID_CODIGO`,`DESCIPCION`,`CAMPO_A`,`CAMPO_B`,`CAMPO_C`) VALUES (1,'CARDIF','CARDIF MÉXICO SEGUROS GENERALES S.A. DE C.V','ASG',NULL,NULL);
INSERT INTO `ALESI_NTABLAS` (`ID_TABLA`,`ID_CODIGO`,`DESCIPCION`,`CAMPO_A`,`CAMPO_B`,`CAMPO_C`) VALUES (2,'DEV1','PERFIL DESARROLLADOR TIPO1',NULL,NULL,NULL);
INSERT INTO `ALESI_NTABLAS` (`ID_TABLA`,`ID_CODIGO`,`DESCIPCION`,`CAMPO_A`,`CAMPO_B`,`CAMPO_C`) VALUES (2,'ADM','PERFIL ADMINISTRADOR',NULL,NULL,NULL);
INSERT INTO `ALESI_NTABLAS` (`ID_TABLA`,`ID_CODIGO`,`DESCIPCION`,`CAMPO_A`,`CAMPO_B`,`CAMPO_C`) VALUES (2,'USER','PERFIL USUARIO/COLABORADOR',NULL,NULL,NULL);
INSERT INTO `ALESI_NTABLAS` (`ID_TABLA`,`ID_CODIGO`,`DESCIPCION`,`CAMPO_A`,`CAMPO_B`,`CAMPO_C`) VALUES (2,'ASG','PERFIL USUARIO/ASEGURADORA',NULL,NULL,NULL);
INSERT INTO `ALESI_NTABLAS` (`ID_TABLA`,`ID_CODIGO`,`DESCIPCION`,`CAMPO_A`,`CAMPO_B`,`CAMPO_C`) VALUES (3,'SINIESTRO_AUTO_S','CASOS PARA SINIESTROS DE AUTOS -SURA','SURA',NULL,NULL);
INSERT INTO `ALESI_NTABLAS` (`ID_TABLA`,`ID_CODIGO`,`DESCIPCION`,`CAMPO_A`,`CAMPO_B`,`CAMPO_C`) VALUES (3,'SINIESTRO_TDC_C','CASOS PARA SINIESTROS DE TDC - CARDIF','CARDIF',NULL,NULL);
INSERT INTO `ALESI_NTABLAS` (`ID_TABLA`,`ID_CODIGO`,`DESCIPCION`,`CAMPO_A`,`CAMPO_B`,`CAMPO_C`) VALUES (4,'A','AMPLIA',NULL,NULL,NULL);
INSERT INTO `ALESI_NTABLAS` (`ID_TABLA`,`ID_CODIGO`,`DESCIPCION`,`CAMPO_A`,`CAMPO_B`,`CAMPO_C`) VALUES (4,'B','BASICA',NULL,NULL,NULL);
INSERT INTO `ALESI_NTABLAS` (`ID_TABLA`,`ID_CODIGO`,`DESCIPCION`,`CAMPO_A`,`CAMPO_B`,`CAMPO_C`) VALUES (4,'L','LIMIATADA',NULL,NULL,NULL);
INSERT INTO `ALESI_NTABLAS` (`ID_TABLA`,`ID_CODIGO`,`DESCIPCION`,`CAMPO_A`,`CAMPO_B`,`CAMPO_C`) VALUES (4,'N/A','N/A',NULL,NULL,NULL);
INSERT INTO `ALESI_NTABLAS` (`ID_TABLA`,`ID_CODIGO`,`DESCIPCION`,`CAMPO_A`,`CAMPO_B`,`CAMPO_C`) VALUES (4,'T','TOTAL',NULL,NULL,NULL);
INSERT INTO `ALESI_NTABLAS` (`ID_TABLA`,`ID_CODIGO`,`DESCIPCION`,`CAMPO_A`,`CAMPO_B`,`CAMPO_C`) VALUES (5,'1','ROBO CON VIOLENCIA',NULL,NULL,NULL);
INSERT INTO `ALESI_NTABLAS` (`ID_TABLA`,`ID_CODIGO`,`DESCIPCION`,`CAMPO_A`,`CAMPO_B`,`CAMPO_C`) VALUES (5,'2','ROBO SIN VIOLENCIA',NULL,NULL,NULL);
INSERT INTO `ALESI_NTABLAS` (`ID_TABLA`,`ID_CODIGO`,`DESCIPCION`,`CAMPO_A`,`CAMPO_B`,`CAMPO_C`) VALUES (5,'3','ROBONO EN DOMICILIO',NULL,NULL,NULL);
INSERT INTO `ALESI_NTABLAS` (`ID_TABLA`,`ID_CODIGO`,`DESCIPCION`,`CAMPO_A`,`CAMPO_B`,`CAMPO_C`) VALUES (5,'4','COLISIÔö£├┤N Y/O VUELCO',NULL,NULL,NULL);
/*INSERT INTO `ALESI_NTABLAS` (`ID_TABLA`,`ID_CODIGO`,`DESCIPCION`,`CAMPO_A`,`CAMPO_B`,`CAMPO_C`) VALUES (6,'0001','NISSAN',NULL,NULL,NULL);
INSERT INTO `ALESI_NTABLAS` (`ID_TABLA`,`ID_CODIGO`,`DESCIPCION`,`CAMPO_A`,`CAMPO_B`,`CAMPO_C`) VALUES (6,'0002','FORD',NULL,NULL,NULL);
INSERT INTO `ALESI_NTABLAS` (`ID_TABLA`,`ID_CODIGO`,`DESCIPCION`,`CAMPO_A`,`CAMPO_B`,`CAMPO_C`) VALUES (6,'0003','CHEVROLET',NULL,NULL,NULL);
INSERT INTO `ALESI_NTABLAS` (`ID_TABLA`,`ID_CODIGO`,`DESCIPCION`,`CAMPO_A`,`CAMPO_B`,`CAMPO_C`) VALUES (6,'0004','TOYOTA',NULL,NULL,NULL);*/

insert into ALESI_NTABLAS(ID_TABLA,ID_CODIGO,DESCIPCION)VALUES(6,'0001','ACURA');
insert into ALESI_NTABLAS(ID_TABLA,ID_CODIGO,DESCIPCION)VALUES(6,'0002','ALFA ROMEO');
insert into ALESI_NTABLAS(ID_TABLA,ID_CODIGO,DESCIPCION)VALUES(6,'0003','ANTIGUOS');
insert into ALESI_NTABLAS(ID_TABLA,ID_CODIGO,DESCIPCION)VALUES(6,'0004','ANTIGUOS PICKUP');
insert into ALESI_NTABLAS(ID_TABLA,ID_CODIGO,DESCIPCION)VALUES(6,'0005','ANTIGUOS VALOR');
insert into ALESI_NTABLAS(ID_TABLA,ID_CODIGO,DESCIPCION)VALUES(6,'0006','AUDI');
insert into ALESI_NTABLAS(ID_TABLA,ID_CODIGO,DESCIPCION)VALUES(6,'0007','AUTOBACK BRONZE');
insert into ALESI_NTABLAS(ID_TABLA,ID_CODIGO,DESCIPCION)VALUES(6,'0008','AUTOBACK GOLD');
insert into ALESI_NTABLAS(ID_TABLA,ID_CODIGO,DESCIPCION)VALUES(6,'0009','AUTOBACK IRON');
insert into ALESI_NTABLAS(ID_TABLA,ID_CODIGO,DESCIPCION)VALUES(6,'0010','AUTOBACK PLATIN');
insert into ALESI_NTABLAS(ID_TABLA,ID_CODIGO,DESCIPCION)VALUES(6,'0011','AUTOBACK SILVER');
insert into ALESI_NTABLAS(ID_TABLA,ID_CODIGO,DESCIPCION)VALUES(6,'0012','AUTOS TURISTAS');
insert into ALESI_NTABLAS(ID_TABLA,ID_CODIGO,DESCIPCION)VALUES(6,'0013','BAIC');
insert into ALESI_NTABLAS(ID_TABLA,ID_CODIGO,DESCIPCION)VALUES(6,'0014','BMW');
insert into ALESI_NTABLAS(ID_TABLA,ID_CODIGO,DESCIPCION)VALUES(6,'0015','CADILLAC');
insert into ALESI_NTABLAS(ID_TABLA,ID_CODIGO,DESCIPCION)VALUES(6,'0016','CHEVROLET');
insert into ALESI_NTABLAS(ID_TABLA,ID_CODIGO,DESCIPCION)VALUES(6,'0017','CHEVROLET1');
insert into ALESI_NTABLAS(ID_TABLA,ID_CODIGO,DESCIPCION)VALUES(6,'0018','CHRYSLER');
insert into ALESI_NTABLAS(ID_TABLA,ID_CODIGO,DESCIPCION)VALUES(6,'0019','CHRYSLER1');
insert into ALESI_NTABLAS(ID_TABLA,ID_CODIGO,DESCIPCION)VALUES(6,'0020','DINA');
insert into ALESI_NTABLAS(ID_TABLA,ID_CODIGO,DESCIPCION)VALUES(6,'0021','FAMSA');
insert into ALESI_NTABLAS(ID_TABLA,ID_CODIGO,DESCIPCION)VALUES(6,'0022','FAW');
insert into ALESI_NTABLAS(ID_TABLA,ID_CODIGO,DESCIPCION)VALUES(6,'0023','FIAT');
insert into ALESI_NTABLAS(ID_TABLA,ID_CODIGO,DESCIPCION)VALUES(6,'0024','FORD');
insert into ALESI_NTABLAS(ID_TABLA,ID_CODIGO,DESCIPCION)VALUES(6,'0025','FORD1');
insert into ALESI_NTABLAS(ID_TABLA,ID_CODIGO,DESCIPCION)VALUES(6,'0026','FRONTERIZOS');
insert into ALESI_NTABLAS(ID_TABLA,ID_CODIGO,DESCIPCION)VALUES(6,'0027','HINO');
insert into ALESI_NTABLAS(ID_TABLA,ID_CODIGO,DESCIPCION)VALUES(6,'0028','HONDA');
insert into ALESI_NTABLAS(ID_TABLA,ID_CODIGO,DESCIPCION)VALUES(6,'0029','HONDA1');
insert into ALESI_NTABLAS(ID_TABLA,ID_CODIGO,DESCIPCION)VALUES(6,'0030','HUMMER');
insert into ALESI_NTABLAS(ID_TABLA,ID_CODIGO,DESCIPCION)VALUES(6,'0031','HYUNDAI');
insert into ALESI_NTABLAS(ID_TABLA,ID_CODIGO,DESCIPCION)VALUES(6,'0032','INFINITI');
insert into ALESI_NTABLAS(ID_TABLA,ID_CODIGO,DESCIPCION)VALUES(6,'0033','INTERNATIONAL');
insert into ALESI_NTABLAS(ID_TABLA,ID_CODIGO,DESCIPCION)VALUES(6,'0034','ISUZU');
insert into ALESI_NTABLAS(ID_TABLA,ID_CODIGO,DESCIPCION)VALUES(6,'0035','JAC');
insert into ALESI_NTABLAS(ID_TABLA,ID_CODIGO,DESCIPCION)VALUES(6,'0036','JAGUAR');
insert into ALESI_NTABLAS(ID_TABLA,ID_CODIGO,DESCIPCION)VALUES(6,'0037','KIA');
insert into ALESI_NTABLAS(ID_TABLA,ID_CODIGO,DESCIPCION)VALUES(6,'0038','LAND ROVER');
insert into ALESI_NTABLAS(ID_TABLA,ID_CODIGO,DESCIPCION)VALUES(6,'0039','LINCOLN');
insert into ALESI_NTABLAS(ID_TABLA,ID_CODIGO,DESCIPCION)VALUES(6,'0040','LUJO');
insert into ALESI_NTABLAS(ID_TABLA,ID_CODIGO,DESCIPCION)VALUES(6,'0041','LUJO2');
insert into ALESI_NTABLAS(ID_TABLA,ID_CODIGO,DESCIPCION)VALUES(6,'0042','MAZDA');
insert into ALESI_NTABLAS(ID_TABLA,ID_CODIGO,DESCIPCION)VALUES(6,'0043','MERCEDES BENZ');
insert into ALESI_NTABLAS(ID_TABLA,ID_CODIGO,DESCIPCION)VALUES(6,'0044','MERCURY');
insert into ALESI_NTABLAS(ID_TABLA,ID_CODIGO,DESCIPCION)VALUES(6,'0045','MITSUBISHI');
insert into ALESI_NTABLAS(ID_TABLA,ID_CODIGO,DESCIPCION)VALUES(6,'0046','NISSAN');
insert into ALESI_NTABLAS(ID_TABLA,ID_CODIGO,DESCIPCION)VALUES(6,'0047','NISSAN1');
insert into ALESI_NTABLAS(ID_TABLA,ID_CODIGO,DESCIPCION)VALUES(6,'0048','PEUGEOT');
insert into ALESI_NTABLAS(ID_TABLA,ID_CODIGO,DESCIPCION)VALUES(6,'0049','PONTIAC');
insert into ALESI_NTABLAS(ID_TABLA,ID_CODIGO,DESCIPCION)VALUES(6,'0050','PORSCHE');
insert into ALESI_NTABLAS(ID_TABLA,ID_CODIGO,DESCIPCION)VALUES(6,'0051','RC PRIMA FIJA');
insert into ALESI_NTABLAS(ID_TABLA,ID_CODIGO,DESCIPCION)VALUES(6,'0052','RENAULT');
insert into ALESI_NTABLAS(ID_TABLA,ID_CODIGO,DESCIPCION)VALUES(6,'0053','ROVER');
insert into ALESI_NTABLAS(ID_TABLA,ID_CODIGO,DESCIPCION)VALUES(6,'0054','SAAB');
insert into ALESI_NTABLAS(ID_TABLA,ID_CODIGO,DESCIPCION)VALUES(6,'0055','SEAT');
insert into ALESI_NTABLAS(ID_TABLA,ID_CODIGO,DESCIPCION)VALUES(6,'0056','SUBARU');
insert into ALESI_NTABLAS(ID_TABLA,ID_CODIGO,DESCIPCION)VALUES(6,'0057','SUZUKI');
insert into ALESI_NTABLAS(ID_TABLA,ID_CODIGO,DESCIPCION)VALUES(6,'0058','TOYOTA');
insert into ALESI_NTABLAS(ID_TABLA,ID_CODIGO,DESCIPCION)VALUES(6,'0059','TOYOTA1');
insert into ALESI_NTABLAS(ID_TABLA,ID_CODIGO,DESCIPCION)VALUES(6,'0060','VAM');
insert into ALESI_NTABLAS(ID_TABLA,ID_CODIGO,DESCIPCION)VALUES(6,'0061','VOLKSWAGEN');
insert into ALESI_NTABLAS(ID_TABLA,ID_CODIGO,DESCIPCION)VALUES(6,'0062','VOLKSWAGEN1');
insert into ALESI_NTABLAS(ID_TABLA,ID_CODIGO,DESCIPCION)VALUES(6,'0063','VOLVO');


-- ---------------------------------------------------------------------------------------------------------------------------------------------------------


insert into ALESI_NTABLAS(ID_TABLA,ID_CODIGO,DESCIPCION,CAMPO_A)VALUES(7,'00010010','ACURA ILX','ACURA');
insert into ALESI_NTABLAS(ID_TABLA,ID_CODIGO,DESCIPCION,CAMPO_A)VALUES(7,'00010020','ACURA MDX','ACURA');
insert into ALESI_NTABLAS(ID_TABLA,ID_CODIGO,DESCIPCION,CAMPO_A)VALUES(7,'00010030','ACURA RDX','ACURA');
insert into ALESI_NTABLAS(ID_TABLA,ID_CODIGO,DESCIPCION,CAMPO_A)VALUES(7,'00010040','ACURA RLX','ACURA');
insert into ALESI_NTABLAS(ID_TABLA,ID_CODIGO,DESCIPCION,CAMPO_A)VALUES(7,'00010050','ACURA TL','ACURA');
insert into ALESI_NTABLAS(ID_TABLA,ID_CODIGO,DESCIPCION,CAMPO_A)VALUES(7,'00010060','ACURA TLX','ACURA');
insert into ALESI_NTABLAS(ID_TABLA,ID_CODIGO,DESCIPCION,CAMPO_A)VALUES(7,'00010070','ACURA TSX','ACURA');
insert into ALESI_NTABLAS(ID_TABLA,ID_CODIGO,DESCIPCION,CAMPO_A)VALUES(7,'00010080','MDX','ACURA');
insert into ALESI_NTABLAS(ID_TABLA,ID_CODIGO,DESCIPCION,CAMPO_A)VALUES(7,'00010090','RDX','ACURA');
insert into ALESI_NTABLAS(ID_TABLA,ID_CODIGO,DESCIPCION,CAMPO_A)VALUES(7,'00010100','RL','ACURA');
insert into ALESI_NTABLAS(ID_TABLA,ID_CODIGO,DESCIPCION,CAMPO_A)VALUES(7,'00010110','TL','ACURA');
insert into ALESI_NTABLAS(ID_TABLA,ID_CODIGO,DESCIPCION,CAMPO_A)VALUES(7,'00010120','TSX','ACURA');
insert into ALESI_NTABLAS(ID_TABLA,ID_CODIGO,DESCIPCION,CAMPO_A)VALUES(7,'00010130','ZDX','ACURA');
insert into ALESI_NTABLAS(ID_TABLA,ID_CODIGO,DESCIPCION,CAMPO_A)VALUES(7,'00020010','BRERA','ALFA ROMEO');
insert into ALESI_NTABLAS(ID_TABLA,ID_CODIGO,DESCIPCION,CAMPO_A)VALUES(7,'00020020','GIULIETTA','ALFA ROMEO');
insert into ALESI_NTABLAS(ID_TABLA,ID_CODIGO,DESCIPCION,CAMPO_A)VALUES(7,'00020030','GT','ALFA ROMEO');
insert into ALESI_NTABLAS(ID_TABLA,ID_CODIGO,DESCIPCION,CAMPO_A)VALUES(7,'00020040','GTV','ALFA ROMEO');
insert into ALESI_NTABLAS(ID_TABLA,ID_CODIGO,DESCIPCION,CAMPO_A)VALUES(7,'00020050','MITO','ALFA ROMEO');
insert into ALESI_NTABLAS(ID_TABLA,ID_CODIGO,DESCIPCION,CAMPO_A)VALUES(7,'00020060','SPIDER','ALFA ROMEO');
insert into ALESI_NTABLAS(ID_TABLA,ID_CODIGO,DESCIPCION,CAMPO_A)VALUES(7,'00020070','147','ALFA ROMEO');
insert into ALESI_NTABLAS(ID_TABLA,ID_CODIGO,DESCIPCION,CAMPO_A)VALUES(7,'00020080','156','ALFA ROMEO');
insert into ALESI_NTABLAS(ID_TABLA,ID_CODIGO,DESCIPCION,CAMPO_A)VALUES(7,'00020090','159','ALFA ROMEO');
insert into ALESI_NTABLAS(ID_TABLA,ID_CODIGO,DESCIPCION,CAMPO_A)VALUES(7,'00020100','166','ALFA ROMEO');
insert into ALESI_NTABLAS(ID_TABLA,ID_CODIGO,DESCIPCION,CAMPO_A)VALUES(7,'00030010','ANTIGUO','ANTIGUOS');
insert into ALESI_NTABLAS(ID_TABLA,ID_CODIGO,DESCIPCION,CAMPO_A)VALUES(7,'00030020','RC PRIMA FIJA','ANTIGUOS');
insert into ALESI_NTABLAS(ID_TABLA,ID_CODIGO,DESCIPCION,CAMPO_A)VALUES(7,'00040010','PICK-UP','ANTIGUOS PICKUP');
insert into ALESI_NTABLAS(ID_TABLA,ID_CODIGO,DESCIPCION,CAMPO_A)VALUES(7,'00050010','ANTIGUO','ANTIGUOS VALOR');
insert into ALESI_NTABLAS(ID_TABLA,ID_CODIGO,DESCIPCION,CAMPO_A)VALUES(7,'00060010','AUDI CABRIOLET','AUDI');
insert into ALESI_NTABLAS(ID_TABLA,ID_CODIGO,DESCIPCION,CAMPO_A)VALUES(7,'00060020','A1','AUDI');
insert into ALESI_NTABLAS(ID_TABLA,ID_CODIGO,DESCIPCION,CAMPO_A)VALUES(7,'00060030','A3','AUDI');
insert into ALESI_NTABLAS(ID_TABLA,ID_CODIGO,DESCIPCION,CAMPO_A)VALUES(7,'00060040','A4','AUDI');
insert into ALESI_NTABLAS(ID_TABLA,ID_CODIGO,DESCIPCION,CAMPO_A)VALUES(7,'00060050','A5','AUDI');
insert into ALESI_NTABLAS(ID_TABLA,ID_CODIGO,DESCIPCION,CAMPO_A)VALUES(7,'00060060','A6','AUDI');
insert into ALESI_NTABLAS(ID_TABLA,ID_CODIGO,DESCIPCION,CAMPO_A)VALUES(7,'00060070','A7','AUDI');
insert into ALESI_NTABLAS(ID_TABLA,ID_CODIGO,DESCIPCION,CAMPO_A)VALUES(7,'00060080','A8','AUDI');
insert into ALESI_NTABLAS(ID_TABLA,ID_CODIGO,DESCIPCION,CAMPO_A)VALUES(7,'00060090','CABRIOLET','AUDI');
insert into ALESI_NTABLAS(ID_TABLA,ID_CODIGO,DESCIPCION,CAMPO_A)VALUES(7,'00060100','Q2','AUDI');
insert into ALESI_NTABLAS(ID_TABLA,ID_CODIGO,DESCIPCION,CAMPO_A)VALUES(7,'00060110','Q3','AUDI');
insert into ALESI_NTABLAS(ID_TABLA,ID_CODIGO,DESCIPCION,CAMPO_A)VALUES(7,'00060120','Q5','AUDI');
insert into ALESI_NTABLAS(ID_TABLA,ID_CODIGO,DESCIPCION,CAMPO_A)VALUES(7,'00060130','Q7','AUDI');
insert into ALESI_NTABLAS(ID_TABLA,ID_CODIGO,DESCIPCION,CAMPO_A)VALUES(7,'00060140','Q8','AUDI');
insert into ALESI_NTABLAS(ID_TABLA,ID_CODIGO,DESCIPCION,CAMPO_A)VALUES(7,'00060150','RS','AUDI');
insert into ALESI_NTABLAS(ID_TABLA,ID_CODIGO,DESCIPCION,CAMPO_A)VALUES(7,'00060160','RS4','AUDI');
insert into ALESI_NTABLAS(ID_TABLA,ID_CODIGO,DESCIPCION,CAMPO_A)VALUES(7,'00060170','RS4 QUATTRO','AUDI');
insert into ALESI_NTABLAS(ID_TABLA,ID_CODIGO,DESCIPCION,CAMPO_A)VALUES(7,'00060180','S-3','AUDI');
insert into ALESI_NTABLAS(ID_TABLA,ID_CODIGO,DESCIPCION,CAMPO_A)VALUES(7,'00060190','S3','AUDI');
insert into ALESI_NTABLAS(ID_TABLA,ID_CODIGO,DESCIPCION,CAMPO_A)VALUES(7,'00060200','S4','AUDI');
insert into ALESI_NTABLAS(ID_TABLA,ID_CODIGO,DESCIPCION,CAMPO_A)VALUES(7,'00060210','S5','AUDI');
insert into ALESI_NTABLAS(ID_TABLA,ID_CODIGO,DESCIPCION,CAMPO_A)VALUES(7,'00060220','S6','AUDI');
insert into ALESI_NTABLAS(ID_TABLA,ID_CODIGO,DESCIPCION,CAMPO_A)VALUES(7,'00060230','S7','AUDI');
insert into ALESI_NTABLAS(ID_TABLA,ID_CODIGO,DESCIPCION,CAMPO_A)VALUES(7,'00060240','S8','AUDI');
insert into ALESI_NTABLAS(ID_TABLA,ID_CODIGO,DESCIPCION,CAMPO_A)VALUES(7,'00060250','TT','AUDI');
insert into ALESI_NTABLAS(ID_TABLA,ID_CODIGO,DESCIPCION,CAMPO_A)VALUES(7,'00070010','AUTOBACK BRONZE','AUTOBACK BRONZE');
insert into ALESI_NTABLAS(ID_TABLA,ID_CODIGO,DESCIPCION,CAMPO_A)VALUES(7,'00080010','AUTOBACK GOLD','AUTOBACK GOLD');
insert into ALESI_NTABLAS(ID_TABLA,ID_CODIGO,DESCIPCION,CAMPO_A)VALUES(7,'00090010','AUTOBACK IRON','AUTOBACK IRON');
insert into ALESI_NTABLAS(ID_TABLA,ID_CODIGO,DESCIPCION,CAMPO_A)VALUES(7,'00100010','AUTOBACK PLATIN','AUTOBACK PLATIN');
insert into ALESI_NTABLAS(ID_TABLA,ID_CODIGO,DESCIPCION,CAMPO_A)VALUES(7,'00110010','AUTOBACK SILVER','AUTOBACK SILVER');
insert into ALESI_NTABLAS(ID_TABLA,ID_CODIGO,DESCIPCION,CAMPO_A)VALUES(7,'00120010','AUTO','AUTOS TURISTAS');
insert into ALESI_NTABLAS(ID_TABLA,ID_CODIGO,DESCIPCION,CAMPO_A)VALUES(7,'001220','PICK - UP','AUTOS TURISTAS');
insert into ALESI_NTABLAS(ID_TABLA,ID_CODIGO,DESCIPCION,CAMPO_A)VALUES(7,'00130010','BJ20','BAIC');
insert into ALESI_NTABLAS(ID_TABLA,ID_CODIGO,DESCIPCION,CAMPO_A)VALUES(7,'00130020','BJ40','BAIC');
insert into ALESI_NTABLAS(ID_TABLA,ID_CODIGO,DESCIPCION,CAMPO_A)VALUES(7,'00130030','D20','BAIC');
insert into ALESI_NTABLAS(ID_TABLA,ID_CODIGO,DESCIPCION,CAMPO_A)VALUES(7,'00130040','X25','BAIC');
insert into ALESI_NTABLAS(ID_TABLA,ID_CODIGO,DESCIPCION,CAMPO_A)VALUES(7,'00130050','X35','BAIC');
insert into ALESI_NTABLAS(ID_TABLA,ID_CODIGO,DESCIPCION,CAMPO_A)VALUES(7,'00130060','X65','BAIC');
insert into ALESI_NTABLAS(ID_TABLA,ID_CODIGO,DESCIPCION,CAMPO_A)VALUES(7,'00140010','BMW 645','BMW');
insert into ALESI_NTABLAS(ID_TABLA,ID_CODIGO,DESCIPCION,CAMPO_A)VALUES(7,'00140020','CABRIO','BMW');
insert into ALESI_NTABLAS(ID_TABLA,ID_CODIGO,DESCIPCION,CAMPO_A)VALUES(7,'00140030','COOPER','BMW');
insert into ALESI_NTABLAS(ID_TABLA,ID_CODIGO,DESCIPCION,CAMPO_A)VALUES(7,'00140040','COOPER S','BMW');
insert into ALESI_NTABLAS(ID_TABLA,ID_CODIGO,DESCIPCION,CAMPO_A)VALUES(7,'00140050','M 3','BMW');
insert into ALESI_NTABLAS(ID_TABLA,ID_CODIGO,DESCIPCION,CAMPO_A)VALUES(7,'00140060','M 5','BMW');
insert into ALESI_NTABLAS(ID_TABLA,ID_CODIGO,DESCIPCION,CAMPO_A)VALUES(7,'00140070','MINI COOPER','BMW');
insert into ALESI_NTABLAS(ID_TABLA,ID_CODIGO,DESCIPCION,CAMPO_A)VALUES(7,'00140080','M2','BMW');
insert into ALESI_NTABLAS(ID_TABLA,ID_CODIGO,DESCIPCION,CAMPO_A)VALUES(7,'00140090','M3','BMW');
insert into ALESI_NTABLAS(ID_TABLA,ID_CODIGO,DESCIPCION,CAMPO_A)VALUES(7,'00140100','M4','BMW');
insert into ALESI_NTABLAS(ID_TABLA,ID_CODIGO,DESCIPCION,CAMPO_A)VALUES(7,'00140110','M5','BMW');
insert into ALESI_NTABLAS(ID_TABLA,ID_CODIGO,DESCIPCION,CAMPO_A)VALUES(7,'00140120','M6','BMW');
insert into ALESI_NTABLAS(ID_TABLA,ID_CODIGO,DESCIPCION,CAMPO_A)VALUES(7,'00140130','SERIE i3','BMW');
insert into ALESI_NTABLAS(ID_TABLA,ID_CODIGO,DESCIPCION,CAMPO_A)VALUES(7,'00140140','SERIE 1','BMW');
insert into ALESI_NTABLAS(ID_TABLA,ID_CODIGO,DESCIPCION,CAMPO_A)VALUES(7,'00140150','SERIE 2','BMW');
insert into ALESI_NTABLAS(ID_TABLA,ID_CODIGO,DESCIPCION,CAMPO_A)VALUES(7,'00140160','SERIE 3','BMW');
insert into ALESI_NTABLAS(ID_TABLA,ID_CODIGO,DESCIPCION,CAMPO_A)VALUES(7,'00140170','SERIE 4','BMW');
insert into ALESI_NTABLAS(ID_TABLA,ID_CODIGO,DESCIPCION,CAMPO_A)VALUES(7,'00140180','SERIE 5','BMW');
insert into ALESI_NTABLAS(ID_TABLA,ID_CODIGO,DESCIPCION,CAMPO_A)VALUES(7,'00140190','SERIE 6','BMW');
insert into ALESI_NTABLAS(ID_TABLA,ID_CODIGO,DESCIPCION,CAMPO_A)VALUES(7,'00140200','SERIE 7','BMW');
insert into ALESI_NTABLAS(ID_TABLA,ID_CODIGO,DESCIPCION,CAMPO_A)VALUES(7,'00140210','SERIE 8','BMW');
insert into ALESI_NTABLAS(ID_TABLA,ID_CODIGO,DESCIPCION,CAMPO_A)VALUES(7,'00140220','X1','BMW');
insert into ALESI_NTABLAS(ID_TABLA,ID_CODIGO,DESCIPCION,CAMPO_A)VALUES(7,'00140230','X2','BMW');
insert into ALESI_NTABLAS(ID_TABLA,ID_CODIGO,DESCIPCION,CAMPO_A)VALUES(7,'00140240','X3','BMW');
insert into ALESI_NTABLAS(ID_TABLA,ID_CODIGO,DESCIPCION,CAMPO_A)VALUES(7,'00140250','X4','BMW');
insert into ALESI_NTABLAS(ID_TABLA,ID_CODIGO,DESCIPCION,CAMPO_A)VALUES(7,'00140260','X5','BMW');
insert into ALESI_NTABLAS(ID_TABLA,ID_CODIGO,DESCIPCION,CAMPO_A)VALUES(7,'00140270','X6','BMW');
insert into ALESI_NTABLAS(ID_TABLA,ID_CODIGO,DESCIPCION,CAMPO_A)VALUES(7,'00140280','Z3','BMW');
insert into ALESI_NTABLAS(ID_TABLA,ID_CODIGO,DESCIPCION,CAMPO_A)VALUES(7,'00140290','Z4','BMW');
insert into ALESI_NTABLAS(ID_TABLA,ID_CODIGO,DESCIPCION,CAMPO_A)VALUES(7,'00140300','645','BMW');
insert into ALESI_NTABLAS(ID_TABLA,ID_CODIGO,DESCIPCION,CAMPO_A)VALUES(7,'00150010','ATS','CADILLAC');
insert into ALESI_NTABLAS(ID_TABLA,ID_CODIGO,DESCIPCION,CAMPO_A)VALUES(7,'00150020','BLS','CADILLAC');
insert into ALESI_NTABLAS(ID_TABLA,ID_CODIGO,DESCIPCION,CAMPO_A)VALUES(7,'00150030','CATERA','CADILLAC');
insert into ALESI_NTABLAS(ID_TABLA,ID_CODIGO,DESCIPCION,CAMPO_A)VALUES(7,'00150040','CTS','CADILLAC');
insert into ALESI_NTABLAS(ID_TABLA,ID_CODIGO,DESCIPCION,CAMPO_A)VALUES(7,'00150050','DE VILLE','CADILLAC');
insert into ALESI_NTABLAS(ID_TABLA,ID_CODIGO,DESCIPCION,CAMPO_A)VALUES(7,'00150060','DEVILLE','CADILLAC');
insert into ALESI_NTABLAS(ID_TABLA,ID_CODIGO,DESCIPCION,CAMPO_A)VALUES(7,'00150070','DORADO','CADILLAC');
insert into ALESI_NTABLAS(ID_TABLA,ID_CODIGO,DESCIPCION,CAMPO_A)VALUES(7,'00150080','ENCLAVE','CADILLAC');
insert into ALESI_NTABLAS(ID_TABLA,ID_CODIGO,DESCIPCION,CAMPO_A)VALUES(7,'00150090','ENCORE','CADILLAC');
insert into ALESI_NTABLAS(ID_TABLA,ID_CODIGO,DESCIPCION,CAMPO_A)VALUES(7,'00150100','ENVISION','CADILLAC');
insert into ALESI_NTABLAS(ID_TABLA,ID_CODIGO,DESCIPCION,CAMPO_A)VALUES(7,'00150110','ESCALADE','CADILLAC');
insert into ALESI_NTABLAS(ID_TABLA,ID_CODIGO,DESCIPCION,CAMPO_A)VALUES(7,'00150120','LACROSSE','CADILLAC');
insert into ALESI_NTABLAS(ID_TABLA,ID_CODIGO,DESCIPCION,CAMPO_A)VALUES(7,'00150130','REGAL','CADILLAC');
insert into ALESI_NTABLAS(ID_TABLA,ID_CODIGO,DESCIPCION,CAMPO_A)VALUES(7,'00150140','SEVILLE','CADILLAC');
insert into ALESI_NTABLAS(ID_TABLA,ID_CODIGO,DESCIPCION,CAMPO_A)VALUES(7,'00150150','SRX','CADILLAC');
insert into ALESI_NTABLAS(ID_TABLA,ID_CODIGO,DESCIPCION,CAMPO_A)VALUES(7,'00150160','STS','CADILLAC');
insert into ALESI_NTABLAS(ID_TABLA,ID_CODIGO,DESCIPCION,CAMPO_A)VALUES(7,'00150170','VERANO','CADILLAC');
insert into ALESI_NTABLAS(ID_TABLA,ID_CODIGO,DESCIPCION,CAMPO_A)VALUES(7,'00150180','XT4','CADILLAC');
insert into ALESI_NTABLAS(ID_TABLA,ID_CODIGO,DESCIPCION,CAMPO_A)VALUES(7,'00150190','XT5','CADILLAC');
insert into ALESI_NTABLAS(ID_TABLA,ID_CODIGO,DESCIPCION,CAMPO_A)VALUES(7,'00160010','ACADIA','CHEVROLET');
insert into ALESI_NTABLAS(ID_TABLA,ID_CODIGO,DESCIPCION,CAMPO_A)VALUES(7,'00160020','ASTRA','CHEVROLET');
insert into ALESI_NTABLAS(ID_TABLA,ID_CODIGO,DESCIPCION,CAMPO_A)VALUES(7,'00160030','AVALANCHE','CHEVROLET');
insert into ALESI_NTABLAS(ID_TABLA,ID_CODIGO,DESCIPCION,CAMPO_A)VALUES(7,'00160040','AVEO','CHEVROLET');
insert into ALESI_NTABLAS(ID_TABLA,ID_CODIGO,DESCIPCION,CAMPO_A)VALUES(7,'00160050','BEAT','CHEVROLET');
insert into ALESI_NTABLAS(ID_TABLA,ID_CODIGO,DESCIPCION,CAMPO_A)VALUES(7,'00160060','BLAZER','CHEVROLET');
insert into ALESI_NTABLAS(ID_TABLA,ID_CODIGO,DESCIPCION,CAMPO_A)VALUES(7,'00160070','BOLT EV','CHEVROLET');
insert into ALESI_NTABLAS(ID_TABLA,ID_CODIGO,DESCIPCION,CAMPO_A)VALUES(7,'00160080','CAMARO','CHEVROLET');
insert into ALESI_NTABLAS(ID_TABLA,ID_CODIGO,DESCIPCION,CAMPO_A)VALUES(7,'00160090','CANYON','CHEVROLET');
insert into ALESI_NTABLAS(ID_TABLA,ID_CODIGO,DESCIPCION,CAMPO_A)VALUES(7,'00160100','CAPTIVA','CHEVROLET');
insert into ALESI_NTABLAS(ID_TABLA,ID_CODIGO,DESCIPCION,CAMPO_A)VALUES(7,'00160110','CAVALIER','CHEVROLET');
insert into ALESI_NTABLAS(ID_TABLA,ID_CODIGO,DESCIPCION,CAMPO_A)VALUES(7,'00160120','CENTURY','CHEVROLET');
insert into ALESI_NTABLAS(ID_TABLA,ID_CODIGO,DESCIPCION,CAMPO_A)VALUES(7,'00160130','CHEVY','CHEVROLET');
insert into ALESI_NTABLAS(ID_TABLA,ID_CODIGO,DESCIPCION,CAMPO_A)VALUES(7,'00160140','CHEYENNE','CHEVROLET');
insert into ALESI_NTABLAS(ID_TABLA,ID_CODIGO,DESCIPCION,CAMPO_A)VALUES(7,'00160150','COLORADO','CHEVROLET');
insert into ALESI_NTABLAS(ID_TABLA,ID_CODIGO,DESCIPCION,CAMPO_A)VALUES(7,'00160160','CORSA','CHEVROLET');
insert into ALESI_NTABLAS(ID_TABLA,ID_CODIGO,DESCIPCION,CAMPO_A)VALUES(7,'00160170','CORVETTE','CHEVROLET');
insert into ALESI_NTABLAS(ID_TABLA,ID_CODIGO,DESCIPCION,CAMPO_A)VALUES(7,'00160180','CRUZE','CHEVROLET');
insert into ALESI_NTABLAS(ID_TABLA,ID_CODIGO,DESCIPCION,CAMPO_A)VALUES(7,'00160190','CUTLASS','CHEVROLET');
insert into ALESI_NTABLAS(ID_TABLA,ID_CODIGO,DESCIPCION,CAMPO_A)VALUES(7,'00160200','EIGHTY EIGHT','CHEVROLET');
insert into ALESI_NTABLAS(ID_TABLA,ID_CODIGO,DESCIPCION,CAMPO_A)VALUES(7,'00160210','ENCLAVE','CHEVROLET');
insert into ALESI_NTABLAS(ID_TABLA,ID_CODIGO,DESCIPCION,CAMPO_A)VALUES(7,'00160220','EQUINOX','CHEVROLET');
insert into ALESI_NTABLAS(ID_TABLA,ID_CODIGO,DESCIPCION,CAMPO_A)VALUES(7,'00160230','EXPRESS','CHEVROLET');
insert into ALESI_NTABLAS(ID_TABLA,ID_CODIGO,DESCIPCION,CAMPO_A)VALUES(7,'00160240','G - 30','CHEVROLET');
insert into ALESI_NTABLAS(ID_TABLA,ID_CODIGO,DESCIPCION,CAMPO_A)VALUES(7,'00160250','HASTA 3.5 TONS','CHEVROLET');
insert into ALESI_NTABLAS(ID_TABLA,ID_CODIGO,DESCIPCION,CAMPO_A)VALUES(7,'00160260','HHR','CHEVROLET');
insert into ALESI_NTABLAS(ID_TABLA,ID_CODIGO,DESCIPCION,CAMPO_A)VALUES(7,'00160270','IMPALA','CHEVROLET');
insert into ALESI_NTABLAS(ID_TABLA,ID_CODIGO,DESCIPCION,CAMPO_A)VALUES(7,'00160280','LUMINA','CHEVROLET');
insert into ALESI_NTABLAS(ID_TABLA,ID_CODIGO,DESCIPCION,CAMPO_A)VALUES(7,'00160290','MALIBU','CHEVROLET');
insert into ALESI_NTABLAS(ID_TABLA,ID_CODIGO,DESCIPCION,CAMPO_A)VALUES(7,'00160300','MATIZ','CHEVROLET');
insert into ALESI_NTABLAS(ID_TABLA,ID_CODIGO,DESCIPCION,CAMPO_A)VALUES(7,'00160310','MERIVA','CHEVROLET');
insert into ALESI_NTABLAS(ID_TABLA,ID_CODIGO,DESCIPCION,CAMPO_A)VALUES(7,'00160320','OPTRA','CHEVROLET');
insert into ALESI_NTABLAS(ID_TABLA,ID_CODIGO,DESCIPCION,CAMPO_A)VALUES(7,'00160330','PICK UP','CHEVROLET');
insert into ALESI_NTABLAS(ID_TABLA,ID_CODIGO,DESCIPCION,CAMPO_A)VALUES(7,'00160340','PICK-UP','CHEVROLET');
insert into ALESI_NTABLAS(ID_TABLA,ID_CODIGO,DESCIPCION,CAMPO_A)VALUES(7,'00160350','REGAL','CHEVROLET');
insert into ALESI_NTABLAS(ID_TABLA,ID_CODIGO,DESCIPCION,CAMPO_A)VALUES(7,'00160360','SIERRA','CHEVROLET');
insert into ALESI_NTABLAS(ID_TABLA,ID_CODIGO,DESCIPCION,CAMPO_A)VALUES(7,'00160370','SILHOUETTE','CHEVROLET');
insert into ALESI_NTABLAS(ID_TABLA,ID_CODIGO,DESCIPCION,CAMPO_A)VALUES(7,'00160380','SILVERADO','CHEVROLET');
insert into ALESI_NTABLAS(ID_TABLA,ID_CODIGO,DESCIPCION,CAMPO_A)VALUES(7,'00160390','SONIC','CHEVROLET');
insert into ALESI_NTABLAS(ID_TABLA,ID_CODIGO,DESCIPCION,CAMPO_A)VALUES(7,'00160400','SONORA','CHEVROLET');
insert into ALESI_NTABLAS(ID_TABLA,ID_CODIGO,DESCIPCION,CAMPO_A)VALUES(7,'00160410','SPARK','CHEVROLET');
insert into ALESI_NTABLAS(ID_TABLA,ID_CODIGO,DESCIPCION,CAMPO_A)VALUES(7,'00160420','SUBURBAN','CHEVROLET');
insert into ALESI_NTABLAS(ID_TABLA,ID_CODIGO,DESCIPCION,CAMPO_A)VALUES(7,'00160430','TAHOE','CHEVROLET');
insert into ALESI_NTABLAS(ID_TABLA,ID_CODIGO,DESCIPCION,CAMPO_A)VALUES(7,'00160440','TERRAIN','CHEVROLET');
insert into ALESI_NTABLAS(ID_TABLA,ID_CODIGO,DESCIPCION,CAMPO_A)VALUES(7,'00160450','TIGRA','CHEVROLET');
insert into ALESI_NTABLAS(ID_TABLA,ID_CODIGO,DESCIPCION,CAMPO_A)VALUES(7,'00160460','TRACKER','CHEVROLET');
insert into ALESI_NTABLAS(ID_TABLA,ID_CODIGO,DESCIPCION,CAMPO_A)VALUES(7,'00160470','TRAIL BLAZER','CHEVROLET');
insert into ALESI_NTABLAS(ID_TABLA,ID_CODIGO,DESCIPCION,CAMPO_A)VALUES(7,'00160480','TRAVERSE','CHEVROLET');
insert into ALESI_NTABLAS(ID_TABLA,ID_CODIGO,DESCIPCION,CAMPO_A)VALUES(7,'00160490','TRAX','CHEVROLET');
insert into ALESI_NTABLAS(ID_TABLA,ID_CODIGO,DESCIPCION,CAMPO_A)VALUES(7,'00160500','UPLANDER','CHEVROLET');
insert into ALESI_NTABLAS(ID_TABLA,ID_CODIGO,DESCIPCION,CAMPO_A)VALUES(7,'00160510','VAN','CHEVROLET');
insert into ALESI_NTABLAS(ID_TABLA,ID_CODIGO,DESCIPCION,CAMPO_A)VALUES(7,'00160520','VECTRA','CHEVROLET');
insert into ALESI_NTABLAS(ID_TABLA,ID_CODIGO,DESCIPCION,CAMPO_A)VALUES(7,'00160530','VENTURE','CHEVROLET');
insert into ALESI_NTABLAS(ID_TABLA,ID_CODIGO,DESCIPCION,CAMPO_A)VALUES(7,'00160540','VOLT','CHEVROLET');
insert into ALESI_NTABLAS(ID_TABLA,ID_CODIGO,DESCIPCION,CAMPO_A)VALUES(7,'00160550','YUKON','CHEVROLET');
insert into ALESI_NTABLAS(ID_TABLA,ID_CODIGO,DESCIPCION,CAMPO_A)VALUES(7,'00160560','ZAFIRA','CHEVROLET');
insert into ALESI_NTABLAS(ID_TABLA,ID_CODIGO,DESCIPCION,CAMPO_A)VALUES(7,'00170010','CANYON','CHEVROLET1');
insert into ALESI_NTABLAS(ID_TABLA,ID_CODIGO,DESCIPCION,CAMPO_A)VALUES(7,'00170020','CHEYENNE','CHEVROLET1');
insert into ALESI_NTABLAS(ID_TABLA,ID_CODIGO,DESCIPCION,CAMPO_A)VALUES(7,'00170030','COLORADO','CHEVROLET1');
insert into ALESI_NTABLAS(ID_TABLA,ID_CODIGO,DESCIPCION,CAMPO_A)VALUES(7,'00170040','PICK-UP','CHEVROLET1');
insert into ALESI_NTABLAS(ID_TABLA,ID_CODIGO,DESCIPCION,CAMPO_A)VALUES(7,'00170050','SILVERADO','CHEVROLET1');
insert into ALESI_NTABLAS(ID_TABLA,ID_CODIGO,DESCIPCION,CAMPO_A)VALUES(7,'00180010','ASPEN','CHRYSLER');
insert into ALESI_NTABLAS(ID_TABLA,ID_CODIGO,DESCIPCION,CAMPO_A)VALUES(7,'00180020','ATOS','CHRYSLER');
insert into ALESI_NTABLAS(ID_TABLA,ID_CODIGO,DESCIPCION,CAMPO_A)VALUES(7,'00180030','ATTITUDE','CHRYSLER');
insert into ALESI_NTABLAS(ID_TABLA,ID_CODIGO,DESCIPCION,CAMPO_A)VALUES(7,'00180040','AVENGER','CHRYSLER');
insert into ALESI_NTABLAS(ID_TABLA,ID_CODIGO,DESCIPCION,CAMPO_A)VALUES(7,'00180050','BREEZE','CHRYSLER');
insert into ALESI_NTABLAS(ID_TABLA,ID_CODIGO,DESCIPCION,CAMPO_A)VALUES(7,'00180060','CALIBER','CHRYSLER');
insert into ALESI_NTABLAS(ID_TABLA,ID_CODIGO,DESCIPCION,CAMPO_A)VALUES(7,'00180070','CHALLENGER','CHRYSLER');
insert into ALESI_NTABLAS(ID_TABLA,ID_CODIGO,DESCIPCION,CAMPO_A)VALUES(7,'00180080','CHARGER','CHRYSLER');
insert into ALESI_NTABLAS(ID_TABLA,ID_CODIGO,DESCIPCION,CAMPO_A)VALUES(7,'00180090','CHEROKEE','CHRYSLER');
insert into ALESI_NTABLAS(ID_TABLA,ID_CODIGO,DESCIPCION,CAMPO_A)VALUES(7,'00180100','CHRYSLER 200','CHRYSLER');
insert into ALESI_NTABLAS(ID_TABLA,ID_CODIGO,DESCIPCION,CAMPO_A)VALUES(7,'00180110','CIRRUS','CHRYSLER');
insert into ALESI_NTABLAS(ID_TABLA,ID_CODIGO,DESCIPCION,CAMPO_A)VALUES(7,'00180120','COMMANDER','CHRYSLER');
insert into ALESI_NTABLAS(ID_TABLA,ID_CODIGO,DESCIPCION,CAMPO_A)VALUES(7,'00180130','COMPASS','CHRYSLER');
insert into ALESI_NTABLAS(ID_TABLA,ID_CODIGO,DESCIPCION,CAMPO_A)VALUES(7,'00180140','CONCORDE','CHRYSLER');
insert into ALESI_NTABLAS(ID_TABLA,ID_CODIGO,DESCIPCION,CAMPO_A)VALUES(7,'00180150','CROSSFIRE','CHRYSLER');
insert into ALESI_NTABLAS(ID_TABLA,ID_CODIGO,DESCIPCION,CAMPO_A)VALUES(7,'00180160','DART','CHRYSLER');
insert into ALESI_NTABLAS(ID_TABLA,ID_CODIGO,DESCIPCION,CAMPO_A)VALUES(7,'00180170','DURANGO','CHRYSLER');
insert into ALESI_NTABLAS(ID_TABLA,ID_CODIGO,DESCIPCION,CAMPO_A)VALUES(7,'00180180','ESTACAS','CHRYSLER');
insert into ALESI_NTABLAS(ID_TABLA,ID_CODIGO,DESCIPCION,CAMPO_A)VALUES(7,'00180190','GRAND CARAVAN','CHRYSLER');
insert into ALESI_NTABLAS(ID_TABLA,ID_CODIGO,DESCIPCION,CAMPO_A)VALUES(7,'00180200','GRAND CHEROKEE','CHRYSLER');
insert into ALESI_NTABLAS(ID_TABLA,ID_CODIGO,DESCIPCION,CAMPO_A)VALUES(7,'00180210','GRAND VOYAGER','CHRYSLER');
insert into ALESI_NTABLAS(ID_TABLA,ID_CODIGO,DESCIPCION,CAMPO_A)VALUES(7,'00180220','GTS','CHRYSLER');
insert into ALESI_NTABLAS(ID_TABLA,ID_CODIGO,DESCIPCION,CAMPO_A)VALUES(7,'00180230','H 100','CHRYSLER');
insert into ALESI_NTABLAS(ID_TABLA,ID_CODIGO,DESCIPCION,CAMPO_A)VALUES(7,'00180240','HASTA 3.5 TONS','CHRYSLER');
insert into ALESI_NTABLAS(ID_TABLA,ID_CODIGO,DESCIPCION,CAMPO_A)VALUES(7,'00180250','H100','CHRYSLER');
insert into ALESI_NTABLAS(ID_TABLA,ID_CODIGO,DESCIPCION,CAMPO_A)VALUES(7,'00180260','H100 WAGON','CHRYSLER');
insert into ALESI_NTABLAS(ID_TABLA,ID_CODIGO,DESCIPCION,CAMPO_A)VALUES(7,'00180270','I 10','CHRYSLER');
insert into ALESI_NTABLAS(ID_TABLA,ID_CODIGO,DESCIPCION,CAMPO_A)VALUES(7,'00180280','INTREPID','CHRYSLER');
insert into ALESI_NTABLAS(ID_TABLA,ID_CODIGO,DESCIPCION,CAMPO_A)VALUES(7,'00180290','JOURNEY','CHRYSLER');
insert into ALESI_NTABLAS(ID_TABLA,ID_CODIGO,DESCIPCION,CAMPO_A)VALUES(7,'00180300','LE BARON','CHRYSLER');
insert into ALESI_NTABLAS(ID_TABLA,ID_CODIGO,DESCIPCION,CAMPO_A)VALUES(7,'00180310','LIBERTY','CHRYSLER');
insert into ALESI_NTABLAS(ID_TABLA,ID_CODIGO,DESCIPCION,CAMPO_A)VALUES(7,'00180320','NEON','CHRYSLER');
insert into ALESI_NTABLAS(ID_TABLA,ID_CODIGO,DESCIPCION,CAMPO_A)VALUES(7,'00180330','NEW YORKER','CHRYSLER');
insert into ALESI_NTABLAS(ID_TABLA,ID_CODIGO,DESCIPCION,CAMPO_A)VALUES(7,'00180340','NITRO','CHRYSLER');
insert into ALESI_NTABLAS(ID_TABLA,ID_CODIGO,DESCIPCION,CAMPO_A)VALUES(7,'00180350','PACIFICA','CHRYSLER');
insert into ALESI_NTABLAS(ID_TABLA,ID_CODIGO,DESCIPCION,CAMPO_A)VALUES(7,'00180360','PANEL','CHRYSLER');
insert into ALESI_NTABLAS(ID_TABLA,ID_CODIGO,DESCIPCION,CAMPO_A)VALUES(7,'00180370','PATRIOT','CHRYSLER');
insert into ALESI_NTABLAS(ID_TABLA,ID_CODIGO,DESCIPCION,CAMPO_A)VALUES(7,'00180380','PHANTOM','CHRYSLER');
insert into ALESI_NTABLAS(ID_TABLA,ID_CODIGO,DESCIPCION,CAMPO_A)VALUES(7,'00180390','PICK UP','CHRYSLER');
insert into ALESI_NTABLAS(ID_TABLA,ID_CODIGO,DESCIPCION,CAMPO_A)VALUES(7,'00180400','PICK-UP','CHRYSLER');
insert into ALESI_NTABLAS(ID_TABLA,ID_CODIGO,DESCIPCION,CAMPO_A)VALUES(7,'00180410','PT CRUISER','CHRYSLER');
insert into ALESI_NTABLAS(ID_TABLA,ID_CODIGO,DESCIPCION,CAMPO_A)VALUES(7,'00180420','RAM','CHRYSLER');
insert into ALESI_NTABLAS(ID_TABLA,ID_CODIGO,DESCIPCION,CAMPO_A)VALUES(7,'00180430','RAM CHARGER','CHRYSLER');
insert into ALESI_NTABLAS(ID_TABLA,ID_CODIGO,DESCIPCION,CAMPO_A)VALUES(7,'00180440','RAM QUAD CAB','CHRYSLER');
insert into ALESI_NTABLAS(ID_TABLA,ID_CODIGO,DESCIPCION,CAMPO_A)VALUES(7,'00180450','RAM WAGON','CHRYSLER');
insert into ALESI_NTABLAS(ID_TABLA,ID_CODIGO,DESCIPCION,CAMPO_A)VALUES(7,'00180460','RENEGADE','CHRYSLER');
insert into ALESI_NTABLAS(ID_TABLA,ID_CODIGO,DESCIPCION,CAMPO_A)VALUES(7,'00180470','RT  SEBRING','CHRYSLER');
insert into ALESI_NTABLAS(ID_TABLA,ID_CODIGO,DESCIPCION,CAMPO_A)VALUES(7,'00180480','RT SEBRING','CHRYSLER');
insert into ALESI_NTABLAS(ID_TABLA,ID_CODIGO,DESCIPCION,CAMPO_A)VALUES(7,'00180490','SHADOW','CHRYSLER');
insert into ALESI_NTABLAS(ID_TABLA,ID_CODIGO,DESCIPCION,CAMPO_A)VALUES(7,'00180500','SPIRIT','CHRYSLER');
insert into ALESI_NTABLAS(ID_TABLA,ID_CODIGO,DESCIPCION,CAMPO_A)VALUES(7,'00180510','STRATUS','CHRYSLER');
insert into ALESI_NTABLAS(ID_TABLA,ID_CODIGO,DESCIPCION,CAMPO_A)VALUES(7,'00180520','TOWN COUNTRY','CHRYSLER');
insert into ALESI_NTABLAS(ID_TABLA,ID_CODIGO,DESCIPCION,CAMPO_A)VALUES(7,'00180530','VAN','CHRYSLER');
insert into ALESI_NTABLAS(ID_TABLA,ID_CODIGO,DESCIPCION,CAMPO_A)VALUES(7,'00180540','VERNA','CHRYSLER');
insert into ALESI_NTABLAS(ID_TABLA,ID_CODIGO,DESCIPCION,CAMPO_A)VALUES(7,'00180550','VISION','CHRYSLER');
insert into ALESI_NTABLAS(ID_TABLA,ID_CODIGO,DESCIPCION,CAMPO_A)VALUES(7,'00180560','VOYAGER','CHRYSLER');
insert into ALESI_NTABLAS(ID_TABLA,ID_CODIGO,DESCIPCION,CAMPO_A)VALUES(7,'00180570','WRANGLER','CHRYSLER');
insert into ALESI_NTABLAS(ID_TABLA,ID_CODIGO,DESCIPCION,CAMPO_A)VALUES(7,'00180580','300 C','CHRYSLER');
insert into ALESI_NTABLAS(ID_TABLA,ID_CODIGO,DESCIPCION,CAMPO_A)VALUES(7,'00180590','300 M','CHRYSLER');
insert into ALESI_NTABLAS(ID_TABLA,ID_CODIGO,DESCIPCION,CAMPO_A)VALUES(7,'00190010','PICK-UP','CHRYSLER1');
insert into ALESI_NTABLAS(ID_TABLA,ID_CODIGO,DESCIPCION,CAMPO_A)VALUES(7,'00200010','PICK-UP','DINA');
insert into ALESI_NTABLAS(ID_TABLA,ID_CODIGO,DESCIPCION,CAMPO_A)VALUES(7,'00200020','VAN','DINA');
insert into ALESI_NTABLAS(ID_TABLA,ID_CODIGO,DESCIPCION,CAMPO_A)VALUES(7,'00210010','PESADOS','FAMSA');
insert into ALESI_NTABLAS(ID_TABLA,ID_CODIGO,DESCIPCION,CAMPO_A)VALUES(7,'00220010','F 1 HL','FAW');
insert into ALESI_NTABLAS(ID_TABLA,ID_CODIGO,DESCIPCION,CAMPO_A)VALUES(7,'00220020','F5','FAW');
insert into ALESI_NTABLAS(ID_TABLA,ID_CODIGO,DESCIPCION,CAMPO_A)VALUES(7,'00230010','ALBEA','FIAT');
insert into ALESI_NTABLAS(ID_TABLA,ID_CODIGO,DESCIPCION,CAMPO_A)VALUES(7,'00230020','DUCATO','FIAT');
insert into ALESI_NTABLAS(ID_TABLA,ID_CODIGO,DESCIPCION,CAMPO_A)VALUES(7,'00230030','FIAT 500','FIAT');
insert into ALESI_NTABLAS(ID_TABLA,ID_CODIGO,DESCIPCION,CAMPO_A)VALUES(7,'00230040','GRANDE PUNTO','FIAT');
insert into ALESI_NTABLAS(ID_TABLA,ID_CODIGO,DESCIPCION,CAMPO_A)VALUES(7,'00230050','IDEA','FIAT');
insert into ALESI_NTABLAS(ID_TABLA,ID_CODIGO,DESCIPCION,CAMPO_A)VALUES(7,'00230060','IDEA ADVENTURE','FIAT');
insert into ALESI_NTABLAS(ID_TABLA,ID_CODIGO,DESCIPCION,CAMPO_A)VALUES(7,'00230070','LINEA','FIAT');
insert into ALESI_NTABLAS(ID_TABLA,ID_CODIGO,DESCIPCION,CAMPO_A)VALUES(7,'00230080','MOBI','FIAT');
insert into ALESI_NTABLAS(ID_TABLA,ID_CODIGO,DESCIPCION,CAMPO_A)VALUES(7,'00230090','PALIO','FIAT');
insert into ALESI_NTABLAS(ID_TABLA,ID_CODIGO,DESCIPCION,CAMPO_A)VALUES(7,'00230100','PANDA','FIAT');
insert into ALESI_NTABLAS(ID_TABLA,ID_CODIGO,DESCIPCION,CAMPO_A)VALUES(7,'00230110','PICK-UP','FIAT');
insert into ALESI_NTABLAS(ID_TABLA,ID_CODIGO,DESCIPCION,CAMPO_A)VALUES(7,'00230120','PUNTO','FIAT');
insert into ALESI_NTABLAS(ID_TABLA,ID_CODIGO,DESCIPCION,CAMPO_A)VALUES(7,'00230130','STILO','FIAT');
insert into ALESI_NTABLAS(ID_TABLA,ID_CODIGO,DESCIPCION,CAMPO_A)VALUES(7,'00230140','TREKKING','FIAT');
insert into ALESI_NTABLAS(ID_TABLA,ID_CODIGO,DESCIPCION,CAMPO_A)VALUES(7,'00230150','UNO','FIAT');
insert into ALESI_NTABLAS(ID_TABLA,ID_CODIGO,DESCIPCION,CAMPO_A)VALUES(7,'00230160','VAN','FIAT');
insert into ALESI_NTABLAS(ID_TABLA,ID_CODIGO,DESCIPCION,CAMPO_A)VALUES(7,'00230170','124 SPIDER','FIAT');
insert into ALESI_NTABLAS(ID_TABLA,ID_CODIGO,DESCIPCION,CAMPO_A)VALUES(7,'00240010','AEROSTAR','FORD');
insert into ALESI_NTABLAS(ID_TABLA,ID_CODIGO,DESCIPCION,CAMPO_A)VALUES(7,'00240020','CLUB WAGON','FORD');
insert into ALESI_NTABLAS(ID_TABLA,ID_CODIGO,DESCIPCION,CAMPO_A)VALUES(7,'00240030','CONTOUR','FORD');
insert into ALESI_NTABLAS(ID_TABLA,ID_CODIGO,DESCIPCION,CAMPO_A)VALUES(7,'00240040','COUGAR','FORD');
insert into ALESI_NTABLAS(ID_TABLA,ID_CODIGO,DESCIPCION,CAMPO_A)VALUES(7,'00240050','CROWN VICTORIA','FORD');
insert into ALESI_NTABLAS(ID_TABLA,ID_CODIGO,DESCIPCION,CAMPO_A)VALUES(7,'00240060','ECO SPORT','FORD');
insert into ALESI_NTABLAS(ID_TABLA,ID_CODIGO,DESCIPCION,CAMPO_A)VALUES(7,'00240070','ECONOLINE','FORD');
insert into ALESI_NTABLAS(ID_TABLA,ID_CODIGO,DESCIPCION,CAMPO_A)VALUES(7,'00240080','EDGE','FORD');
insert into ALESI_NTABLAS(ID_TABLA,ID_CODIGO,DESCIPCION,CAMPO_A)VALUES(7,'00240090','EQUINOX','FORD');
insert into ALESI_NTABLAS(ID_TABLA,ID_CODIGO,DESCIPCION,CAMPO_A)VALUES(7,'00240100','ESCAPE','FORD');
insert into ALESI_NTABLAS(ID_TABLA,ID_CODIGO,DESCIPCION,CAMPO_A)VALUES(7,'00240110','ESCORT','FORD');
insert into ALESI_NTABLAS(ID_TABLA,ID_CODIGO,DESCIPCION,CAMPO_A)VALUES(7,'00240120','ESTACAS','FORD');
insert into ALESI_NTABLAS(ID_TABLA,ID_CODIGO,DESCIPCION,CAMPO_A)VALUES(7,'00240130','EXCURSION','FORD');
insert into ALESI_NTABLAS(ID_TABLA,ID_CODIGO,DESCIPCION,CAMPO_A)VALUES(7,'00240140','EXPEDITION','FORD');
insert into ALESI_NTABLAS(ID_TABLA,ID_CODIGO,DESCIPCION,CAMPO_A)VALUES(7,'00240150','EXPLORER','FORD');
insert into ALESI_NTABLAS(ID_TABLA,ID_CODIGO,DESCIPCION,CAMPO_A)VALUES(7,'00240160','FIESTA','FORD');
insert into ALESI_NTABLAS(ID_TABLA,ID_CODIGO,DESCIPCION,CAMPO_A)VALUES(7,'00240170','FIGO','FORD');
insert into ALESI_NTABLAS(ID_TABLA,ID_CODIGO,DESCIPCION,CAMPO_A)VALUES(7,'00240180','FIVE HUNDRED','FORD');
insert into ALESI_NTABLAS(ID_TABLA,ID_CODIGO,DESCIPCION,CAMPO_A)VALUES(7,'00240190','FOCUS','FORD');
insert into ALESI_NTABLAS(ID_TABLA,ID_CODIGO,DESCIPCION,CAMPO_A)VALUES(7,'00240200','FREESTAR','FORD');
insert into ALESI_NTABLAS(ID_TABLA,ID_CODIGO,DESCIPCION,CAMPO_A)VALUES(7,'00240210','FUSION','FORD');
insert into ALESI_NTABLAS(ID_TABLA,ID_CODIGO,DESCIPCION,CAMPO_A)VALUES(7,'00240220','GHIA','FORD');
insert into ALESI_NTABLAS(ID_TABLA,ID_CODIGO,DESCIPCION,CAMPO_A)VALUES(7,'00240230','GRAND MARQUIS','FORD');
insert into ALESI_NTABLAS(ID_TABLA,ID_CODIGO,DESCIPCION,CAMPO_A)VALUES(7,'00240240','IKON','FORD');
insert into ALESI_NTABLAS(ID_TABLA,ID_CODIGO,DESCIPCION,CAMPO_A)VALUES(7,'00240250','KA','FORD');
insert into ALESI_NTABLAS(ID_TABLA,ID_CODIGO,DESCIPCION,CAMPO_A)VALUES(7,'00240260','LOBO','FORD');
insert into ALESI_NTABLAS(ID_TABLA,ID_CODIGO,DESCIPCION,CAMPO_A)VALUES(7,'00240270','MONDEO','FORD');
insert into ALESI_NTABLAS(ID_TABLA,ID_CODIGO,DESCIPCION,CAMPO_A)VALUES(7,'00240280','MUSTANG','FORD');
insert into ALESI_NTABLAS(ID_TABLA,ID_CODIGO,DESCIPCION,CAMPO_A)VALUES(7,'00240290','MYSTIQUE','FORD');
insert into ALESI_NTABLAS(ID_TABLA,ID_CODIGO,DESCIPCION,CAMPO_A)VALUES(7,'00240300','PICK UP','FORD');
insert into ALESI_NTABLAS(ID_TABLA,ID_CODIGO,DESCIPCION,CAMPO_A)VALUES(7,'00240310','PICK-UP','FORD');
insert into ALESI_NTABLAS(ID_TABLA,ID_CODIGO,DESCIPCION,CAMPO_A)VALUES(7,'00240320','SABLE','FORD');
insert into ALESI_NTABLAS(ID_TABLA,ID_CODIGO,DESCIPCION,CAMPO_A)VALUES(7,'00240330','THUNDERBIRD','FORD');
insert into ALESI_NTABLAS(ID_TABLA,ID_CODIGO,DESCIPCION,CAMPO_A)VALUES(7,'00240340','TOPAZ','FORD');
insert into ALESI_NTABLAS(ID_TABLA,ID_CODIGO,DESCIPCION,CAMPO_A)VALUES(7,'00240350','TRANSIT','FORD');
insert into ALESI_NTABLAS(ID_TABLA,ID_CODIGO,DESCIPCION,CAMPO_A)VALUES(7,'00240360','VAN','FORD');
insert into ALESI_NTABLAS(ID_TABLA,ID_CODIGO,DESCIPCION,CAMPO_A)VALUES(7,'00240370','WINDSTAR','FORD');
insert into ALESI_NTABLAS(ID_TABLA,ID_CODIGO,DESCIPCION,CAMPO_A)VALUES(7,'00250010','PICK-UP','FORD1');
insert into ALESI_NTABLAS(ID_TABLA,ID_CODIGO,DESCIPCION,CAMPO_A)VALUES(7,'00260010','AUTO ANTIGUO','FRONTERIZOS');
insert into ALESI_NTABLAS(ID_TABLA,ID_CODIGO,DESCIPCION,CAMPO_A)VALUES(7,'00260020','FRONTERIZO','FRONTERIZOS');
insert into ALESI_NTABLAS(ID_TABLA,ID_CODIGO,DESCIPCION,CAMPO_A)VALUES(7,'00270010','HASTA 3.5 TONS','HINO');
insert into ALESI_NTABLAS(ID_TABLA,ID_CODIGO,DESCIPCION,CAMPO_A)VALUES(7,'00280010','ACCORD','HONDA');
insert into ALESI_NTABLAS(ID_TABLA,ID_CODIGO,DESCIPCION,CAMPO_A)VALUES(7,'00280020','BR-V','HONDA');
insert into ALESI_NTABLAS(ID_TABLA,ID_CODIGO,DESCIPCION,CAMPO_A)VALUES(7,'00280030','CITY','HONDA');
insert into ALESI_NTABLAS(ID_TABLA,ID_CODIGO,DESCIPCION,CAMPO_A)VALUES(7,'00280040','CIVIC','HONDA');
insert into ALESI_NTABLAS(ID_TABLA,ID_CODIGO,DESCIPCION,CAMPO_A)VALUES(7,'00280050','CR-V','HONDA');
insert into ALESI_NTABLAS(ID_TABLA,ID_CODIGO,DESCIPCION,CAMPO_A)VALUES(7,'00280060','CR-Z','HONDA');
insert into ALESI_NTABLAS(ID_TABLA,ID_CODIGO,DESCIPCION,CAMPO_A)VALUES(7,'00280070','FIT','HONDA');
insert into ALESI_NTABLAS(ID_TABLA,ID_CODIGO,DESCIPCION,CAMPO_A)VALUES(7,'00280080','HR-V','HONDA');
insert into ALESI_NTABLAS(ID_TABLA,ID_CODIGO,DESCIPCION,CAMPO_A)VALUES(7,'00280090','INSIGHT','HONDA');
insert into ALESI_NTABLAS(ID_TABLA,ID_CODIGO,DESCIPCION,CAMPO_A)VALUES(7,'00280100','ODYSSEY','HONDA');
insert into ALESI_NTABLAS(ID_TABLA,ID_CODIGO,DESCIPCION,CAMPO_A)VALUES(7,'00280110','PICK-UP','HONDA');
insert into ALESI_NTABLAS(ID_TABLA,ID_CODIGO,DESCIPCION,CAMPO_A)VALUES(7,'00280120','PILOT','HONDA');
insert into ALESI_NTABLAS(ID_TABLA,ID_CODIGO,DESCIPCION,CAMPO_A)VALUES(7,'00290010','PICK-UP','HONDA1');
insert into ALESI_NTABLAS(ID_TABLA,ID_CODIGO,DESCIPCION,CAMPO_A)VALUES(7,'00300010','H2','HUMMER');
insert into ALESI_NTABLAS(ID_TABLA,ID_CODIGO,DESCIPCION,CAMPO_A)VALUES(7,'00300020','H3','HUMMER');
insert into ALESI_NTABLAS(ID_TABLA,ID_CODIGO,DESCIPCION,CAMPO_A)VALUES(7,'00310010','ACCENT','HYUNDAI');
insert into ALESI_NTABLAS(ID_TABLA,ID_CODIGO,DESCIPCION,CAMPO_A)VALUES(7,'00310020','CRETA','HYUNDAI');
insert into ALESI_NTABLAS(ID_TABLA,ID_CODIGO,DESCIPCION,CAMPO_A)VALUES(7,'00310030','ELANTRA','HYUNDAI');
insert into ALESI_NTABLAS(ID_TABLA,ID_CODIGO,DESCIPCION,CAMPO_A)VALUES(7,'00310040','GRAND i10','HYUNDAI');
insert into ALESI_NTABLAS(ID_TABLA,ID_CODIGO,DESCIPCION,CAMPO_A)VALUES(7,'00310050','IONIQ','HYUNDAI');
insert into ALESI_NTABLAS(ID_TABLA,ID_CODIGO,DESCIPCION,CAMPO_A)VALUES(7,'00310060','ix35','HYUNDAI');
insert into ALESI_NTABLAS(ID_TABLA,ID_CODIGO,DESCIPCION,CAMPO_A)VALUES(7,'00310070','SANTA FE','HYUNDAI');
insert into ALESI_NTABLAS(ID_TABLA,ID_CODIGO,DESCIPCION,CAMPO_A)VALUES(7,'00310080','SONATA','HYUNDAI');
insert into ALESI_NTABLAS(ID_TABLA,ID_CODIGO,DESCIPCION,CAMPO_A)VALUES(7,'00310090','STAREX','HYUNDAI');
insert into ALESI_NTABLAS(ID_TABLA,ID_CODIGO,DESCIPCION,CAMPO_A)VALUES(7,'00310100','TUCSON','HYUNDAI');
insert into ALESI_NTABLAS(ID_TABLA,ID_CODIGO,DESCIPCION,CAMPO_A)VALUES(7,'00310110','VAN','HYUNDAI');
insert into ALESI_NTABLAS(ID_TABLA,ID_CODIGO,DESCIPCION,CAMPO_A)VALUES(7,'00320010','FX35','INFINITI');
insert into ALESI_NTABLAS(ID_TABLA,ID_CODIGO,DESCIPCION,CAMPO_A)VALUES(7,'00320020','FX37','INFINITI');
insert into ALESI_NTABLAS(ID_TABLA,ID_CODIGO,DESCIPCION,CAMPO_A)VALUES(7,'00320030','FX50','INFINITI');
insert into ALESI_NTABLAS(ID_TABLA,ID_CODIGO,DESCIPCION,CAMPO_A)VALUES(7,'00320040','G37','INFINITI');
insert into ALESI_NTABLAS(ID_TABLA,ID_CODIGO,DESCIPCION,CAMPO_A)VALUES(7,'00320050','JX','INFINITI');
insert into ALESI_NTABLAS(ID_TABLA,ID_CODIGO,DESCIPCION,CAMPO_A)VALUES(7,'00320060','M37','INFINITI');
insert into ALESI_NTABLAS(ID_TABLA,ID_CODIGO,DESCIPCION,CAMPO_A)VALUES(7,'00320070','M56','INFINITI');
insert into ALESI_NTABLAS(ID_TABLA,ID_CODIGO,DESCIPCION,CAMPO_A)VALUES(7,'00320080','QX30','INFINITI');
insert into ALESI_NTABLAS(ID_TABLA,ID_CODIGO,DESCIPCION,CAMPO_A)VALUES(7,'00320090','QX50','INFINITI');
insert into ALESI_NTABLAS(ID_TABLA,ID_CODIGO,DESCIPCION,CAMPO_A)VALUES(7,'00320100','QX56','INFINITI');
insert into ALESI_NTABLAS(ID_TABLA,ID_CODIGO,DESCIPCION,CAMPO_A)VALUES(7,'00320110','QX60','INFINITI');
insert into ALESI_NTABLAS(ID_TABLA,ID_CODIGO,DESCIPCION,CAMPO_A)VALUES(7,'00320120','QX70','INFINITI');
insert into ALESI_NTABLAS(ID_TABLA,ID_CODIGO,DESCIPCION,CAMPO_A)VALUES(7,'00320130','QX80','INFINITI');
insert into ALESI_NTABLAS(ID_TABLA,ID_CODIGO,DESCIPCION,CAMPO_A)VALUES(7,'00320140','Q50','INFINITI');
insert into ALESI_NTABLAS(ID_TABLA,ID_CODIGO,DESCIPCION,CAMPO_A)VALUES(7,'00320150','Q60','INFINITI');
insert into ALESI_NTABLAS(ID_TABLA,ID_CODIGO,DESCIPCION,CAMPO_A)VALUES(7,'00320160','Q70','INFINITI');
insert into ALESI_NTABLAS(ID_TABLA,ID_CODIGO,DESCIPCION,CAMPO_A)VALUES(7,'00330010','HASTA 3.5 TONS','INTERNATIONAL');
insert into ALESI_NTABLAS(ID_TABLA,ID_CODIGO,DESCIPCION,CAMPO_A)VALUES(7,'00340010','ELF 100','ISUZU');
insert into ALESI_NTABLAS(ID_TABLA,ID_CODIGO,DESCIPCION,CAMPO_A)VALUES(7,'00340020','ESTACAS','ISUZU');
insert into ALESI_NTABLAS(ID_TABLA,ID_CODIGO,DESCIPCION,CAMPO_A)VALUES(7,'00350010','J4','JAC');
insert into ALESI_NTABLAS(ID_TABLA,ID_CODIGO,DESCIPCION,CAMPO_A)VALUES(7,'00350020','PICK-UP','JAC');
insert into ALESI_NTABLAS(ID_TABLA,ID_CODIGO,DESCIPCION,CAMPO_A)VALUES(7,'00350030','SEI 2','JAC');
insert into ALESI_NTABLAS(ID_TABLA,ID_CODIGO,DESCIPCION,CAMPO_A)VALUES(7,'00350040','SEI 3','JAC');
insert into ALESI_NTABLAS(ID_TABLA,ID_CODIGO,DESCIPCION,CAMPO_A)VALUES(7,'00350050','SEI 4','JAC');
insert into ALESI_NTABLAS(ID_TABLA,ID_CODIGO,DESCIPCION,CAMPO_A)VALUES(7,'00350060','SEI 7','JAC');
insert into ALESI_NTABLAS(ID_TABLA,ID_CODIGO,DESCIPCION,CAMPO_A)VALUES(7,'00360010','JAGUAR F','JAGUAR');
insert into ALESI_NTABLAS(ID_TABLA,ID_CODIGO,DESCIPCION,CAMPO_A)VALUES(7,'00360020','JAGUAR F PACE','JAGUAR');
insert into ALESI_NTABLAS(ID_TABLA,ID_CODIGO,DESCIPCION,CAMPO_A)VALUES(7,'00360030','JAGUAR S-TYPE','JAGUAR');
insert into ALESI_NTABLAS(ID_TABLA,ID_CODIGO,DESCIPCION,CAMPO_A)VALUES(7,'00360040','JAGUAR XE','JAGUAR');
insert into ALESI_NTABLAS(ID_TABLA,ID_CODIGO,DESCIPCION,CAMPO_A)VALUES(7,'00360050','JAGUAR XF','JAGUAR');
insert into ALESI_NTABLAS(ID_TABLA,ID_CODIGO,DESCIPCION,CAMPO_A)VALUES(7,'00360060','JAGUAR X-TYPE','JAGUAR');
insert into ALESI_NTABLAS(ID_TABLA,ID_CODIGO,DESCIPCION,CAMPO_A)VALUES(7,'00360070','S-TYPE','JAGUAR');
insert into ALESI_NTABLAS(ID_TABLA,ID_CODIGO,DESCIPCION,CAMPO_A)VALUES(7,'00360080','XJR','JAGUAR');
insert into ALESI_NTABLAS(ID_TABLA,ID_CODIGO,DESCIPCION,CAMPO_A)VALUES(7,'00360090','XJ8','JAGUAR');
insert into ALESI_NTABLAS(ID_TABLA,ID_CODIGO,DESCIPCION,CAMPO_A)VALUES(7,'00360100','XKR','JAGUAR');
insert into ALESI_NTABLAS(ID_TABLA,ID_CODIGO,DESCIPCION,CAMPO_A)VALUES(7,'00360110','XK8','JAGUAR');
insert into ALESI_NTABLAS(ID_TABLA,ID_CODIGO,DESCIPCION,CAMPO_A)VALUES(7,'00360120','X-TYPE','JAGUAR');
insert into ALESI_NTABLAS(ID_TABLA,ID_CODIGO,DESCIPCION,CAMPO_A)VALUES(7,'00370010','FORTE','KIA');
insert into ALESI_NTABLAS(ID_TABLA,ID_CODIGO,DESCIPCION,CAMPO_A)VALUES(7,'00370020','NIRO','KIA');
insert into ALESI_NTABLAS(ID_TABLA,ID_CODIGO,DESCIPCION,CAMPO_A)VALUES(7,'00370030','OPTIMA','KIA');
insert into ALESI_NTABLAS(ID_TABLA,ID_CODIGO,DESCIPCION,CAMPO_A)VALUES(7,'00370040','RIO','KIA');
insert into ALESI_NTABLAS(ID_TABLA,ID_CODIGO,DESCIPCION,CAMPO_A)VALUES(7,'00370050','SEDONA','KIA');
insert into ALESI_NTABLAS(ID_TABLA,ID_CODIGO,DESCIPCION,CAMPO_A)VALUES(7,'00370060','SORENTO','KIA');
insert into ALESI_NTABLAS(ID_TABLA,ID_CODIGO,DESCIPCION,CAMPO_A)VALUES(7,'00370070','SOUL','KIA');
insert into ALESI_NTABLAS(ID_TABLA,ID_CODIGO,DESCIPCION,CAMPO_A)VALUES(7,'00370080','SPORTAGE','KIA');
insert into ALESI_NTABLAS(ID_TABLA,ID_CODIGO,DESCIPCION,CAMPO_A)VALUES(7,'00370090','STINGER','KIA');
insert into ALESI_NTABLAS(ID_TABLA,ID_CODIGO,DESCIPCION,CAMPO_A)VALUES(7,'00380010','CLUB','LAND ROVER');
insert into ALESI_NTABLAS(ID_TABLA,ID_CODIGO,DESCIPCION,CAMPO_A)VALUES(7,'00380020','CONNOISEUR','LAND ROVER');
insert into ALESI_NTABLAS(ID_TABLA,ID_CODIGO,DESCIPCION,CAMPO_A)VALUES(7,'00380030','DEFENDER','LAND ROVER');
insert into ALESI_NTABLAS(ID_TABLA,ID_CODIGO,DESCIPCION,CAMPO_A)VALUES(7,'00380040','DISCOVERY','LAND ROVER');
insert into ALESI_NTABLAS(ID_TABLA,ID_CODIGO,DESCIPCION,CAMPO_A)VALUES(7,'00380050','EVOQUE','LAND ROVER');
insert into ALESI_NTABLAS(ID_TABLA,ID_CODIGO,DESCIPCION,CAMPO_A)VALUES(7,'00380060','FREELANDER','LAND ROVER');
insert into ALESI_NTABLAS(ID_TABLA,ID_CODIGO,DESCIPCION,CAMPO_A)VALUES(7,'00380070','LR MINI COOPER','LAND ROVER');
insert into ALESI_NTABLAS(ID_TABLA,ID_CODIGO,DESCIPCION,CAMPO_A)VALUES(7,'00380080','LR2','LAND ROVER');
insert into ALESI_NTABLAS(ID_TABLA,ID_CODIGO,DESCIPCION,CAMPO_A)VALUES(7,'00380090','LR3','LAND ROVER');
insert into ALESI_NTABLAS(ID_TABLA,ID_CODIGO,DESCIPCION,CAMPO_A)VALUES(7,'00380100','LR4','LAND ROVER');
insert into ALESI_NTABLAS(ID_TABLA,ID_CODIGO,DESCIPCION,CAMPO_A)VALUES(7,'00380110','MINI COOPER','LAND ROVER');
insert into ALESI_NTABLAS(ID_TABLA,ID_CODIGO,DESCIPCION,CAMPO_A)VALUES(7,'00380120','RANGE ROVER','LAND ROVER');
insert into ALESI_NTABLAS(ID_TABLA,ID_CODIGO,DESCIPCION,CAMPO_A)VALUES(7,'00380130','VELAR','LAND ROVER');
insert into ALESI_NTABLAS(ID_TABLA,ID_CODIGO,DESCIPCION,CAMPO_A)VALUES(7,'00390010','AVIATOR','LINCOLN');
insert into ALESI_NTABLAS(ID_TABLA,ID_CODIGO,DESCIPCION,CAMPO_A)VALUES(7,'00390020','BLACK WOOD','LINCOLN');
insert into ALESI_NTABLAS(ID_TABLA,ID_CODIGO,DESCIPCION,CAMPO_A)VALUES(7,'00390030','CONTINENTAL','LINCOLN');
insert into ALESI_NTABLAS(ID_TABLA,ID_CODIGO,DESCIPCION,CAMPO_A)VALUES(7,'00390040','LS','LINCOLN');
insert into ALESI_NTABLAS(ID_TABLA,ID_CODIGO,DESCIPCION,CAMPO_A)VALUES(7,'00390050','MARK LT','LINCOLN');
insert into ALESI_NTABLAS(ID_TABLA,ID_CODIGO,DESCIPCION,CAMPO_A)VALUES(7,'00390060','MARK VII','LINCOLN');
insert into ALESI_NTABLAS(ID_TABLA,ID_CODIGO,DESCIPCION,CAMPO_A)VALUES(7,'00390070','MARK VIII','LINCOLN');
insert into ALESI_NTABLAS(ID_TABLA,ID_CODIGO,DESCIPCION,CAMPO_A)VALUES(7,'00390080','MKC','LINCOLN');
insert into ALESI_NTABLAS(ID_TABLA,ID_CODIGO,DESCIPCION,CAMPO_A)VALUES(7,'00390090','MKS','LINCOLN');
insert into ALESI_NTABLAS(ID_TABLA,ID_CODIGO,DESCIPCION,CAMPO_A)VALUES(7,'00390100','MKX','LINCOLN');
insert into ALESI_NTABLAS(ID_TABLA,ID_CODIGO,DESCIPCION,CAMPO_A)VALUES(7,'00390110','MKZ','LINCOLN');
insert into ALESI_NTABLAS(ID_TABLA,ID_CODIGO,DESCIPCION,CAMPO_A)VALUES(7,'00390120','NAUTILUS','LINCOLN');
insert into ALESI_NTABLAS(ID_TABLA,ID_CODIGO,DESCIPCION,CAMPO_A)VALUES(7,'00390130','NAVIGATOR','LINCOLN');
insert into ALESI_NTABLAS(ID_TABLA,ID_CODIGO,DESCIPCION,CAMPO_A)VALUES(7,'00390140','SIGNATURE','LINCOLN');
insert into ALESI_NTABLAS(ID_TABLA,ID_CODIGO,DESCIPCION,CAMPO_A)VALUES(7,'00390150','TOWN CAR','LINCOLN');
insert into ALESI_NTABLAS(ID_TABLA,ID_CODIGO,DESCIPCION,CAMPO_A)VALUES(7,'00390160','ZEPHYR','LINCOLN');
insert into ALESI_NTABLAS(ID_TABLA,ID_CODIGO,DESCIPCION,CAMPO_A)VALUES(7,'00400010','AUTOS DE LUJO A','LUJO');
insert into ALESI_NTABLAS(ID_TABLA,ID_CODIGO,DESCIPCION,CAMPO_A)VALUES(7,'00410010','AUTOS DE LUJO A','LUJO2');
insert into ALESI_NTABLAS(ID_TABLA,ID_CODIGO,DESCIPCION,CAMPO_A)VALUES(7,'00420010','CX-7','MAZDA');
insert into ALESI_NTABLAS(ID_TABLA,ID_CODIGO,DESCIPCION,CAMPO_A)VALUES(7,'00420020','CX-9','MAZDA');
insert into ALESI_NTABLAS(ID_TABLA,ID_CODIGO,DESCIPCION,CAMPO_A)VALUES(7,'00420030','MAZDA CX-3','MAZDA');
insert into ALESI_NTABLAS(ID_TABLA,ID_CODIGO,DESCIPCION,CAMPO_A)VALUES(7,'00420040','MAZDA CX-30','MAZDA');
insert into ALESI_NTABLAS(ID_TABLA,ID_CODIGO,DESCIPCION,CAMPO_A)VALUES(7,'00420050','MAZDA CX-5','MAZDA');
insert into ALESI_NTABLAS(ID_TABLA,ID_CODIGO,DESCIPCION,CAMPO_A)VALUES(7,'00420060','MAZDA CX7','MAZDA');
insert into ALESI_NTABLAS(ID_TABLA,ID_CODIGO,DESCIPCION,CAMPO_A)VALUES(7,'00420070','MAZDA CX-9','MAZDA');
insert into ALESI_NTABLAS(ID_TABLA,ID_CODIGO,DESCIPCION,CAMPO_A)VALUES(7,'00420080','MAZDA MX 5','MAZDA');
insert into ALESI_NTABLAS(ID_TABLA,ID_CODIGO,DESCIPCION,CAMPO_A)VALUES(7,'00420090','MAZDA 2','MAZDA');
insert into ALESI_NTABLAS(ID_TABLA,ID_CODIGO,DESCIPCION,CAMPO_A)VALUES(7,'00420100','MAZDA 3','MAZDA');
insert into ALESI_NTABLAS(ID_TABLA,ID_CODIGO,DESCIPCION,CAMPO_A)VALUES(7,'00420110','MAZDA 5','MAZDA');
insert into ALESI_NTABLAS(ID_TABLA,ID_CODIGO,DESCIPCION,CAMPO_A)VALUES(7,'00420120','MAZDA 6','MAZDA');
insert into ALESI_NTABLAS(ID_TABLA,ID_CODIGO,DESCIPCION,CAMPO_A)VALUES(7,'00420130','MX - 5','MAZDA');
insert into ALESI_NTABLAS(ID_TABLA,ID_CODIGO,DESCIPCION,CAMPO_A)VALUES(7,'00430010','CLASE A','MERCEDES BENZ');
insert into ALESI_NTABLAS(ID_TABLA,ID_CODIGO,DESCIPCION,CAMPO_A)VALUES(7,'00430020','CLASE B','MERCEDES BENZ');
insert into ALESI_NTABLAS(ID_TABLA,ID_CODIGO,DESCIPCION,CAMPO_A)VALUES(7,'00430030','CLASE C','MERCEDES BENZ');
insert into ALESI_NTABLAS(ID_TABLA,ID_CODIGO,DESCIPCION,CAMPO_A)VALUES(7,'00430040','CLASE CL','MERCEDES BENZ');
insert into ALESI_NTABLAS(ID_TABLA,ID_CODIGO,DESCIPCION,CAMPO_A)VALUES(7,'00430050','CLASE CLA','MERCEDES BENZ');
insert into ALESI_NTABLAS(ID_TABLA,ID_CODIGO,DESCIPCION,CAMPO_A)VALUES(7,'00430060','CLASE CLK','MERCEDES BENZ');
insert into ALESI_NTABLAS(ID_TABLA,ID_CODIGO,DESCIPCION,CAMPO_A)VALUES(7,'00430070','CLASE CLS','MERCEDES BENZ');
insert into ALESI_NTABLAS(ID_TABLA,ID_CODIGO,DESCIPCION,CAMPO_A)VALUES(7,'00430080','CLASE E','MERCEDES BENZ');
insert into ALESI_NTABLAS(ID_TABLA,ID_CODIGO,DESCIPCION,CAMPO_A)VALUES(7,'00430090','CLASE G','MERCEDES BENZ');
insert into ALESI_NTABLAS(ID_TABLA,ID_CODIGO,DESCIPCION,CAMPO_A)VALUES(7,'00430100','CLASE GL','MERCEDES BENZ');
insert into ALESI_NTABLAS(ID_TABLA,ID_CODIGO,DESCIPCION,CAMPO_A)VALUES(7,'00430110','CLASE GLA','MERCEDES BENZ');
insert into ALESI_NTABLAS(ID_TABLA,ID_CODIGO,DESCIPCION,CAMPO_A)VALUES(7,'00430120','CLASE GLC','MERCEDES BENZ');
insert into ALESI_NTABLAS(ID_TABLA,ID_CODIGO,DESCIPCION,CAMPO_A)VALUES(7,'00430130','CLASE GLE','MERCEDES BENZ');
insert into ALESI_NTABLAS(ID_TABLA,ID_CODIGO,DESCIPCION,CAMPO_A)VALUES(7,'00430140','CLASE GLK','MERCEDES BENZ');
insert into ALESI_NTABLAS(ID_TABLA,ID_CODIGO,DESCIPCION,CAMPO_A)VALUES(7,'00430150','CLASE GLS','MERCEDES BENZ');
insert into ALESI_NTABLAS(ID_TABLA,ID_CODIGO,DESCIPCION,CAMPO_A)VALUES(7,'00430160','CLASE ML','MERCEDES BENZ');
insert into ALESI_NTABLAS(ID_TABLA,ID_CODIGO,DESCIPCION,CAMPO_A)VALUES(7,'00430170','CLASE R','MERCEDES BENZ');
insert into ALESI_NTABLAS(ID_TABLA,ID_CODIGO,DESCIPCION,CAMPO_A)VALUES(7,'00430180','CLASE S','MERCEDES BENZ');
insert into ALESI_NTABLAS(ID_TABLA,ID_CODIGO,DESCIPCION,CAMPO_A)VALUES(7,'00430190','CLASE SL','MERCEDES BENZ');
insert into ALESI_NTABLAS(ID_TABLA,ID_CODIGO,DESCIPCION,CAMPO_A)VALUES(7,'00430200','CLASE SLC','MERCEDES BENZ');
insert into ALESI_NTABLAS(ID_TABLA,ID_CODIGO,DESCIPCION,CAMPO_A)VALUES(7,'00430210','CLASE SLK','MERCEDES BENZ');
insert into ALESI_NTABLAS(ID_TABLA,ID_CODIGO,DESCIPCION,CAMPO_A)VALUES(7,'00430220','CLASE V','MERCEDES BENZ');
insert into ALESI_NTABLAS(ID_TABLA,ID_CODIGO,DESCIPCION,CAMPO_A)VALUES(7,'00430230','G 500 L','MERCEDES BENZ');
insert into ALESI_NTABLAS(ID_TABLA,ID_CODIGO,DESCIPCION,CAMPO_A)VALUES(7,'00430240','SMART','MERCEDES BENZ');
insert into ALESI_NTABLAS(ID_TABLA,ID_CODIGO,DESCIPCION,CAMPO_A)VALUES(7,'00430250','SMART ROADSTER','MERCEDES BENZ');
insert into ALESI_NTABLAS(ID_TABLA,ID_CODIGO,DESCIPCION,CAMPO_A)VALUES(7,'00430260','SPRINTER','MERCEDES BENZ');
insert into ALESI_NTABLAS(ID_TABLA,ID_CODIGO,DESCIPCION,CAMPO_A)VALUES(7,'00430270','VAN','MERCEDES BENZ');
insert into ALESI_NTABLAS(ID_TABLA,ID_CODIGO,DESCIPCION,CAMPO_A)VALUES(7,'00430280','VIANO','MERCEDES BENZ');
insert into ALESI_NTABLAS(ID_TABLA,ID_CODIGO,DESCIPCION,CAMPO_A)VALUES(7,'00430290','VITO','MERCEDES BENZ');
insert into ALESI_NTABLAS(ID_TABLA,ID_CODIGO,DESCIPCION,CAMPO_A)VALUES(7,'00440010','MARINER','MERCURY');
insert into ALESI_NTABLAS(ID_TABLA,ID_CODIGO,DESCIPCION,CAMPO_A)VALUES(7,'00440020','MILAN','MERCURY');
insert into ALESI_NTABLAS(ID_TABLA,ID_CODIGO,DESCIPCION,CAMPO_A)VALUES(7,'00440030','MONTEGO','MERCURY');
insert into ALESI_NTABLAS(ID_TABLA,ID_CODIGO,DESCIPCION,CAMPO_A)VALUES(7,'00440040','MYSTIQUE','MERCURY');
insert into ALESI_NTABLAS(ID_TABLA,ID_CODIGO,DESCIPCION,CAMPO_A)VALUES(7,'00440050','SABLE','MERCURY');
insert into ALESI_NTABLAS(ID_TABLA,ID_CODIGO,DESCIPCION,CAMPO_A)VALUES(7,'00450010','ASX','MITSUBISHI');
insert into ALESI_NTABLAS(ID_TABLA,ID_CODIGO,DESCIPCION,CAMPO_A)VALUES(7,'00450020','ECLIPSE','MITSUBISHI');
insert into ALESI_NTABLAS(ID_TABLA,ID_CODIGO,DESCIPCION,CAMPO_A)VALUES(7,'00450030','ECLIPSE CROSS','MITSUBISHI');
insert into ALESI_NTABLAS(ID_TABLA,ID_CODIGO,DESCIPCION,CAMPO_A)VALUES(7,'00450040','ENDEAVOR','MITSUBISHI');
insert into ALESI_NTABLAS(ID_TABLA,ID_CODIGO,DESCIPCION,CAMPO_A)VALUES(7,'00450050','GALANT','MITSUBISHI');
insert into ALESI_NTABLAS(ID_TABLA,ID_CODIGO,DESCIPCION,CAMPO_A)VALUES(7,'00450060','GRANDIS','MITSUBISHI');
insert into ALESI_NTABLAS(ID_TABLA,ID_CODIGO,DESCIPCION,CAMPO_A)VALUES(7,'00450070','LANCER','MITSUBISHI');
insert into ALESI_NTABLAS(ID_TABLA,ID_CODIGO,DESCIPCION,CAMPO_A)VALUES(7,'00450080','MIRAGE','MITSUBISHI');
insert into ALESI_NTABLAS(ID_TABLA,ID_CODIGO,DESCIPCION,CAMPO_A)VALUES(7,'00450090','MONTERO','MITSUBISHI');
insert into ALESI_NTABLAS(ID_TABLA,ID_CODIGO,DESCIPCION,CAMPO_A)VALUES(7,'00450100','OUTLANDER','MITSUBISHI');
insert into ALESI_NTABLAS(ID_TABLA,ID_CODIGO,DESCIPCION,CAMPO_A)VALUES(7,'00450110','PICK-UP','MITSUBISHI');
insert into ALESI_NTABLAS(ID_TABLA,ID_CODIGO,DESCIPCION,CAMPO_A)VALUES(7,'00450120','POLO','MITSUBISHI');
insert into ALESI_NTABLAS(ID_TABLA,ID_CODIGO,DESCIPCION,CAMPO_A)VALUES(7,'00450130','SPACE STAR','MITSUBISHI');
insert into ALESI_NTABLAS(ID_TABLA,ID_CODIGO,DESCIPCION,CAMPO_A)VALUES(7,'00460010','ALMERA','NISSAN');
insert into ALESI_NTABLAS(ID_TABLA,ID_CODIGO,DESCIPCION,CAMPO_A)VALUES(7,'00460020','ALTIMA','NISSAN');
insert into ALESI_NTABLAS(ID_TABLA,ID_CODIGO,DESCIPCION,CAMPO_A)VALUES(7,'00460030','APRIO','NISSAN');
insert into ALESI_NTABLAS(ID_TABLA,ID_CODIGO,DESCIPCION,CAMPO_A)VALUES(7,'00460040','ARMADA','NISSAN');
insert into ALESI_NTABLAS(ID_TABLA,ID_CODIGO,DESCIPCION,CAMPO_A)VALUES(7,'00460050','ESTACAS','NISSAN');
insert into ALESI_NTABLAS(ID_TABLA,ID_CODIGO,DESCIPCION,CAMPO_A)VALUES(7,'00460060','FRONTIER','NISSAN');
insert into ALESI_NTABLAS(ID_TABLA,ID_CODIGO,DESCIPCION,CAMPO_A)VALUES(7,'00460070','ICHI VAN','NISSAN');
insert into ALESI_NTABLAS(ID_TABLA,ID_CODIGO,DESCIPCION,CAMPO_A)VALUES(7,'00460080','INFINITY I -30','NISSAN');
insert into ALESI_NTABLAS(ID_TABLA,ID_CODIGO,DESCIPCION,CAMPO_A)VALUES(7,'00460090','INFINITY I -35','NISSAN');
insert into ALESI_NTABLAS(ID_TABLA,ID_CODIGO,DESCIPCION,CAMPO_A)VALUES(7,'00460100','INFINITY Q -45','NISSAN');
insert into ALESI_NTABLAS(ID_TABLA,ID_CODIGO,DESCIPCION,CAMPO_A)VALUES(7,'00460110','INFINITY QX4','NISSAN');
insert into ALESI_NTABLAS(ID_TABLA,ID_CODIGO,DESCIPCION,CAMPO_A)VALUES(7,'00460120','I-30','NISSAN');
insert into ALESI_NTABLAS(ID_TABLA,ID_CODIGO,DESCIPCION,CAMPO_A)VALUES(7,'00460130','I-35','NISSAN');
insert into ALESI_NTABLAS(ID_TABLA,ID_CODIGO,DESCIPCION,CAMPO_A)VALUES(7,'00460140','JUKE','NISSAN');
insert into ALESI_NTABLAS(ID_TABLA,ID_CODIGO,DESCIPCION,CAMPO_A)VALUES(7,'00460150','KICKS','NISSAN');
insert into ALESI_NTABLAS(ID_TABLA,ID_CODIGO,DESCIPCION,CAMPO_A)VALUES(7,'00460160','LEAF','NISSAN');
insert into ALESI_NTABLAS(ID_TABLA,ID_CODIGO,DESCIPCION,CAMPO_A)VALUES(7,'00460170','LUCINO','NISSAN');
insert into ALESI_NTABLAS(ID_TABLA,ID_CODIGO,DESCIPCION,CAMPO_A)VALUES(7,'00460180','MARCH','NISSAN');
insert into ALESI_NTABLAS(ID_TABLA,ID_CODIGO,DESCIPCION,CAMPO_A)VALUES(7,'00460190','MAXIMA','NISSAN');
insert into ALESI_NTABLAS(ID_TABLA,ID_CODIGO,DESCIPCION,CAMPO_A)VALUES(7,'00460200','MICRA','NISSAN');
insert into ALESI_NTABLAS(ID_TABLA,ID_CODIGO,DESCIPCION,CAMPO_A)VALUES(7,'00460210','MURANO','NISSAN');
insert into ALESI_NTABLAS(ID_TABLA,ID_CODIGO,DESCIPCION,CAMPO_A)VALUES(7,'00460220','NOTE','NISSAN');
insert into ALESI_NTABLAS(ID_TABLA,ID_CODIGO,DESCIPCION,CAMPO_A)VALUES(7,'00460230','PATHFINDER','NISSAN');
insert into ALESI_NTABLAS(ID_TABLA,ID_CODIGO,DESCIPCION,CAMPO_A)VALUES(7,'00460240','PATHFINDER ARMA','NISSAN');
insert into ALESI_NTABLAS(ID_TABLA,ID_CODIGO,DESCIPCION,CAMPO_A)VALUES(7,'00460250','PICK-UP','NISSAN');
insert into ALESI_NTABLAS(ID_TABLA,ID_CODIGO,DESCIPCION,CAMPO_A)VALUES(7,'00460260','PLATINA','NISSAN');
insert into ALESI_NTABLAS(ID_TABLA,ID_CODIGO,DESCIPCION,CAMPO_A)VALUES(7,'00460270','Q - 45','NISSAN');
insert into ALESI_NTABLAS(ID_TABLA,ID_CODIGO,DESCIPCION,CAMPO_A)VALUES(7,'00460280','QUEST','NISSAN');
insert into ALESI_NTABLAS(ID_TABLA,ID_CODIGO,DESCIPCION,CAMPO_A)VALUES(7,'00460290','QX4','NISSAN');
insert into ALESI_NTABLAS(ID_TABLA,ID_CODIGO,DESCIPCION,CAMPO_A)VALUES(7,'00460300','ROGUE','NISSAN');
insert into ALESI_NTABLAS(ID_TABLA,ID_CODIGO,DESCIPCION,CAMPO_A)VALUES(7,'00460310','SENTRA','NISSAN');
insert into ALESI_NTABLAS(ID_TABLA,ID_CODIGO,DESCIPCION,CAMPO_A)VALUES(7,'00460320','TIIDA','NISSAN');
insert into ALESI_NTABLAS(ID_TABLA,ID_CODIGO,DESCIPCION,CAMPO_A)VALUES(7,'00460330','TSUBAME','NISSAN');
insert into ALESI_NTABLAS(ID_TABLA,ID_CODIGO,DESCIPCION,CAMPO_A)VALUES(7,'00460340','TSURU','NISSAN');
insert into ALESI_NTABLAS(ID_TABLA,ID_CODIGO,DESCIPCION,CAMPO_A)VALUES(7,'00460350','URVAN','NISSAN');
insert into ALESI_NTABLAS(ID_TABLA,ID_CODIGO,DESCIPCION,CAMPO_A)VALUES(7,'00460360','VAN','NISSAN');
insert into ALESI_NTABLAS(ID_TABLA,ID_CODIGO,DESCIPCION,CAMPO_A)VALUES(7,'00460370','V-DRIVE','NISSAN');
insert into ALESI_NTABLAS(ID_TABLA,ID_CODIGO,DESCIPCION,CAMPO_A)VALUES(7,'00460380','VERSA','NISSAN');
insert into ALESI_NTABLAS(ID_TABLA,ID_CODIGO,DESCIPCION,CAMPO_A)VALUES(7,'00460390','X TERRA','NISSAN');
insert into ALESI_NTABLAS(ID_TABLA,ID_CODIGO,DESCIPCION,CAMPO_A)VALUES(7,'00460400','X-TRAIL','NISSAN');
insert into ALESI_NTABLAS(ID_TABLA,ID_CODIGO,DESCIPCION,CAMPO_A)VALUES(7,'00460410','240 SX','NISSAN');
insert into ALESI_NTABLAS(ID_TABLA,ID_CODIGO,DESCIPCION,CAMPO_A)VALUES(7,'00460420','300 ZX','NISSAN');
insert into ALESI_NTABLAS(ID_TABLA,ID_CODIGO,DESCIPCION,CAMPO_A)VALUES(7,'00460430','350 Z','NISSAN');
insert into ALESI_NTABLAS(ID_TABLA,ID_CODIGO,DESCIPCION,CAMPO_A)VALUES(7,'00460440','370 Z','NISSAN');
insert into ALESI_NTABLAS(ID_TABLA,ID_CODIGO,DESCIPCION,CAMPO_A)VALUES(7,'00470010','ESTACAS','NISSAN1');
insert into ALESI_NTABLAS(ID_TABLA,ID_CODIGO,DESCIPCION,CAMPO_A)VALUES(7,'00470020','PICK-UP','NISSAN1');
insert into ALESI_NTABLAS(ID_TABLA,ID_CODIGO,DESCIPCION,CAMPO_A)VALUES(7,'00480010','EXPERT','PEUGEOT');
insert into ALESI_NTABLAS(ID_TABLA,ID_CODIGO,DESCIPCION,CAMPO_A)VALUES(7,'00480020','GRAND RAID','PEUGEOT');
insert into ALESI_NTABLAS(ID_TABLA,ID_CODIGO,DESCIPCION,CAMPO_A)VALUES(7,'00480030','MANAGER','PEUGEOT');
insert into ALESI_NTABLAS(ID_TABLA,ID_CODIGO,DESCIPCION,CAMPO_A)VALUES(7,'00480040','PARTNER','PEUGEOT');
insert into ALESI_NTABLAS(ID_TABLA,ID_CODIGO,DESCIPCION,CAMPO_A)VALUES(7,'00480050','RCZ','PEUGEOT');
insert into ALESI_NTABLAS(ID_TABLA,ID_CODIGO,DESCIPCION,CAMPO_A)VALUES(7,'00480060','RIFTER','PEUGEOT');
insert into ALESI_NTABLAS(ID_TABLA,ID_CODIGO,DESCIPCION,CAMPO_A)VALUES(7,'00480070','TRAVELLER','PEUGEOT');
insert into ALESI_NTABLAS(ID_TABLA,ID_CODIGO,DESCIPCION,CAMPO_A)VALUES(7,'00480080','VAN','PEUGEOT');
insert into ALESI_NTABLAS(ID_TABLA,ID_CODIGO,DESCIPCION,CAMPO_A)VALUES(7,'00480090','2008','PEUGEOT');
insert into ALESI_NTABLAS(ID_TABLA,ID_CODIGO,DESCIPCION,CAMPO_A)VALUES(7,'00480100','206','PEUGEOT');
insert into ALESI_NTABLAS(ID_TABLA,ID_CODIGO,DESCIPCION,CAMPO_A)VALUES(7,'00480110','207','PEUGEOT');
insert into ALESI_NTABLAS(ID_TABLA,ID_CODIGO,DESCIPCION,CAMPO_A)VALUES(7,'00480120','208','PEUGEOT');
insert into ALESI_NTABLAS(ID_TABLA,ID_CODIGO,DESCIPCION,CAMPO_A)VALUES(7,'00480130','3008','PEUGEOT');
insert into ALESI_NTABLAS(ID_TABLA,ID_CODIGO,DESCIPCION,CAMPO_A)VALUES(7,'00480140','301','PEUGEOT');
insert into ALESI_NTABLAS(ID_TABLA,ID_CODIGO,DESCIPCION,CAMPO_A)VALUES(7,'00480150','306','PEUGEOT');
insert into ALESI_NTABLAS(ID_TABLA,ID_CODIGO,DESCIPCION,CAMPO_A)VALUES(7,'00480160','307','PEUGEOT');
insert into ALESI_NTABLAS(ID_TABLA,ID_CODIGO,DESCIPCION,CAMPO_A)VALUES(7,'00480170','308','PEUGEOT');
insert into ALESI_NTABLAS(ID_TABLA,ID_CODIGO,DESCIPCION,CAMPO_A)VALUES(7,'00480180','405','PEUGEOT');
insert into ALESI_NTABLAS(ID_TABLA,ID_CODIGO,DESCIPCION,CAMPO_A)VALUES(7,'00480190','406','PEUGEOT');
insert into ALESI_NTABLAS(ID_TABLA,ID_CODIGO,DESCIPCION,CAMPO_A)VALUES(7,'00480200','407','PEUGEOT');
insert into ALESI_NTABLAS(ID_TABLA,ID_CODIGO,DESCIPCION,CAMPO_A)VALUES(7,'00480210','5008','PEUGEOT');
insert into ALESI_NTABLAS(ID_TABLA,ID_CODIGO,DESCIPCION,CAMPO_A)VALUES(7,'00480220','508','PEUGEOT');
insert into ALESI_NTABLAS(ID_TABLA,ID_CODIGO,DESCIPCION,CAMPO_A)VALUES(7,'00480230','607','PEUGEOT');
insert into ALESI_NTABLAS(ID_TABLA,ID_CODIGO,DESCIPCION,CAMPO_A)VALUES(7,'00490010','AZTEK','PONTIAC');
insert into ALESI_NTABLAS(ID_TABLA,ID_CODIGO,DESCIPCION,CAMPO_A)VALUES(7,'00490020','BONNEVILLE','PONTIAC');
insert into ALESI_NTABLAS(ID_TABLA,ID_CODIGO,DESCIPCION,CAMPO_A)VALUES(7,'00490030','FIREBIRD','PONTIAC');
insert into ALESI_NTABLAS(ID_TABLA,ID_CODIGO,DESCIPCION,CAMPO_A)VALUES(7,'00490040','GRAND  AM','PONTIAC');
insert into ALESI_NTABLAS(ID_TABLA,ID_CODIGO,DESCIPCION,CAMPO_A)VALUES(7,'00490050','GRAND  PRIX','PONTIAC');
insert into ALESI_NTABLAS(ID_TABLA,ID_CODIGO,DESCIPCION,CAMPO_A)VALUES(7,'00490060','GRAND AM','PONTIAC');
insert into ALESI_NTABLAS(ID_TABLA,ID_CODIGO,DESCIPCION,CAMPO_A)VALUES(7,'00490070','GRAND PRIX','PONTIAC');
insert into ALESI_NTABLAS(ID_TABLA,ID_CODIGO,DESCIPCION,CAMPO_A)VALUES(7,'00490080','G3','PONTIAC');
insert into ALESI_NTABLAS(ID_TABLA,ID_CODIGO,DESCIPCION,CAMPO_A)VALUES(7,'00490090','G4','PONTIAC');
insert into ALESI_NTABLAS(ID_TABLA,ID_CODIGO,DESCIPCION,CAMPO_A)VALUES(7,'00490100','G5','PONTIAC');
insert into ALESI_NTABLAS(ID_TABLA,ID_CODIGO,DESCIPCION,CAMPO_A)VALUES(7,'00490110','G6','PONTIAC');
insert into ALESI_NTABLAS(ID_TABLA,ID_CODIGO,DESCIPCION,CAMPO_A)VALUES(7,'00490120','MATIZ','PONTIAC');
insert into ALESI_NTABLAS(ID_TABLA,ID_CODIGO,DESCIPCION,CAMPO_A)VALUES(7,'00490130','MATIZ G2','PONTIAC');
insert into ALESI_NTABLAS(ID_TABLA,ID_CODIGO,DESCIPCION,CAMPO_A)VALUES(7,'00490140','MONTANA','PONTIAC');
insert into ALESI_NTABLAS(ID_TABLA,ID_CODIGO,DESCIPCION,CAMPO_A)VALUES(7,'00490150','SOLSTICE','PONTIAC');
insert into ALESI_NTABLAS(ID_TABLA,ID_CODIGO,DESCIPCION,CAMPO_A)VALUES(7,'00490160','SUNFIRE','PONTIAC');
insert into ALESI_NTABLAS(ID_TABLA,ID_CODIGO,DESCIPCION,CAMPO_A)VALUES(7,'00490170','TORRENT','PONTIAC');
insert into ALESI_NTABLAS(ID_TABLA,ID_CODIGO,DESCIPCION,CAMPO_A)VALUES(7,'00500180','PANAMERA','PORSCHE');
insert into ALESI_NTABLAS(ID_TABLA,ID_CODIGO,DESCIPCION,CAMPO_A)VALUES(7,'00510010','RC PRIMA FIJA','RC PRIMA FIJA');
insert into ALESI_NTABLAS(ID_TABLA,ID_CODIGO,DESCIPCION,CAMPO_A)VALUES(7,'00520010','CAPTUR','RENAULT');
insert into ALESI_NTABLAS(ID_TABLA,ID_CODIGO,DESCIPCION,CAMPO_A)VALUES(7,'00520020','CLIO','RENAULT');
insert into ALESI_NTABLAS(ID_TABLA,ID_CODIGO,DESCIPCION,CAMPO_A)VALUES(7,'00520030','DUSTER','RENAULT');
insert into ALESI_NTABLAS(ID_TABLA,ID_CODIGO,DESCIPCION,CAMPO_A)VALUES(7,'00520040','EURO CLIO','RENAULT');
insert into ALESI_NTABLAS(ID_TABLA,ID_CODIGO,DESCIPCION,CAMPO_A)VALUES(7,'00520050','FLUENCE','RENAULT');
insert into ALESI_NTABLAS(ID_TABLA,ID_CODIGO,DESCIPCION,CAMPO_A)VALUES(7,'00520060','KANGOO','RENAULT');
insert into ALESI_NTABLAS(ID_TABLA,ID_CODIGO,DESCIPCION,CAMPO_A)VALUES(7,'00520070','KOLEOS','RENAULT');
insert into ALESI_NTABLAS(ID_TABLA,ID_CODIGO,DESCIPCION,CAMPO_A)VALUES(7,'00520080','KWID','RENAULT');
insert into ALESI_NTABLAS(ID_TABLA,ID_CODIGO,DESCIPCION,CAMPO_A)VALUES(7,'00520090','LAGUNA','RENAULT');
insert into ALESI_NTABLAS(ID_TABLA,ID_CODIGO,DESCIPCION,CAMPO_A)VALUES(7,'00520100','LOGAN','RENAULT');
insert into ALESI_NTABLAS(ID_TABLA,ID_CODIGO,DESCIPCION,CAMPO_A)VALUES(7,'00520110','MEGANE','RENAULT');
insert into ALESI_NTABLAS(ID_TABLA,ID_CODIGO,DESCIPCION,CAMPO_A)VALUES(7,'00520120','PANEL','RENAULT');
insert into ALESI_NTABLAS(ID_TABLA,ID_CODIGO,DESCIPCION,CAMPO_A)VALUES(7,'00520130','PICK-UP','RENAULT');
insert into ALESI_NTABLAS(ID_TABLA,ID_CODIGO,DESCIPCION,CAMPO_A)VALUES(7,'00520140','SAFRANE','RENAULT');
insert into ALESI_NTABLAS(ID_TABLA,ID_CODIGO,DESCIPCION,CAMPO_A)VALUES(7,'00520150','SANDERO','RENAULT');
insert into ALESI_NTABLAS(ID_TABLA,ID_CODIGO,DESCIPCION,CAMPO_A)VALUES(7,'00520160','SCALA','RENAULT');
insert into ALESI_NTABLAS(ID_TABLA,ID_CODIGO,DESCIPCION,CAMPO_A)VALUES(7,'00520170','SCENIC','RENAULT');
insert into ALESI_NTABLAS(ID_TABLA,ID_CODIGO,DESCIPCION,CAMPO_A)VALUES(7,'00520180','STEPWAY','RENAULT');
insert into ALESI_NTABLAS(ID_TABLA,ID_CODIGO,DESCIPCION,CAMPO_A)VALUES(7,'00520190','TRAFIC','RENAULT');
insert into ALESI_NTABLAS(ID_TABLA,ID_CODIGO,DESCIPCION,CAMPO_A)VALUES(7,'00520200','VAN','RENAULT');
insert into ALESI_NTABLAS(ID_TABLA,ID_CODIGO,DESCIPCION,CAMPO_A)VALUES(7,'00530010','MG','ROVER');
insert into ALESI_NTABLAS(ID_TABLA,ID_CODIGO,DESCIPCION,CAMPO_A)VALUES(7,'00530020','ROVER MG','ROVER');
insert into ALESI_NTABLAS(ID_TABLA,ID_CODIGO,DESCIPCION,CAMPO_A)VALUES(7,'00530030','ROVER 75','ROVER');
insert into ALESI_NTABLAS(ID_TABLA,ID_CODIGO,DESCIPCION,CAMPO_A)VALUES(7,'00530040','75','ROVER');
insert into ALESI_NTABLAS(ID_TABLA,ID_CODIGO,DESCIPCION,CAMPO_A)VALUES(7,'00540010','43533','SAAB');
insert into ALESI_NTABLAS(ID_TABLA,ID_CODIGO,DESCIPCION,CAMPO_A)VALUES(7,'00540020','43594','SAAB');
insert into ALESI_NTABLAS(ID_TABLA,ID_CODIGO,DESCIPCION,CAMPO_A)VALUES(7,'00540030','43533','SAAB');
insert into ALESI_NTABLAS(ID_TABLA,ID_CODIGO,DESCIPCION,CAMPO_A)VALUES(7,'00540040','43594','SAAB');
insert into ALESI_NTABLAS(ID_TABLA,ID_CODIGO,DESCIPCION,CAMPO_A)VALUES(7,'00550010','ALHAMBRA','SEAT');
insert into ALESI_NTABLAS(ID_TABLA,ID_CODIGO,DESCIPCION,CAMPO_A)VALUES(7,'00550020','ALTEA','SEAT');
insert into ALESI_NTABLAS(ID_TABLA,ID_CODIGO,DESCIPCION,CAMPO_A)VALUES(7,'00550030','ARONA','SEAT');
insert into ALESI_NTABLAS(ID_TABLA,ID_CODIGO,DESCIPCION,CAMPO_A)VALUES(7,'00550040','ATECA','SEAT');
insert into ALESI_NTABLAS(ID_TABLA,ID_CODIGO,DESCIPCION,CAMPO_A)VALUES(7,'00550050','CORDOBA','SEAT');
insert into ALESI_NTABLAS(ID_TABLA,ID_CODIGO,DESCIPCION,CAMPO_A)VALUES(7,'00550060','EXEO','SEAT');
insert into ALESI_NTABLAS(ID_TABLA,ID_CODIGO,DESCIPCION,CAMPO_A)VALUES(7,'00550070','FREETRACK','SEAT');
insert into ALESI_NTABLAS(ID_TABLA,ID_CODIGO,DESCIPCION,CAMPO_A)VALUES(7,'00550080','IBIZA','SEAT');
insert into ALESI_NTABLAS(ID_TABLA,ID_CODIGO,DESCIPCION,CAMPO_A)VALUES(7,'00550090','LEON','SEAT');
insert into ALESI_NTABLAS(ID_TABLA,ID_CODIGO,DESCIPCION,CAMPO_A)VALUES(7,'00550100','TARRACO','SEAT');
insert into ALESI_NTABLAS(ID_TABLA,ID_CODIGO,DESCIPCION,CAMPO_A)VALUES(7,'00550110','TOLEDO','SEAT');
insert into ALESI_NTABLAS(ID_TABLA,ID_CODIGO,DESCIPCION,CAMPO_A)VALUES(7,'00560010','BRZ','SUBARU');
insert into ALESI_NTABLAS(ID_TABLA,ID_CODIGO,DESCIPCION,CAMPO_A)VALUES(7,'00560020','FORESTER','SUBARU');
insert into ALESI_NTABLAS(ID_TABLA,ID_CODIGO,DESCIPCION,CAMPO_A)VALUES(7,'00560030','IMPREZA','SUBARU');
insert into ALESI_NTABLAS(ID_TABLA,ID_CODIGO,DESCIPCION,CAMPO_A)VALUES(7,'00560040','LEGACY','SUBARU');
insert into ALESI_NTABLAS(ID_TABLA,ID_CODIGO,DESCIPCION,CAMPO_A)VALUES(7,'00560050','OUTBACK','SUBARU');
insert into ALESI_NTABLAS(ID_TABLA,ID_CODIGO,DESCIPCION,CAMPO_A)VALUES(7,'00560060','TRIBECA','SUBARU');
insert into ALESI_NTABLAS(ID_TABLA,ID_CODIGO,DESCIPCION,CAMPO_A)VALUES(7,'00560070','WRX','SUBARU');
insert into ALESI_NTABLAS(ID_TABLA,ID_CODIGO,DESCIPCION,CAMPO_A)VALUES(7,'00560080','XV','SUBARU');
insert into ALESI_NTABLAS(ID_TABLA,ID_CODIGO,DESCIPCION,CAMPO_A)VALUES(7,'00570010','AERIO','SUZUKI');
insert into ALESI_NTABLAS(ID_TABLA,ID_CODIGO,DESCIPCION,CAMPO_A)VALUES(7,'00570020','CIAZ','SUZUKI');
insert into ALESI_NTABLAS(ID_TABLA,ID_CODIGO,DESCIPCION,CAMPO_A)VALUES(7,'00570030','ERTIGA','SUZUKI');
insert into ALESI_NTABLAS(ID_TABLA,ID_CODIGO,DESCIPCION,CAMPO_A)VALUES(7,'00570040','GRAND VITARA','SUZUKI');
insert into ALESI_NTABLAS(ID_TABLA,ID_CODIGO,DESCIPCION,CAMPO_A)VALUES(7,'00570050','IGNIS','SUZUKI');
insert into ALESI_NTABLAS(ID_TABLA,ID_CODIGO,DESCIPCION,CAMPO_A)VALUES(7,'00570060','KIZASHI','SUZUKI');
insert into ALESI_NTABLAS(ID_TABLA,ID_CODIGO,DESCIPCION,CAMPO_A)VALUES(7,'00570070','S CROSS','SUZUKI');
insert into ALESI_NTABLAS(ID_TABLA,ID_CODIGO,DESCIPCION,CAMPO_A)VALUES(7,'00570080','SWIFT','SUZUKI');
insert into ALESI_NTABLAS(ID_TABLA,ID_CODIGO,DESCIPCION,CAMPO_A)VALUES(7,'00570090','SX4','SUZUKI');
insert into ALESI_NTABLAS(ID_TABLA,ID_CODIGO,DESCIPCION,CAMPO_A)VALUES(7,'00570100','VITARA','SUZUKI');
insert into ALESI_NTABLAS(ID_TABLA,ID_CODIGO,DESCIPCION,CAMPO_A)VALUES(7,'00570110','XL7','SUZUKI');
insert into ALESI_NTABLAS(ID_TABLA,ID_CODIGO,DESCIPCION,CAMPO_A)VALUES(7,'00580010','AVANZA','TOYOTA');
insert into ALESI_NTABLAS(ID_TABLA,ID_CODIGO,DESCIPCION,CAMPO_A)VALUES(7,'00580020','CAMRY','TOYOTA');
insert into ALESI_NTABLAS(ID_TABLA,ID_CODIGO,DESCIPCION,CAMPO_A)VALUES(7,'00580030','C-HR','TOYOTA');
insert into ALESI_NTABLAS(ID_TABLA,ID_CODIGO,DESCIPCION,CAMPO_A)VALUES(7,'00580040','COROLLA','TOYOTA');
insert into ALESI_NTABLAS(ID_TABLA,ID_CODIGO,DESCIPCION,CAMPO_A)VALUES(7,'00580050','FJ CRUSIER','TOYOTA');
insert into ALESI_NTABLAS(ID_TABLA,ID_CODIGO,DESCIPCION,CAMPO_A)VALUES(7,'00580060','HASTA 3.5 TONS','TOYOTA');
insert into ALESI_NTABLAS(ID_TABLA,ID_CODIGO,DESCIPCION,CAMPO_A)VALUES(7,'00580070','HIACE','TOYOTA');
insert into ALESI_NTABLAS(ID_TABLA,ID_CODIGO,DESCIPCION,CAMPO_A)VALUES(7,'00580080','HIGHLANDER','TOYOTA');
insert into ALESI_NTABLAS(ID_TABLA,ID_CODIGO,DESCIPCION,CAMPO_A)VALUES(7,'00580090','LAND CRUISER','TOYOTA');
insert into ALESI_NTABLAS(ID_TABLA,ID_CODIGO,DESCIPCION,CAMPO_A)VALUES(7,'00580100','MATRIX','TOYOTA');
insert into ALESI_NTABLAS(ID_TABLA,ID_CODIGO,DESCIPCION,CAMPO_A)VALUES(7,'00580110','MR2','TOYOTA');
insert into ALESI_NTABLAS(ID_TABLA,ID_CODIGO,DESCIPCION,CAMPO_A)VALUES(7,'00580120','MR2 SPYDER','TOYOTA');
insert into ALESI_NTABLAS(ID_TABLA,ID_CODIGO,DESCIPCION,CAMPO_A)VALUES(7,'00580130','PANEL','TOYOTA');
insert into ALESI_NTABLAS(ID_TABLA,ID_CODIGO,DESCIPCION,CAMPO_A)VALUES(7,'00580140','PICK-UP','TOYOTA');
insert into ALESI_NTABLAS(ID_TABLA,ID_CODIGO,DESCIPCION,CAMPO_A)VALUES(7,'00580150','PRIUS','TOYOTA');
insert into ALESI_NTABLAS(ID_TABLA,ID_CODIGO,DESCIPCION,CAMPO_A)VALUES(7,'00580160','RAV 4','TOYOTA');
insert into ALESI_NTABLAS(ID_TABLA,ID_CODIGO,DESCIPCION,CAMPO_A)VALUES(7,'00580170','RUSH','TOYOTA');
insert into ALESI_NTABLAS(ID_TABLA,ID_CODIGO,DESCIPCION,CAMPO_A)VALUES(7,'00580180','SEQUOIA','TOYOTA');
insert into ALESI_NTABLAS(ID_TABLA,ID_CODIGO,DESCIPCION,CAMPO_A)VALUES(7,'00580190','SIENNA','TOYOTA');
insert into ALESI_NTABLAS(ID_TABLA,ID_CODIGO,DESCIPCION,CAMPO_A)VALUES(7,'00580200','SOLARA','TOYOTA');
insert into ALESI_NTABLAS(ID_TABLA,ID_CODIGO,DESCIPCION,CAMPO_A)VALUES(7,'00580210','SUPRA','TOYOTA');
insert into ALESI_NTABLAS(ID_TABLA,ID_CODIGO,DESCIPCION,CAMPO_A)VALUES(7,'00580220','YARIS','TOYOTA');
insert into ALESI_NTABLAS(ID_TABLA,ID_CODIGO,DESCIPCION,CAMPO_A)VALUES(7,'00580230','4 RUNNER','TOYOTA');
insert into ALESI_NTABLAS(ID_TABLA,ID_CODIGO,DESCIPCION,CAMPO_A)VALUES(7,'00590010','PICK-UP','TOYOTA1');
insert into ALESI_NTABLAS(ID_TABLA,ID_CODIGO,DESCIPCION,CAMPO_A)VALUES(7,'00600010','ESTACAS','VAM');
insert into ALESI_NTABLAS(ID_TABLA,ID_CODIGO,DESCIPCION,CAMPO_A)VALUES(7,'00600020','PICK-UP','VAM');
insert into ALESI_NTABLAS(ID_TABLA,ID_CODIGO,DESCIPCION,CAMPO_A)VALUES(7,'00610010','AMAROK','VOLKSWAGEN');
insert into ALESI_NTABLAS(ID_TABLA,ID_CODIGO,DESCIPCION,CAMPO_A)VALUES(7,'00610020','BORA','VOLKSWAGEN');
insert into ALESI_NTABLAS(ID_TABLA,ID_CODIGO,DESCIPCION,CAMPO_A)VALUES(7,'00610030','CADDY','VOLKSWAGEN');
insert into ALESI_NTABLAS(ID_TABLA,ID_CODIGO,DESCIPCION,CAMPO_A)VALUES(7,'00610040','COMBI','VOLKSWAGEN');
insert into ALESI_NTABLAS(ID_TABLA,ID_CODIGO,DESCIPCION,CAMPO_A)VALUES(7,'00610050','CRAFTER','VOLKSWAGEN');
insert into ALESI_NTABLAS(ID_TABLA,ID_CODIGO,DESCIPCION,CAMPO_A)VALUES(7,'00610060','CROSS FOX','VOLKSWAGEN');
insert into ALESI_NTABLAS(ID_TABLA,ID_CODIGO,DESCIPCION,CAMPO_A)VALUES(7,'00610070','CROSS GOLF','VOLKSWAGEN');
insert into ALESI_NTABLAS(ID_TABLA,ID_CODIGO,DESCIPCION,CAMPO_A)VALUES(7,'00610080','DERBY','VOLKSWAGEN');
insert into ALESI_NTABLAS(ID_TABLA,ID_CODIGO,DESCIPCION,CAMPO_A)VALUES(7,'00610090','EOS','VOLKSWAGEN');
insert into ALESI_NTABLAS(ID_TABLA,ID_CODIGO,DESCIPCION,CAMPO_A)VALUES(7,'00610100','EUROVAN','VOLKSWAGEN');
insert into ALESI_NTABLAS(ID_TABLA,ID_CODIGO,DESCIPCION,CAMPO_A)VALUES(7,'00610110','GOL','VOLKSWAGEN');
insert into ALESI_NTABLAS(ID_TABLA,ID_CODIGO,DESCIPCION,CAMPO_A)VALUES(7,'00610120','GOLF','VOLKSWAGEN');
insert into ALESI_NTABLAS(ID_TABLA,ID_CODIGO,DESCIPCION,CAMPO_A)VALUES(7,'00610130','GTI','VOLKSWAGEN');
insert into ALESI_NTABLAS(ID_TABLA,ID_CODIGO,DESCIPCION,CAMPO_A)VALUES(7,'00610140','HASTA 3.5 TONS','VOLKSWAGEN');
insert into ALESI_NTABLAS(ID_TABLA,ID_CODIGO,DESCIPCION,CAMPO_A)VALUES(7,'00610150','JETTA','VOLKSWAGEN');
insert into ALESI_NTABLAS(ID_TABLA,ID_CODIGO,DESCIPCION,CAMPO_A)VALUES(7,'00610160','LUPO','VOLKSWAGEN');
insert into ALESI_NTABLAS(ID_TABLA,ID_CODIGO,DESCIPCION,CAMPO_A)VALUES(7,'00610170','NEW BEETLE','VOLKSWAGEN');
insert into ALESI_NTABLAS(ID_TABLA,ID_CODIGO,DESCIPCION,CAMPO_A)VALUES(7,'00610180','NUEVO GOLF A6','VOLKSWAGEN');
insert into ALESI_NTABLAS(ID_TABLA,ID_CODIGO,DESCIPCION,CAMPO_A)VALUES(7,'00610190','PANEL','VOLKSWAGEN');
insert into ALESI_NTABLAS(ID_TABLA,ID_CODIGO,DESCIPCION,CAMPO_A)VALUES(7,'00610200','PASSAT','VOLKSWAGEN');
insert into ALESI_NTABLAS(ID_TABLA,ID_CODIGO,DESCIPCION,CAMPO_A)VALUES(7,'00610210','PASSAT CC','VOLKSWAGEN');
insert into ALESI_NTABLAS(ID_TABLA,ID_CODIGO,DESCIPCION,CAMPO_A)VALUES(7,'00610220','PICK-UP','VOLKSWAGEN');
insert into ALESI_NTABLAS(ID_TABLA,ID_CODIGO,DESCIPCION,CAMPO_A)VALUES(7,'00610230','POINTER','VOLKSWAGEN');
insert into ALESI_NTABLAS(ID_TABLA,ID_CODIGO,DESCIPCION,CAMPO_A)VALUES(7,'00610240','POLO','VOLKSWAGEN');
insert into ALESI_NTABLAS(ID_TABLA,ID_CODIGO,DESCIPCION,CAMPO_A)VALUES(7,'00610250','ROUTAN','VOLKSWAGEN');
insert into ALESI_NTABLAS(ID_TABLA,ID_CODIGO,DESCIPCION,CAMPO_A)VALUES(7,'00610260','SAVEIRO','VOLKSWAGEN');
insert into ALESI_NTABLAS(ID_TABLA,ID_CODIGO,DESCIPCION,CAMPO_A)VALUES(7,'00610270','SEDAN','VOLKSWAGEN');
insert into ALESI_NTABLAS(ID_TABLA,ID_CODIGO,DESCIPCION,CAMPO_A)VALUES(7,'00610280','SHARAN','VOLKSWAGEN');
insert into ALESI_NTABLAS(ID_TABLA,ID_CODIGO,DESCIPCION,CAMPO_A)VALUES(7,'00610290','SPORT VAN','VOLKSWAGEN');
insert into ALESI_NTABLAS(ID_TABLA,ID_CODIGO,DESCIPCION,CAMPO_A)VALUES(7,'00610300','SPORTVAN','VOLKSWAGEN');
insert into ALESI_NTABLAS(ID_TABLA,ID_CODIGO,DESCIPCION,CAMPO_A)VALUES(7,'00610310','T-CROSS','VOLKSWAGEN');
insert into ALESI_NTABLAS(ID_TABLA,ID_CODIGO,DESCIPCION,CAMPO_A)VALUES(7,'00610320','TERAMONT','VOLKSWAGEN');
insert into ALESI_NTABLAS(ID_TABLA,ID_CODIGO,DESCIPCION,CAMPO_A)VALUES(7,'00610330','TIGUAN','VOLKSWAGEN');
insert into ALESI_NTABLAS(ID_TABLA,ID_CODIGO,DESCIPCION,CAMPO_A)VALUES(7,'00610340','TOUAREG','VOLKSWAGEN');
insert into ALESI_NTABLAS(ID_TABLA,ID_CODIGO,DESCIPCION,CAMPO_A)VALUES(7,'00610350','TRANSPORTER','VOLKSWAGEN');
insert into ALESI_NTABLAS(ID_TABLA,ID_CODIGO,DESCIPCION,CAMPO_A)VALUES(7,'00610360','UP','VOLKSWAGEN');
insert into ALESI_NTABLAS(ID_TABLA,ID_CODIGO,DESCIPCION,CAMPO_A)VALUES(7,'00610370','VAN','VOLKSWAGEN');
insert into ALESI_NTABLAS(ID_TABLA,ID_CODIGO,DESCIPCION,CAMPO_A)VALUES(7,'00610380','VENTO','VOLKSWAGEN');
insert into ALESI_NTABLAS(ID_TABLA,ID_CODIGO,DESCIPCION,CAMPO_A)VALUES(7,'00610390','VIRTUS','VOLKSWAGEN');
insert into ALESI_NTABLAS(ID_TABLA,ID_CODIGO,DESCIPCION,CAMPO_A)VALUES(7,'00620010','AMAROK','VOLKSWAGEN1');
insert into ALESI_NTABLAS(ID_TABLA,ID_CODIGO,DESCIPCION,CAMPO_A)VALUES(7,'00630010','C 30','VOLVO');
insert into ALESI_NTABLAS(ID_TABLA,ID_CODIGO,DESCIPCION,CAMPO_A)VALUES(7,'00630020','C 70','VOLVO');
insert into ALESI_NTABLAS(ID_TABLA,ID_CODIGO,DESCIPCION,CAMPO_A)VALUES(7,'00630030','CX60','VOLVO');
insert into ALESI_NTABLAS(ID_TABLA,ID_CODIGO,DESCIPCION,CAMPO_A)VALUES(7,'00630040','C30','VOLVO');
insert into ALESI_NTABLAS(ID_TABLA,ID_CODIGO,DESCIPCION,CAMPO_A)VALUES(7,'00630050','C70','VOLVO');
insert into ALESI_NTABLAS(ID_TABLA,ID_CODIGO,DESCIPCION,CAMPO_A)VALUES(7,'00630060','S 40','VOLVO');
insert into ALESI_NTABLAS(ID_TABLA,ID_CODIGO,DESCIPCION,CAMPO_A)VALUES(7,'00630070','S 60','VOLVO');
insert into ALESI_NTABLAS(ID_TABLA,ID_CODIGO,DESCIPCION,CAMPO_A)VALUES(7,'00630080','S 70','VOLVO');
insert into ALESI_NTABLAS(ID_TABLA,ID_CODIGO,DESCIPCION,CAMPO_A)VALUES(7,'00630090','S 80','VOLVO');
insert into ALESI_NTABLAS(ID_TABLA,ID_CODIGO,DESCIPCION,CAMPO_A)VALUES(7,'00630100','S40','VOLVO');
insert into ALESI_NTABLAS(ID_TABLA,ID_CODIGO,DESCIPCION,CAMPO_A)VALUES(7,'00630110','S60','VOLVO');
insert into ALESI_NTABLAS(ID_TABLA,ID_CODIGO,DESCIPCION,CAMPO_A)VALUES(7,'00630120','S70','VOLVO');
insert into ALESI_NTABLAS(ID_TABLA,ID_CODIGO,DESCIPCION,CAMPO_A)VALUES(7,'00630130','S80','VOLVO');
insert into ALESI_NTABLAS(ID_TABLA,ID_CODIGO,DESCIPCION,CAMPO_A)VALUES(7,'00630140','S90','VOLVO');
insert into ALESI_NTABLAS(ID_TABLA,ID_CODIGO,DESCIPCION,CAMPO_A)VALUES(7,'00630150','V 40','VOLVO');
insert into ALESI_NTABLAS(ID_TABLA,ID_CODIGO,DESCIPCION,CAMPO_A)VALUES(7,'00630160','V 50','VOLVO');
insert into ALESI_NTABLAS(ID_TABLA,ID_CODIGO,DESCIPCION,CAMPO_A)VALUES(7,'00630170','V 70','VOLVO');
insert into ALESI_NTABLAS(ID_TABLA,ID_CODIGO,DESCIPCION,CAMPO_A)VALUES(7,'00630180','V40','VOLVO');
insert into ALESI_NTABLAS(ID_TABLA,ID_CODIGO,DESCIPCION,CAMPO_A)VALUES(7,'00630190','V50','VOLVO');
insert into ALESI_NTABLAS(ID_TABLA,ID_CODIGO,DESCIPCION,CAMPO_A)VALUES(7,'00630200','V60','VOLVO');
insert into ALESI_NTABLAS(ID_TABLA,ID_CODIGO,DESCIPCION,CAMPO_A)VALUES(7,'00630210','V70','VOLVO');
insert into ALESI_NTABLAS(ID_TABLA,ID_CODIGO,DESCIPCION,CAMPO_A)VALUES(7,'00630220','XC40','VOLVO');
insert into ALESI_NTABLAS(ID_TABLA,ID_CODIGO,DESCIPCION,CAMPO_A)VALUES(7,'00630230','XC60','VOLVO');
insert into ALESI_NTABLAS(ID_TABLA,ID_CODIGO,DESCIPCION,CAMPO_A)VALUES(7,'00630240','XC70','VOLVO');
insert into ALESI_NTABLAS(ID_TABLA,ID_CODIGO,DESCIPCION,CAMPO_A)VALUES(7,'00630250','XC90','VOLVO');


-- ---------------------------------------------------------------------------------------------------------------------------------------------------------
INSERT INTO `ALESI_NTABLAS` (`ID_TABLA`,`ID_CODIGO`,`DESCIPCION`,`CAMPO_A`,`CAMPO_B`,`CAMPO_C`) VALUES (8,'1','BLANCO',NULL,NULL,NULL);
INSERT INTO `ALESI_NTABLAS` (`ID_TABLA`,`ID_CODIGO`,`DESCIPCION`,`CAMPO_A`,`CAMPO_B`,`CAMPO_C`) VALUES (8,'2','NEGRO',NULL,NULL,NULL);
INSERT INTO `ALESI_NTABLAS` (`ID_TABLA`,`ID_CODIGO`,`DESCIPCION`,`CAMPO_A`,`CAMPO_B`,`CAMPO_C`) VALUES (8,'3','AZUL',NULL,NULL,NULL);
INSERT INTO `ALESI_NTABLAS` (`ID_TABLA`,`ID_CODIGO`,`DESCIPCION`,`CAMPO_A`,`CAMPO_B`,`CAMPO_C`) VALUES (8,'4','VERDE',NULL,NULL,NULL);
INSERT INTO `ALESI_NTABLAS` (`ID_TABLA`,`ID_CODIGO`,`DESCIPCION`,`CAMPO_A`,`CAMPO_B`,`CAMPO_C`) VALUES (8,'5','AMARILLO',NULL,NULL,NULL);
INSERT INTO `ALESI_NTABLAS` (`ID_TABLA`,`ID_CODIGO`,`DESCIPCION`,`CAMPO_A`,`CAMPO_B`,`CAMPO_C`) VALUES (8,'6','CAFE',NULL,NULL,NULL);
INSERT INTO `ALESI_NTABLAS` (`ID_TABLA`,`ID_CODIGO`,`DESCIPCION`,`CAMPO_A`,`CAMPO_B`,`CAMPO_C`) VALUES (8,'7','PLATEADO',NULL,NULL,NULL);
INSERT INTO `ALESI_NTABLAS` (`ID_TABLA`,`ID_CODIGO`,`DESCIPCION`,`CAMPO_A`,`CAMPO_B`,`CAMPO_C`) VALUES (9,'C','CONVENIO',NULL,NULL,NULL);
INSERT INTO `ALESI_NTABLAS` (`ID_TABLA`,`ID_CODIGO`,`DESCIPCION`,`CAMPO_A`,`CAMPO_B`,`CAMPO_C`) VALUES (9,'P','PROCEDENTE',NULL,NULL,NULL);
INSERT INTO `ALESI_NTABLAS` (`ID_TABLA`,`ID_CODIGO`,`DESCIPCION`,`CAMPO_A`,`CAMPO_B`,`CAMPO_C`) VALUES (9,'R','RECHAZO',NULL,NULL,NULL);
INSERT INTO `ALESI_NTABLAS` (`ID_TABLA`,`ID_CODIGO`,`DESCIPCION`,`CAMPO_A`,`CAMPO_B`,`CAMPO_C`) VALUES (10,'1','PERSONAL',NULL,NULL,NULL);
INSERT INTO `ALESI_NTABLAS` (`ID_TABLA`,`ID_CODIGO`,`DESCIPCION`,`CAMPO_A`,`CAMPO_B`,`CAMPO_C`) VALUES (10,'2','TELEFONICO',NULL,NULL,NULL);
INSERT INTO `ALESI_NTABLAS` (`ID_TABLA`,`ID_CODIGO`,`DESCIPCION`,`CAMPO_A`,`CAMPO_B`,`CAMPO_C`) VALUES (10,'3','OTRO MEDIO',NULL,NULL,NULL);
INSERT INTO `ALESI_NTABLAS` (`ID_TABLA`,`ID_CODIGO`,`DESCIPCION`,`CAMPO_A`,`CAMPO_B`,`CAMPO_C`) VALUES (11,'1','GUSTAVO MADERO',NULL,NULL,NULL);
INSERT INTO `ALESI_NTABLAS` (`ID_TABLA`,`ID_CODIGO`,`DESCIPCION`,`CAMPO_A`,`CAMPO_B`,`CAMPO_C`) VALUES (11,'2','MIGUEL HIDALGO',NULL,NULL,NULL);
INSERT INTO `ALESI_NTABLAS` (`ID_TABLA`,`ID_CODIGO`,`DESCIPCION`,`CAMPO_A`,`CAMPO_B`,`CAMPO_C`) VALUES (11,'3','VENUSTIANO CARRANZA',NULL,NULL,NULL);
INSERT INTO `ALESI_NTABLAS` (`ID_TABLA`,`ID_CODIGO`,`DESCIPCION`,`CAMPO_A`,`CAMPO_B`,`CAMPO_C`) VALUES (12,'C','CONVENIO',NULL,NULL,NULL);
INSERT INTO `ALESI_NTABLAS` (`ID_TABLA`,`ID_CODIGO`,`DESCIPCION`,`CAMPO_A`,`CAMPO_B`,`CAMPO_C`) VALUES (12,'P','PROCEDENTE',NULL,NULL,NULL);
INSERT INTO `ALESI_NTABLAS` (`ID_TABLA`,`ID_CODIGO`,`DESCIPCION`,`CAMPO_A`,`CAMPO_B`,`CAMPO_C`) VALUES (12,'R','RECHAZO',NULL,NULL,NULL);
INSERT INTO `ALESI_NTABLAS` (`ID_TABLA`,`ID_CODIGO`,`DESCIPCION`,`CAMPO_A`,`CAMPO_B`,`CAMPO_C`) VALUES (13,'1','DIRIGIDO A',NULL,NULL,NULL);
INSERT INTO `ALESI_NTABLAS` (`ID_TABLA`,`ID_CODIGO`,`DESCIPCION`,`CAMPO_A`,`CAMPO_B`,`CAMPO_C`) VALUES (13,'10','PREEXISTENCIA DEL VEHICULO',NULL,NULL,NULL);
INSERT INTO `ALESI_NTABLAS` (`ID_TABLA`,`ID_CODIGO`,`DESCIPCION`,`CAMPO_A`,`CAMPO_B`,`CAMPO_C`) VALUES (13,'11','VERIFICACION DE POLIZAS',NULL,NULL,NULL);
INSERT INTO `ALESI_NTABLAS` (`ID_TABLA`,`ID_CODIGO`,`DESCIPCION`,`CAMPO_A`,`CAMPO_B`,`CAMPO_C`) VALUES (13,'12','CARPETA DE INVESTIGACION',NULL,NULL,NULL);
INSERT INTO `ALESI_NTABLAS` (`ID_TABLA`,`ID_CODIGO`,`DESCIPCION`,`CAMPO_A`,`CAMPO_B`,`CAMPO_C`) VALUES (13,'13','DOCUMENTOS ANEXOS',NULL,NULL,NULL);
INSERT INTO `ALESI_NTABLAS` (`ID_TABLA`,`ID_CODIGO`,`DESCIPCION`,`CAMPO_A`,`CAMPO_B`,`CAMPO_C`) VALUES (13,'14','CONCLUSIONES',NULL,NULL,NULL);
INSERT INTO `ALESI_NTABLAS` (`ID_TABLA`,`ID_CODIGO`,`DESCIPCION`,`CAMPO_A`,`CAMPO_B`,`CAMPO_C`) VALUES (13,'2','DATOS DEL SINIESTRO',NULL,NULL,NULL);
INSERT INTO `ALESI_NTABLAS` (`ID_TABLA`,`ID_CODIGO`,`DESCIPCION`,`CAMPO_A`,`CAMPO_B`,`CAMPO_C`) VALUES (13,'3','DATOS DEL VEHICULO',NULL,NULL,NULL);
INSERT INTO `ALESI_NTABLAS` (`ID_TABLA`,`ID_CODIGO`,`DESCIPCION`,`CAMPO_A`,`CAMPO_B`,`CAMPO_C`) VALUES (13,'4','MOTIVO DE LA INVESTIGACION',NULL,NULL,NULL);
INSERT INTO `ALESI_NTABLAS` (`ID_TABLA`,`ID_CODIGO`,`DESCIPCION`,`CAMPO_A`,`CAMPO_B`,`CAMPO_C`) VALUES (13,'5','RESULTADO DE LA INVESTIGACION',NULL,NULL,NULL);
INSERT INTO `ALESI_NTABLAS` (`ID_TABLA`,`ID_CODIGO`,`DESCIPCION`,`CAMPO_A`,`CAMPO_B`,`CAMPO_C`) VALUES (13,'6','DECLARACION DEL ASEGURADO O CONDUCTOR VERTIDA AL AJUSTADOR',NULL,NULL,NULL);
INSERT INTO `ALESI_NTABLAS` (`ID_TABLA`,`ID_CODIGO`,`DESCIPCION`,`CAMPO_A`,`CAMPO_B`,`CAMPO_C`) VALUES (13,'7','ENTREVISTA CON EL ASEGURADO O CONDUCTOR',NULL,NULL,NULL);
INSERT INTO `ALESI_NTABLAS` (`ID_TABLA`,`ID_CODIGO`,`DESCIPCION`,`CAMPO_A`,`CAMPO_B`,`CAMPO_C`) VALUES (13,'8','RECONSTRUCCION E INSPECCION EN LUGAR DE LOS HECHOS',NULL,NULL,NULL);
INSERT INTO `ALESI_NTABLAS` (`ID_TABLA`,`ID_CODIGO`,`DESCIPCION`,`CAMPO_A`,`CAMPO_B`,`CAMPO_C`) VALUES (13,'9','DOCUMENTOS DE LA PROPIEDAD',NULL,NULL,NULL);
INSERT INTO `ALESI_NTABLAS` (`ID_TABLA`,`ID_CODIGO`,`DESCIPCION`,`CAMPO_A`,`CAMPO_B`,`CAMPO_C`) VALUES (14,'A','ALFA NUMERICO, SI TIENE CATALOGO SE USA LO QUE ESTE DENTRO, SI NO ES LIBRE',NULL,NULL,NULL);
INSERT INTO `ALESI_NTABLAS` (`ID_TABLA`,`ID_CODIGO`,`DESCIPCION`,`CAMPO_A`,`CAMPO_B`,`CAMPO_C`) VALUES (14,'C','CHECK, DEFAULT VALOR DE SI NO ',NULL,NULL,NULL);
INSERT INTO `ALESI_NTABLAS` (`ID_TABLA`,`ID_CODIGO`,`DESCIPCION`,`CAMPO_A`,`CAMPO_B`,`CAMPO_C`) VALUES (14,'D','DATE = FECHA',NULL,NULL,NULL);
INSERT INTO `ALESI_NTABLAS` (`ID_TABLA`,`ID_CODIGO`,`DESCIPCION`,`CAMPO_A`,`CAMPO_B`,`CAMPO_C`) VALUES (14,'E','ETIQUETA',NULL,NULL,NULL);
INSERT INTO `ALESI_NTABLAS` (`ID_TABLA`,`ID_CODIGO`,`DESCIPCION`,`CAMPO_A`,`CAMPO_B`,`CAMPO_C`) VALUES (14,'N','NUMERICO',NULL,NULL,NULL);
INSERT INTO `ALESI_NTABLAS` (`ID_TABLA`,`ID_CODIGO`,`DESCIPCION`,`CAMPO_A`,`CAMPO_B`,`CAMPO_C`) VALUES (14,'R','RADIO BOOTONES DEBE DE CONTENER UN CATALOGO',NULL,NULL,NULL);
INSERT INTO `ALESI_NTABLAS` (`ID_TABLA`,`ID_CODIGO`,`DESCIPCION`,`CAMPO_A`,`CAMPO_B`,`CAMPO_C`) VALUES (14,'T','TEXT AREA, PARA MAYOR VOLUMEN DE TEXTO',NULL,NULL,NULL);
INSERT INTO `ALESI_NTABLAS` (`ID_TABLA`,`ID_CODIGO`,`DESCIPCION`,`CAMPO_A`,`CAMPO_B`,`CAMPO_C`) VALUES (15,'N','NO',NULL,NULL,NULL);
INSERT INTO `ALESI_NTABLAS` (`ID_TABLA`,`ID_CODIGO`,`DESCIPCION`,`CAMPO_A`,`CAMPO_B`,`CAMPO_C`) VALUES (15,'S','SI',NULL,NULL,NULL);

--

INSERT INTO `ALESI_NTABLAS` (`ID_TABLA`,`ID_CODIGO`,`DESCIPCION`,`CAMPO_A`,`CAMPO_B`,`CAMPO_C`) VALUES (17,'EN_CURSO','ESTADO INICAL DE UN CASO ',NULL,NULL,NULL);
INSERT INTO `ALESI_NTABLAS` (`ID_TABLA`,`ID_CODIGO`,`DESCIPCION`,`CAMPO_A`,`CAMPO_B`,`CAMPO_C`) VALUES (17,'EN_RETRAZO','UN CASO ESTA RETRAZADO DE ACUERDO A LA PROYECCION DE ENTRERGA',NULL,NULL,NULL);
INSERT INTO `ALESI_NTABLAS` (`ID_TABLA`,`ID_CODIGO`,`DESCIPCION`,`CAMPO_A`,`CAMPO_B`,`CAMPO_C`) VALUES (17,'CONCLUIDO','CUANDO UN CASO SE HA CONCLUIDO',NULL,NULL,NULL);
INSERT INTO `ALESI_NTABLAS` (`ID_TABLA`,`ID_CODIGO`,`DESCIPCION`,`CAMPO_A`,`CAMPO_B`,`CAMPO_C`) VALUES (17,'CERRADO','CUANDO UN CASO SE HA CERRADO',NULL,NULL,NULL);
INSERT INTO `ALESI_NTABLAS` (`ID_TABLA`,`ID_CODIGO`,`DESCIPCION`,`CAMPO_A`,`CAMPO_B`,`CAMPO_C`) VALUES (17,'ELIMINADO','CUANDO ELIMINA UN CASO',NULL,NULL,NULL);


--


INSERT INTO ALESI_TPERSONAS (ID_PERSONA,NOMBRE,EDAD,SEXO,TELEFONO,EMAIL,ID_EMPRESA,CARGO,OTROS,ESTADO) VALUES 
(1,'JESUS ACOSTA MAYA',99,'M','9999999999','algo@algo.com','SOPORTEALESI','DEVELOPER1',NULL,1)
,(2,'NOE SANTIAGO G',99,'M','9999999999','algo@algo.com','SOPORTEALESI','DEVELOPER1',NULL,1)
,(3,'Usuario1',99,NULL,'999999999','user1@segurossura.com.mx','SURA','USR',NULL,NULL)
,(4,'Usuario1',99,NULL,'999999999','user1@cardif.com.mx','CARDIF','USR',NULL,NULL)
,(5,'CÉSAR QUIÑONES GRANADOS',99,'M','9999999999','algo@algo.com','ALESI','ADM',NULL,1)

;
-- pas holamundo

INSERT INTO ALESI_TUSUARIOS (USUARIO,ID_PERSONA,PASS,ROL,ID_EMPRESA,STATUS,F_ALTA,F_ULTIMA_CONEXION) VALUES 
('adm@alesi.com.mx',5,'12426c59f4afabf84f5c414c2182fbdbbc63ccaa','ADM','ALESI','ACTIVO','2020-08-09',NULL)
,('JECHUS',1,'e516f979536994a14d9b0500bca3a1287b9ea9fe','DEV1','SURA','ACTIVO','2019-10-30','2019-10-30')
,('noe@algo.com',2,'99800b85d3383e3a2fb45eb7d0066a4879a9dad0','DEV1','CARDIF','ACTIVO','2019-10-30','2019-10-30')
,('user1@cardif.com.mx',4,'2f735d5182e0c9003b3c54bc4b82ed189eae8ee0','ASG','CARDIF','ACTIVO','2020-08-05',NULL)
,('user1@segurossura.com.mx',3,'827ed34588534e47b8216f3d94baa5f3ff9a4197','ASG','SURA','ACTIVO','2020-08-05',NULL)
;

COMMIT;
-- ----------------------------------------------------------------------------------

INSERT INTO `ALESI_TATRICASO`(`ID_EMPRESA`, `TIPO_CASO`, `BLOQUE`, `ORDEN`, `NUM_ATRIBUTO`, `ID_CAMPO`, `ETIQUETA`, `TIPO_DATO`, `CATALOGO`, `DEFAULT`, `LONGITUD_MIN`, `LONGITUD_MAX`, `EDITABLE`) VALUES ('SURA', 'SINIESTRO_AUTO_S', 1, 1, 1, 'DIRIGIDO_A', 'DIRIGIDO A', 'A', '', NULL, '1', '45', 'S');
INSERT INTO `ALESI_TATRICASO`(`ID_EMPRESA`, `TIPO_CASO`, `BLOQUE`, `ORDEN`, `NUM_ATRIBUTO`, `ID_CAMPO`, `ETIQUETA`, `TIPO_DATO`, `CATALOGO`, `DEFAULT`, `LONGITUD_MIN`, `LONGITUD_MAX`, `EDITABLE`) VALUES ('SURA', 'SINIESTRO_AUTO_S', 1, 2, 2, 'CARGO', 'CARGO', 'A', '', NULL, '1', '45', 'S');
INSERT INTO `ALESI_TATRICASO`(`ID_EMPRESA`, `TIPO_CASO`, `BLOQUE`, `ORDEN`, `NUM_ATRIBUTO`, `ID_CAMPO`, `ETIQUETA`, `TIPO_DATO`, `CATALOGO`, `DEFAULT`, `LONGITUD_MIN`, `LONGITUD_MAX`, `EDITABLE`) VALUES ('SURA', 'SINIESTRO_AUTO_S', 2, 1, 3, 'N_DE_SINIESTRO', 'NUMERO DE SINIESTRO', 'A', '', NULL, '1', '45', 'S');
INSERT INTO `ALESI_TATRICASO`(`ID_EMPRESA`, `TIPO_CASO`, `BLOQUE`, `ORDEN`, `NUM_ATRIBUTO`, `ID_CAMPO`, `ETIQUETA`, `TIPO_DATO`, `CATALOGO`, `DEFAULT`, `LONGITUD_MIN`, `LONGITUD_MAX`, `EDITABLE`) VALUES ('SURA', 'SINIESTRO_AUTO_S', 2, 2, 4, 'F_DE_SINIESTRO', 'FECHA DEL SINIESTRO', 'D', '', NULL, NULL, '', 'S');
INSERT INTO `ALESI_TATRICASO`(`ID_EMPRESA`, `TIPO_CASO`, `BLOQUE`, `ORDEN`, `NUM_ATRIBUTO`, `ID_CAMPO`, `ETIQUETA`, `TIPO_DATO`, `CATALOGO`, `DEFAULT`, `LONGITUD_MIN`, `LONGITUD_MAX`, `EDITABLE`) VALUES ('SURA', 'SINIESTRO_AUTO_S', 2, 3, 5, 'F_DE_REPORTE', 'FECHA DEL REPORTE', 'D', '', NULL, NULL, '', 'S');
INSERT INTO `ALESI_TATRICASO`(`ID_EMPRESA`, `TIPO_CASO`, `BLOQUE`, `ORDEN`, `NUM_ATRIBUTO`, `ID_CAMPO`, `ETIQUETA`, `TIPO_DATO`, `CATALOGO`, `DEFAULT`, `LONGITUD_MIN`, `LONGITUD_MAX`, `EDITABLE`) VALUES ('SURA', 'SINIESTRO_AUTO_S', 2, 4, 6, 'N_DE_POLIZA', 'NO. DE POLIZA', 'A', '', NULL, '1', '45', 'S');
INSERT INTO `ALESI_TATRICASO`(`ID_EMPRESA`, `TIPO_CASO`, `BLOQUE`, `ORDEN`, `NUM_ATRIBUTO`, `ID_CAMPO`, `ETIQUETA`, `TIPO_DATO`, `CATALOGO`, `DEFAULT`, `LONGITUD_MIN`, `LONGITUD_MAX`, `EDITABLE`) VALUES ('SURA', 'SINIESTRO_AUTO_S', 2, 5, 7, 'INCISO', 'INCISO', 'A', '', NULL, '1', '45', 'S');
INSERT INTO `ALESI_TATRICASO`(`ID_EMPRESA`, `TIPO_CASO`, `BLOQUE`, `ORDEN`, `NUM_ATRIBUTO`, `ID_CAMPO`, `ETIQUETA`, `TIPO_DATO`, `CATALOGO`, `DEFAULT`, `LONGITUD_MIN`, `LONGITUD_MAX`, `EDITABLE`) VALUES ('SURA', 'SINIESTRO_AUTO_S', 2, 6, 8, 'INI_VIG', 'INICIO VIGENCIA', 'D', '', NULL, NULL, NULL, 'S');
INSERT INTO `ALESI_TATRICASO`(`ID_EMPRESA`, `TIPO_CASO`, `BLOQUE`, `ORDEN`, `NUM_ATRIBUTO`, `ID_CAMPO`, `ETIQUETA`, `TIPO_DATO`, `CATALOGO`, `DEFAULT`, `LONGITUD_MIN`, `LONGITUD_MAX`, `EDITABLE`) VALUES ('SURA', 'SINIESTRO_AUTO_S', 2, 7, 9, 'FIN_VIG', 'TERMINO VIGENCIA', 'D', '', NULL, NULL, NULL, 'S');
INSERT INTO `ALESI_TATRICASO`(`ID_EMPRESA`, `TIPO_CASO`, `BLOQUE`, `ORDEN`, `NUM_ATRIBUTO`, `ID_CAMPO`, `ETIQUETA`, `TIPO_DATO`, `CATALOGO`, `DEFAULT`, `LONGITUD_MIN`, `LONGITUD_MAX`, `EDITABLE`) VALUES ('SURA', 'SINIESTRO_AUTO_S', 2, 8, 10, 'COBERTURA', 'COBERTURA', 'A', 'CAT_COBERT', NULL, '1', '45', 'S');
INSERT INTO `ALESI_TATRICASO`(`ID_EMPRESA`, `TIPO_CASO`, `BLOQUE`, `ORDEN`, `NUM_ATRIBUTO`, `ID_CAMPO`, `ETIQUETA`, `TIPO_DATO`, `CATALOGO`, `DEFAULT`, `LONGITUD_MIN`, `LONGITUD_MAX`, `EDITABLE`) VALUES ('SURA', 'SINIESTRO_AUTO_S', 2, 9, 11, 'NOM_ASEGURADO', 'NOMBRE DEL ASEGURADO', 'A', '', NULL, '1', '45', 'S');
INSERT INTO `ALESI_TATRICASO`(`ID_EMPRESA`, `TIPO_CASO`, `BLOQUE`, `ORDEN`, `NUM_ATRIBUTO`, `ID_CAMPO`, `ETIQUETA`, `TIPO_DATO`, `CATALOGO`, `DEFAULT`, `LONGITUD_MIN`, `LONGITUD_MAX`, `EDITABLE`) VALUES ('SURA', 'SINIESTRO_AUTO_S', 2, 10, 12, 'NOM_CONDUCTOR', 'NOMBRE DEL CONDUCTOR', 'A', '', NULL, '1', '45', 'S');
INSERT INTO `ALESI_TATRICASO`(`ID_EMPRESA`, `TIPO_CASO`, `BLOQUE`, `ORDEN`, `NUM_ATRIBUTO`, `ID_CAMPO`, `ETIQUETA`, `TIPO_DATO`, `CATALOGO`, `DEFAULT`, `LONGITUD_MIN`, `LONGITUD_MAX`, `EDITABLE`) VALUES ('SURA', 'SINIESTRO_AUTO_S', 2, 11, 13, 'CON_VIOLENCIA', 'ROBO CON VIOLENCIA', 'RC', 'CAT_SI_NO', 'N', '1', '1', 'S');
INSERT INTO `ALESI_TATRICASO`(`ID_EMPRESA`, `TIPO_CASO`, `BLOQUE`, `ORDEN`, `NUM_ATRIBUTO`, `ID_CAMPO`, `ETIQUETA`, `TIPO_DATO`, `CATALOGO`, `DEFAULT`, `LONGITUD_MIN`, `LONGITUD_MAX`, `EDITABLE`) VALUES ('SURA', 'SINIESTRO_AUTO_S', 2, 12, 14, 'SIN_VIOLENCIA', 'ROBO SIN VIOLENCIA', 'RC', 'CAT_SI_NO', 'N', '1', '1', 'S');
INSERT INTO `ALESI_TATRICASO`(`ID_EMPRESA`, `TIPO_CASO`, `BLOQUE`, `ORDEN`, `NUM_ATRIBUTO`, `ID_CAMPO`, `ETIQUETA`, `TIPO_DATO`, `CATALOGO`, `DEFAULT`, `LONGITUD_MIN`, `LONGITUD_MAX`, `EDITABLE`) VALUES ('SURA', 'SINIESTRO_AUTO_S', 2, 13, 15, 'EN_DOMICILIO', 'ROBO EN DOMICILIO', 'RC', 'CAT_SI_NO', 'N', '1', '1', 'S');
INSERT INTO `ALESI_TATRICASO`(`ID_EMPRESA`, `TIPO_CASO`, `BLOQUE`, `ORDEN`, `NUM_ATRIBUTO`, `ID_CAMPO`, `ETIQUETA`, `TIPO_DATO`, `CATALOGO`, `DEFAULT`, `LONGITUD_MIN`, `LONGITUD_MAX`, `EDITABLE`) VALUES ('SURA', 'SINIESTRO_AUTO_S', 2, 14, 16, 'COLISION_VUELCO', 'COLICION Y/O VUELCO', 'RC', 'CAT_SI_NO', 'N', '1', '1', 'S');
INSERT INTO `ALESI_TATRICASO`(`ID_EMPRESA`, `TIPO_CASO`, `BLOQUE`, `ORDEN`, `NUM_ATRIBUTO`, `ID_CAMPO`, `ETIQUETA`, `TIPO_DATO`, `CATALOGO`, `DEFAULT`, `LONGITUD_MIN`, `LONGITUD_MAX`, `EDITABLE`) VALUES ('SURA', 'SINIESTRO_AUTO_S', 3, 1, 17, 'MARCA', 'MARCA', 'A', 'CAT_AUTO_MARCA', NULL, NULL, NULL, 'S');
INSERT INTO `ALESI_TATRICASO`(`ID_EMPRESA`, `TIPO_CASO`, `BLOQUE`, `ORDEN`, `NUM_ATRIBUTO`, `ID_CAMPO`, `ETIQUETA`, `TIPO_DATO`, `CATALOGO`, `DEFAULT`, `LONGITUD_MIN`, `LONGITUD_MAX`, `EDITABLE`) VALUES ('SURA', 'SINIESTRO_AUTO_S', 3, 2, 18, 'TIPO', 'TIPO', 'A', 'CAT_AUTO_TIPO', NULL, NULL, NULL, 'S');
INSERT INTO `ALESI_TATRICASO`(`ID_EMPRESA`, `TIPO_CASO`, `BLOQUE`, `ORDEN`, `NUM_ATRIBUTO`, `ID_CAMPO`, `ETIQUETA`, `TIPO_DATO`, `CATALOGO`, `DEFAULT`, `LONGITUD_MIN`, `LONGITUD_MAX`, `EDITABLE`) VALUES ('SURA', 'SINIESTRO_AUTO_S', 3, 3, 19, 'MODELO', 'MODELO', 'A', '', 'D', NULL, NULL, 'S');
INSERT INTO `ALESI_TATRICASO`(`ID_EMPRESA`, `TIPO_CASO`, `BLOQUE`, `ORDEN`, `NUM_ATRIBUTO`, `ID_CAMPO`, `ETIQUETA`, `TIPO_DATO`, `CATALOGO`, `DEFAULT`, `LONGITUD_MIN`, `LONGITUD_MAX`, `EDITABLE`) VALUES ('SURA', 'SINIESTRO_AUTO_S', 3, 4, 20, 'COLOR', 'COLOR', 'A', 'CAT_COLOR', NULL, NULL, NULL, 'S');
INSERT INTO `ALESI_TATRICASO`(`ID_EMPRESA`, `TIPO_CASO`, `BLOQUE`, `ORDEN`, `NUM_ATRIBUTO`, `ID_CAMPO`, `ETIQUETA`, `TIPO_DATO`, `CATALOGO`, `DEFAULT`, `LONGITUD_MIN`, `LONGITUD_MAX`, `EDITABLE`) VALUES ('SURA', 'SINIESTRO_AUTO_S', 3, 5, 21, 'N_DE_SERIE', 'NO. DE SERIE', 'A', '', NULL, '1', '15', 'S');
INSERT INTO `ALESI_TATRICASO`(`ID_EMPRESA`, `TIPO_CASO`, `BLOQUE`, `ORDEN`, `NUM_ATRIBUTO`, `ID_CAMPO`, `ETIQUETA`, `TIPO_DATO`, `CATALOGO`, `DEFAULT`, `LONGITUD_MIN`, `LONGITUD_MAX`, `EDITABLE`) VALUES ('SURA', 'SINIESTRO_AUTO_S', 3, 6, 22, 'N_MOTOR', 'NO. DE MOTOR', 'A', '', NULL, '1', '15', 'S');
INSERT INTO `ALESI_TATRICASO`(`ID_EMPRESA`, `TIPO_CASO`, `BLOQUE`, `ORDEN`, `NUM_ATRIBUTO`, `ID_CAMPO`, `ETIQUETA`, `TIPO_DATO`, `CATALOGO`, `DEFAULT`, `LONGITUD_MIN`, `LONGITUD_MAX`, `EDITABLE`) VALUES ('SURA', 'SINIESTRO_AUTO_S', 3, 7, 23, 'PLACAS', 'PLACAS', 'A', '', NULL, '1', '10', 'S');
INSERT INTO `ALESI_TATRICASO`(`ID_EMPRESA`, `TIPO_CASO`, `BLOQUE`, `ORDEN`, `NUM_ATRIBUTO`, `ID_CAMPO`, `ETIQUETA`, `TIPO_DATO`, `CATALOGO`, `DEFAULT`, `LONGITUD_MIN`, `LONGITUD_MAX`, `EDITABLE`) VALUES ('SURA', 'SINIESTRO_AUTO_S', 4, 1, 24, 'SINI_TREINTA_DIAS', 'SINIESTRO OCURRIDO DENTRO DE LOS 30 DIAS DE INICIO DE VIGENCIA', 'RC', 'CAT_SI_NO', 'N', '1', '1', 'S');
INSERT INTO `ALESI_TATRICASO`(`ID_EMPRESA`, `TIPO_CASO`, `BLOQUE`, `ORDEN`, `NUM_ATRIBUTO`, `ID_CAMPO`, `ETIQUETA`, `TIPO_DATO`, `CATALOGO`, `DEFAULT`, `LONGITUD_MIN`, `LONGITUD_MAX`, `EDITABLE`) VALUES ('SURA', 'SINIESTRO_AUTO_S', 4, 2, 25, 'SUMA_ASEGURADA', 'SUMA ASEGURADA', 'RC', 'CAT_SI_NO', 'N', '1', '1', 'S');
INSERT INTO `ALESI_TATRICASO`(`ID_EMPRESA`, `TIPO_CASO`, `BLOQUE`, `ORDEN`, `NUM_ATRIBUTO`, `ID_CAMPO`, `ETIQUETA`, `TIPO_DATO`, `CATALOGO`, `DEFAULT`, `LONGITUD_MIN`, `LONGITUD_MAX`, `EDITABLE`) VALUES ('SURA', 'SINIESTRO_AUTO_S', 4, 3, 26, 'PREEXISTENCIA_AUTO', 'DUDOSA PREEXISTENCIA DEL VEHICULO', 'RC', 'CAT_SI_NO', 'N', '1', '1', 'S');
INSERT INTO `ALESI_TATRICASO`(`ID_EMPRESA`, `TIPO_CASO`, `BLOQUE`, `ORDEN`, `NUM_ATRIBUTO`, `ID_CAMPO`, `ETIQUETA`, `TIPO_DATO`, `CATALOGO`, `DEFAULT`, `LONGITUD_MIN`, `LONGITUD_MAX`, `EDITABLE`) VALUES ('SURA', 'SINIESTRO_AUTO_S', 4, 4, 27, 'REECONSTRUCCION_HECHOS', 'RECONSTRUCCION DE LOS HECHOS', 'RC', 'CAT_SI_NO', 'N', '1', '1', 'S');
INSERT INTO `ALESI_TATRICASO`(`ID_EMPRESA`, `TIPO_CASO`, `BLOQUE`, `ORDEN`, `NUM_ATRIBUTO`, `ID_CAMPO`, `ETIQUETA`, `TIPO_DATO`, `CATALOGO`, `DEFAULT`, `LONGITUD_MIN`, `LONGITUD_MAX`, `EDITABLE`) VALUES ('SURA', 'SINIESTRO_AUTO_S', 4, 5, 28, 'FALSEDAD_DECALRACION', 'FALCEDAD DE DECLARACIONES', 'RC', 'CAT_SI_NO', 'N', '1', '1', 'S');
INSERT INTO `ALESI_TATRICASO`(`ID_EMPRESA`, `TIPO_CASO`, `BLOQUE`, `ORDEN`, `NUM_ATRIBUTO`, `ID_CAMPO`, `ETIQUETA`, `TIPO_DATO`, `CATALOGO`, `DEFAULT`, `LONGITUD_MIN`, `LONGITUD_MAX`, `EDITABLE`) VALUES ('SURA', 'SINIESTRO_AUTO_S', 4, 6, 29, 'CAMBIO_CONDUCTOR', 'CAMBIO DE CONDUCTOR', 'RC', 'CAT_SI_NO', 'N', '1', '1', 'S');
INSERT INTO `ALESI_TATRICASO`(`ID_EMPRESA`, `TIPO_CASO`, `BLOQUE`, `ORDEN`, `NUM_ATRIBUTO`, `ID_CAMPO`, `ETIQUETA`, `TIPO_DATO`, `CATALOGO`, `DEFAULT`, `LONGITUD_MIN`, `LONGITUD_MAX`, `EDITABLE`) VALUES ('SURA', 'SINIESTRO_AUTO_S', 4, 7, 30, 'DOC_APOCRIFOS', 'POSIBLES DOCUMENTOS APOCRIFOS', 'RC', 'CAT_SI_NO', 'N', '1', '1', 'S');
INSERT INTO `ALESI_TATRICASO`(`ID_EMPRESA`, `TIPO_CASO`, `BLOQUE`, `ORDEN`, `NUM_ATRIBUTO`, `ID_CAMPO`, `ETIQUETA`, `TIPO_DATO`, `CATALOGO`, `DEFAULT`, `LONGITUD_MIN`, `LONGITUD_MAX`, `EDITABLE`) VALUES ('SURA', 'SINIESTRO_AUTO_S', 4, 8, 31, 'OTROS', 'OTROS', 'RC', 'CAT_SI_NO', 'N', '1', '1', 'S');
INSERT INTO `ALESI_TATRICASO`(`ID_EMPRESA`, `TIPO_CASO`, `BLOQUE`, `ORDEN`, `NUM_ATRIBUTO`, `ID_CAMPO`, `ETIQUETA`, `TIPO_DATO`, `CATALOGO`, `DEFAULT`, `LONGITUD_MIN`, `LONGITUD_MAX`, `EDITABLE`) VALUES ('SURA', 'SINIESTRO_AUTO_S', 4, 9, 32, 'OTROS_VAL', 'CUALES', 'A', '', NULL, '1', '50', 'S');
INSERT INTO `ALESI_TATRICASO`(`ID_EMPRESA`, `TIPO_CASO`, `BLOQUE`, `ORDEN`, `NUM_ATRIBUTO`, `ID_CAMPO`, `ETIQUETA`, `TIPO_DATO`, `CATALOGO`, `DEFAULT`, `LONGITUD_MIN`, `LONGITUD_MAX`, `EDITABLE`) VALUES ('SURA', 'SINIESTRO_AUTO_S', 5, 1, 33, 'RESULT_INVEST', 'EL SINIESTRO ES', 'R', 'CAT_REST_INV', NULL, '1', '1', 'S');
INSERT INTO `ALESI_TATRICASO`(`ID_EMPRESA`, `TIPO_CASO`, `BLOQUE`, `ORDEN`, `NUM_ATRIBUTO`, `ID_CAMPO`, `ETIQUETA`, `TIPO_DATO`, `CATALOGO`, `DEFAULT`, `LONGITUD_MIN`, `LONGITUD_MAX`, `EDITABLE`) VALUES ('SURA', 'SINIESTRO_AUTO_S', 6, 1, 34, 'DECLA_INI', 'DECLARACION INICIAL', 'T', '', NULL, '1', '20000', 'S');
INSERT INTO `ALESI_TATRICASO`(`ID_EMPRESA`, `TIPO_CASO`, `BLOQUE`, `ORDEN`, `NUM_ATRIBUTO`, `ID_CAMPO`, `ETIQUETA`, `TIPO_DATO`, `CATALOGO`, `DEFAULT`, `LONGITUD_MIN`, `LONGITUD_MAX`, `EDITABLE`) VALUES ('SURA', 'SINIESTRO_AUTO_S', 7, 1, 35, 'DESA_ENTREVISTA', 'DESARROLLO DE LA ENTREVISTA', 'T', '', NULL, '1', '20000', 'S');
INSERT INTO `ALESI_TATRICASO`(`ID_EMPRESA`, `TIPO_CASO`, `BLOQUE`, `ORDEN`, `NUM_ATRIBUTO`, `ID_CAMPO`, `ETIQUETA`, `TIPO_DATO`, `CATALOGO`, `DEFAULT`, `LONGITUD_MIN`, `LONGITUD_MAX`, `EDITABLE`) VALUES ('SURA', 'SINIESTRO_AUTO_S', 8, 1, 36, 'LUGAR_VISITADO', 'LUGAR VISITADO', 'R', 'CAT_SI_NO', 'S', '1', '1', 'S');
INSERT INTO `ALESI_TATRICASO`(`ID_EMPRESA`, `TIPO_CASO`, `BLOQUE`, `ORDEN`, `NUM_ATRIBUTO`, `ID_CAMPO`, `ETIQUETA`, `TIPO_DATO`, `CATALOGO`, `DEFAULT`, `LONGITUD_MIN`, `LONGITUD_MAX`, `EDITABLE`) VALUES ('SURA', 'SINIESTRO_AUTO_S', 8, 2, 37, 'UBICACION', 'UBICACION', 'A', '', NULL, '1', '250', 'S');
INSERT INTO `ALESI_TATRICASO`(`ID_EMPRESA`, `TIPO_CASO`, `BLOQUE`, `ORDEN`, `NUM_ATRIBUTO`, `ID_CAMPO`, `ETIQUETA`, `TIPO_DATO`, `CATALOGO`, `DEFAULT`, `LONGITUD_MIN`, `LONGITUD_MAX`, `EDITABLE`) VALUES ('SURA', 'SINIESTRO_AUTO_S', 8, 3, 38, 'OBSERVACIONES', 'OBSERVACIONES', 'T', '', NULL, '1', '20000', 'S');
INSERT INTO `ALESI_TATRICASO`(`ID_EMPRESA`, `TIPO_CASO`, `BLOQUE`, `ORDEN`, `NUM_ATRIBUTO`, `ID_CAMPO`, `ETIQUETA`, `TIPO_DATO`, `CATALOGO`, `DEFAULT`, `LONGITUD_MIN`, `LONGITUD_MAX`, `EDITABLE`) VALUES ('SURA', 'SINIESTRO_AUTO_S', 9, 1, 39, 'TIP_DOC_PROP', 'TIPO DE DOCUMENTO', 'A', '', NULL, '1', '45', 'S');
INSERT INTO `ALESI_TATRICASO`(`ID_EMPRESA`, `TIPO_CASO`, `BLOQUE`, `ORDEN`, `NUM_ATRIBUTO`, `ID_CAMPO`, `ETIQUETA`, `TIPO_DATO`, `CATALOGO`, `DEFAULT`, `LONGITUD_MIN`, `LONGITUD_MAX`, `EDITABLE`) VALUES ('SURA', 'SINIESTRO_AUTO_S', 9, 2, 40, 'F_DOC', 'FECHA', 'D', '', NULL, NULL, NULL, 'S');
INSERT INTO `ALESI_TATRICASO`(`ID_EMPRESA`, `TIPO_CASO`, `BLOQUE`, `ORDEN`, `NUM_ATRIBUTO`, `ID_CAMPO`, `ETIQUETA`, `TIPO_DATO`, `CATALOGO`, `DEFAULT`, `LONGITUD_MIN`, `LONGITUD_MAX`, `EDITABLE`) VALUES ('SURA', 'SINIESTRO_AUTO_S', 9, 3, 41, 'RFC_PROP', 'RAZON SOCIAL O NOMBRE DEL ESTABLECIMIENTO', 'A', '', NULL, '1', '45', 'S');
INSERT INTO `ALESI_TATRICASO`(`ID_EMPRESA`, `TIPO_CASO`, `BLOQUE`, `ORDEN`, `NUM_ATRIBUTO`, `ID_CAMPO`, `ETIQUETA`, `TIPO_DATO`, `CATALOGO`, `DEFAULT`, `LONGITUD_MIN`, `LONGITUD_MAX`, `EDITABLE`) VALUES ('SURA', 'SINIESTRO_AUTO_S', 9, 4, 42, 'DOC_LEGAL', 'DOCUMENTO LEGAL', 'R', 'CAT_SI_NO', 'S', '1', '1', 'S');
INSERT INTO `ALESI_TATRICASO`(`ID_EMPRESA`, `TIPO_CASO`, `BLOQUE`, `ORDEN`, `NUM_ATRIBUTO`, `ID_CAMPO`, `ETIQUETA`, `TIPO_DATO`, `CATALOGO`, `DEFAULT`, `LONGITUD_MIN`, `LONGITUD_MAX`, `EDITABLE`) VALUES ('SURA', 'SINIESTRO_AUTO_S', 9, 5, 43, 'COTEJADO_CON', 'COTEJADO CON', 'A', '', NULL, '1', '150', 'S');
INSERT INTO `ALESI_TATRICASO`(`ID_EMPRESA`, `TIPO_CASO`, `BLOQUE`, `ORDEN`, `NUM_ATRIBUTO`, `ID_CAMPO`, `ETIQUETA`, `TIPO_DATO`, `CATALOGO`, `DEFAULT`, `LONGITUD_MIN`, `LONGITUD_MAX`, `EDITABLE`) VALUES ('SURA', 'SINIESTRO_AUTO_S', 9, 6, 44, 'CARGO_DTO', 'CARGO Y/O DEPARTAMENTO', 'A', '', NULL, '1', '150', 'S');
INSERT INTO `ALESI_TATRICASO`(`ID_EMPRESA`, `TIPO_CASO`, `BLOQUE`, `ORDEN`, `NUM_ATRIBUTO`, `ID_CAMPO`, `ETIQUETA`, `TIPO_DATO`, `CATALOGO`, `DEFAULT`, `LONGITUD_MIN`, `LONGITUD_MAX`, `EDITABLE`) VALUES ('SURA', 'SINIESTRO_AUTO_S', 9, 7, 45, 'TEL_PROP', 'TELEFONO', 'N', '', NULL, '1', '10', 'S');
INSERT INTO `ALESI_TATRICASO`(`ID_EMPRESA`, `TIPO_CASO`, `BLOQUE`, `ORDEN`, `NUM_ATRIBUTO`, `ID_CAMPO`, `ETIQUETA`, `TIPO_DATO`, `CATALOGO`, `DEFAULT`, `LONGITUD_MIN`, `LONGITUD_MAX`, `EDITABLE`) VALUES ('SURA', 'SINIESTRO_AUTO_S', 9, 8, 46, 'CONTACTO', 'TIPO DE CONTACTO', 'R', 'CAT_TIP_CONTACT', NULL, '1', '1', 'S');
INSERT INTO `ALESI_TATRICASO`(`ID_EMPRESA`, `TIPO_CASO`, `BLOQUE`, `ORDEN`, `NUM_ATRIBUTO`, `ID_CAMPO`, `ETIQUETA`, `TIPO_DATO`, `CATALOGO`, `DEFAULT`, `LONGITUD_MIN`, `LONGITUD_MAX`, `EDITABLE`) VALUES ('SURA', 'SINIESTRO_AUTO_S', 9, 9, 47, 'F_CONTACTO', 'FECHA', 'D', '', NULL, NULL, NULL, 'S');
INSERT INTO `ALESI_TATRICASO`(`ID_EMPRESA`, `TIPO_CASO`, `BLOQUE`, `ORDEN`, `NUM_ATRIBUTO`, `ID_CAMPO`, `ETIQUETA`, `TIPO_DATO`, `CATALOGO`, `DEFAULT`, `LONGITUD_MIN`, `LONGITUD_MAX`, `EDITABLE`) VALUES ('SURA', 'SINIESTRO_AUTO_S', 9, 10, 48, 'LUGAR_CONTACTO', 'LUGAR DE CONTACTO (DIRECCION)', 'A', '', NULL, '1', '150', 'S');
INSERT INTO `ALESI_TATRICASO`(`ID_EMPRESA`, `TIPO_CASO`, `BLOQUE`, `ORDEN`, `NUM_ATRIBUTO`, `ID_CAMPO`, `ETIQUETA`, `TIPO_DATO`, `CATALOGO`, `DEFAULT`, `LONGITUD_MIN`, `LONGITUD_MAX`, `EDITABLE`) VALUES ('SURA', 'SINIESTRO_AUTO_S', 9, 11, 49, 'OBSERVACIONES_CONTACT', 'OBSERVACIONES', 'T', '', NULL, '1', '20000', 'S');
INSERT INTO `ALESI_TATRICASO`(`ID_EMPRESA`, `TIPO_CASO`, `BLOQUE`, `ORDEN`, `NUM_ATRIBUTO`, `ID_CAMPO`, `ETIQUETA`, `TIPO_DATO`, `CATALOGO`, `DEFAULT`, `LONGITUD_MIN`, `LONGITUD_MAX`, `EDITABLE`) VALUES ('SURA', 'SINIESTRO_AUTO_S', 10, 1, 50, 'DOMICILIO_NA', 'DOMICILIO DE N/A', 'R', 'CAT_SI_NO', 'S', '1', '1', 'S');
INSERT INTO `ALESI_TATRICASO`(`ID_EMPRESA`, `TIPO_CASO`, `BLOQUE`, `ORDEN`, `NUM_ATRIBUTO`, `ID_CAMPO`, `ETIQUETA`, `TIPO_DATO`, `CATALOGO`, `DEFAULT`, `LONGITUD_MIN`, `LONGITUD_MAX`, `EDITABLE`) VALUES ('SURA', 'SINIESTRO_AUTO_S', 10, 2, 51, 'DIRECCION_PREX', 'DIRECCION', 'A', '', NULL, '1', '150', 'S');
INSERT INTO `ALESI_TATRICASO`(`ID_EMPRESA`, `TIPO_CASO`, `BLOQUE`, `ORDEN`, `NUM_ATRIBUTO`, `ID_CAMPO`, `ETIQUETA`, `TIPO_DATO`, `CATALOGO`, `DEFAULT`, `LONGITUD_MIN`, `LONGITUD_MAX`, `EDITABLE`) VALUES ('SURA', 'SINIESTRO_AUTO_S', 10, 3, 52, 'TESTIGOS_PREX', 'TESTIGOS DE LA PREEXISTENCIA DEL VEHICULO', 'R', 'CAT_SI_NO', NULL, '1', '1', 'S');
INSERT INTO `ALESI_TATRICASO`(`ID_EMPRESA`, `TIPO_CASO`, `BLOQUE`, `ORDEN`, `NUM_ATRIBUTO`, `ID_CAMPO`, `ETIQUETA`, `TIPO_DATO`, `CATALOGO`, `DEFAULT`, `LONGITUD_MIN`, `LONGITUD_MAX`, `EDITABLE`) VALUES ('SURA', 'SINIESTRO_AUTO_S', 10, 4, 53, 'NOMBRE_PREX', 'NOMBRE', 'A', '', NULL, '1', '150', 'S');
INSERT INTO `ALESI_TATRICASO`(`ID_EMPRESA`, `TIPO_CASO`, `BLOQUE`, `ORDEN`, `NUM_ATRIBUTO`, `ID_CAMPO`, `ETIQUETA`, `TIPO_DATO`, `CATALOGO`, `DEFAULT`, `LONGITUD_MIN`, `LONGITUD_MAX`, `EDITABLE`) VALUES ('SURA', 'SINIESTRO_AUTO_S', 10, 5, 54, 'DIR_REF_PREX', 'DIRECCION O REFERENCIA', 'A', '', NULL, '1', '150', 'S');
INSERT INTO `ALESI_TATRICASO`(`ID_EMPRESA`, `TIPO_CASO`, `BLOQUE`, `ORDEN`, `NUM_ATRIBUTO`, `ID_CAMPO`, `ETIQUETA`, `TIPO_DATO`, `CATALOGO`, `DEFAULT`, `LONGITUD_MIN`, `LONGITUD_MAX`, `EDITABLE`) VALUES ('SURA', 'SINIESTRO_AUTO_S', 10, 6, 55, 'OBSERVACIONES_PREX', 'OBSERVACIONES', 'T', '', NULL, '1', '20000', 'S');
INSERT INTO `ALESI_TATRICASO`(`ID_EMPRESA`, `TIPO_CASO`, `BLOQUE`, `ORDEN`, `NUM_ATRIBUTO`, `ID_CAMPO`, `ETIQUETA`, `TIPO_DATO`, `CATALOGO`, `DEFAULT`, `LONGITUD_MIN`, `LONGITUD_MAX`, `EDITABLE`) VALUES ('SURA', 'SINIESTRO_AUTO_S', 11, 1, 56, 'POL_ANTER', 'POLIZA ANTERIOR', 'R', 'CAT_SI_NO', 'N', '1', '1', 'S');
INSERT INTO `ALESI_TATRICASO`(`ID_EMPRESA`, `TIPO_CASO`, `BLOQUE`, `ORDEN`, `NUM_ATRIBUTO`, `ID_CAMPO`, `ETIQUETA`, `TIPO_DATO`, `CATALOGO`, `DEFAULT`, `LONGITUD_MIN`, `LONGITUD_MAX`, `EDITABLE`) VALUES ('SURA', 'SINIESTRO_AUTO_S', 11, 2, 57, 'COBERTURA_ANTER', 'COBERTURA', 'A', 'CAT_COBERT', NULL, '1', '150', 'S');
INSERT INTO `ALESI_TATRICASO`(`ID_EMPRESA`, `TIPO_CASO`, `BLOQUE`, `ORDEN`, `NUM_ATRIBUTO`, `ID_CAMPO`, `ETIQUETA`, `TIPO_DATO`, `CATALOGO`, `DEFAULT`, `LONGITUD_MIN`, `LONGITUD_MAX`, `EDITABLE`) VALUES ('SURA', 'SINIESTRO_AUTO_S', 11, 3, 58, 'F_INI_ANTER', 'VIGENCIA DESDE', 'D', '', NULL, NULL, NULL, 'S');
INSERT INTO `ALESI_TATRICASO`(`ID_EMPRESA`, `TIPO_CASO`, `BLOQUE`, `ORDEN`, `NUM_ATRIBUTO`, `ID_CAMPO`, `ETIQUETA`, `TIPO_DATO`, `CATALOGO`, `DEFAULT`, `LONGITUD_MIN`, `LONGITUD_MAX`, `EDITABLE`) VALUES ('SURA', 'SINIESTRO_AUTO_S', 11, 4, 59, 'F_FIN_ANTER', 'VIGENVIA HASTA', 'D', '', NULL, '', NULL, 'S');
INSERT INTO `ALESI_TATRICASO`(`ID_EMPRESA`, `TIPO_CASO`, `BLOQUE`, `ORDEN`, `NUM_ATRIBUTO`, `ID_CAMPO`, `ETIQUETA`, `TIPO_DATO`, `CATALOGO`, `DEFAULT`, `LONGITUD_MIN`, `LONGITUD_MAX`, `EDITABLE`) VALUES ('SURA', 'SINIESTRO_AUTO_S', 11, 5, 60, 'OBSERVACION_ANTER', 'OBSERVACIONES', 'T', '', NULL, '1', '20000', 'S');
INSERT INTO `ALESI_TATRICASO`(`ID_EMPRESA`, `TIPO_CASO`, `BLOQUE`, `ORDEN`, `NUM_ATRIBUTO`, `ID_CAMPO`, `ETIQUETA`, `TIPO_DATO`, `CATALOGO`, `DEFAULT`, `LONGITUD_MIN`, `LONGITUD_MAX`, `EDITABLE`) VALUES ('SURA', 'SINIESTRO_AUTO_S', 12, 1, 61, 'DENUNCIA_MP', 'DENUNCIA ANTE EL MINISTERIO PUBLICO', 'R', 'CAT_SI_NO', 'S', '1', '1', 'S');
INSERT INTO `ALESI_TATRICASO`(`ID_EMPRESA`, `TIPO_CASO`, `BLOQUE`, `ORDEN`, `NUM_ATRIBUTO`, `ID_CAMPO`, `ETIQUETA`, `TIPO_DATO`, `CATALOGO`, `DEFAULT`, `LONGITUD_MIN`, `LONGITUD_MAX`, `EDITABLE`) VALUES ('SURA', 'SINIESTRO_AUTO_S', 12, 2, 62, 'MUNICIPIO', 'ALCALDIA O MONICIPIO', 'A', 'CAT_MUNICIPIO', NULL, '1', '150', 'S');
INSERT INTO `ALESI_TATRICASO`(`ID_EMPRESA`, `TIPO_CASO`, `BLOQUE`, `ORDEN`, `NUM_ATRIBUTO`, `ID_CAMPO`, `ETIQUETA`, `TIPO_DATO`, `CATALOGO`, `DEFAULT`, `LONGITUD_MIN`, `LONGITUD_MAX`, `EDITABLE`) VALUES ('SURA', 'SINIESTRO_AUTO_S', 12, 3, 63, 'CARPETA', 'CARPETA', 'A', '', NULL, '1', '150', 'S');
INSERT INTO `ALESI_TATRICASO`(`ID_EMPRESA`, `TIPO_CASO`, `BLOQUE`, `ORDEN`, `NUM_ATRIBUTO`, `ID_CAMPO`, `ETIQUETA`, `TIPO_DATO`, `CATALOGO`, `DEFAULT`, `LONGITUD_MIN`, `LONGITUD_MAX`, `EDITABLE`) VALUES ('SURA', 'SINIESTRO_AUTO_S', 12, 4, 64, 'F_INV', 'FECHA', 'D', '', NULL, '', NULL, 'S');
INSERT INTO `ALESI_TATRICASO`(`ID_EMPRESA`, `TIPO_CASO`, `BLOQUE`, `ORDEN`, `NUM_ATRIBUTO`, `ID_CAMPO`, `ETIQUETA`, `TIPO_DATO`, `CATALOGO`, `DEFAULT`, `LONGITUD_MIN`, `LONGITUD_MAX`, `EDITABLE`) VALUES ('SURA', 'SINIESTRO_AUTO_S', 12, 5, 65, 'HORA_INV', 'HORA', 'A', '', NULL, NULL, NULL, 'S');
INSERT INTO `ALESI_TATRICASO`(`ID_EMPRESA`, `TIPO_CASO`, `BLOQUE`, `ORDEN`, `NUM_ATRIBUTO`, `ID_CAMPO`, `ETIQUETA`, `TIPO_DATO`, `CATALOGO`, `DEFAULT`, `LONGITUD_MIN`, `LONGITUD_MAX`, `EDITABLE`) VALUES ('SURA', 'SINIESTRO_AUTO_S', 12, 6, 66, 'CARP_REG', 'CARPETA RELACIONADA', 'R', 'CAT_SI_NO', 'N', '1', '1', 'S');
INSERT INTO `ALESI_TATRICASO`(`ID_EMPRESA`, `TIPO_CASO`, `BLOQUE`, `ORDEN`, `NUM_ATRIBUTO`, `ID_CAMPO`, `ETIQUETA`, `TIPO_DATO`, `CATALOGO`, `DEFAULT`, `LONGITUD_MIN`, `LONGITUD_MAX`, `EDITABLE`) VALUES ('SURA', 'SINIESTRO_AUTO_S', 12, 7, 67, 'MOT_CARP_INV', 'MOTIVO DE LA CARPETA RELACIONADA', 'A', '', NULL, '1', '150', 'S');
INSERT INTO `ALESI_TATRICASO`(`ID_EMPRESA`, `TIPO_CASO`, `BLOQUE`, `ORDEN`, `NUM_ATRIBUTO`, `ID_CAMPO`, `ETIQUETA`, `TIPO_DATO`, `CATALOGO`, `DEFAULT`, `LONGITUD_MIN`, `LONGITUD_MAX`, `EDITABLE`) VALUES ('SURA', 'SINIESTRO_AUTO_S', 12, 1, 68, 'OBSERVACION_INV', 'OBSERVACIONES', 'T', '', NULL, '1', '150', 'S');
INSERT INTO `ALESI_TATRICASO`(`ID_EMPRESA`, `TIPO_CASO`, `BLOQUE`, `ORDEN`, `NUM_ATRIBUTO`, `ID_CAMPO`, `ETIQUETA`, `TIPO_DATO`, `CATALOGO`, `DEFAULT`, `LONGITUD_MIN`, `LONGITUD_MAX`, `EDITABLE`) VALUES ('SURA', 'SINIESTRO_AUTO_S', 13, 2, 69, 'POLIZA_DOC', 'POLIZA', 'RC', 'CAT_SI_NO', 'N', '1', '1', 'S');
INSERT INTO `ALESI_TATRICASO`(`ID_EMPRESA`, `TIPO_CASO`, `BLOQUE`, `ORDEN`, `NUM_ATRIBUTO`, `ID_CAMPO`, `ETIQUETA`, `TIPO_DATO`, `CATALOGO`, `DEFAULT`, `LONGITUD_MIN`, `LONGITUD_MAX`, `EDITABLE`) VALUES ('SURA', 'SINIESTRO_AUTO_S', 13, 3, 70, 'FACTURA_DOC', 'FACTURAS', 'RC', 'CAT_SI_NO', 'N', '1', '1', 'S');
INSERT INTO `ALESI_TATRICASO`(`ID_EMPRESA`, `TIPO_CASO`, `BLOQUE`, `ORDEN`, `NUM_ATRIBUTO`, `ID_CAMPO`, `ETIQUETA`, `TIPO_DATO`, `CATALOGO`, `DEFAULT`, `LONGITUD_MIN`, `LONGITUD_MAX`, `EDITABLE`) VALUES ('SURA', 'SINIESTRO_AUTO_S', 13, 4, 71, 'ACTA_MP_DOC', 'ACTAS', 'RC', 'CAT_SI_NO', 'N', '1', '1', 'S');
INSERT INTO `ALESI_TATRICASO`(`ID_EMPRESA`, `TIPO_CASO`, `BLOQUE`, `ORDEN`, `NUM_ATRIBUTO`, `ID_CAMPO`, `ETIQUETA`, `TIPO_DATO`, `CATALOGO`, `DEFAULT`, `LONGITUD_MIN`, `LONGITUD_MAX`, `EDITABLE`) VALUES ('SURA', 'SINIESTRO_AUTO_S', 13, 5, 72, 'TENENCIAS', 'TENENCIAS', 'RC', 'CAT_SI_NO', 'N', '1', '1', 'S');
INSERT INTO `ALESI_TATRICASO`(`ID_EMPRESA`, `TIPO_CASO`, `BLOQUE`, `ORDEN`, `NUM_ATRIBUTO`, `ID_CAMPO`, `ETIQUETA`, `TIPO_DATO`, `CATALOGO`, `DEFAULT`, `LONGITUD_MIN`, `LONGITUD_MAX`, `EDITABLE`) VALUES ('SURA', 'SINIESTRO_AUTO_S', 13, 6, 73, 'FOTOGRAFIAS_DOC', 'FOTOGRAFIAS', 'RC', 'CAT_SI_NO', 'N', '1', '1', 'S');
INSERT INTO `ALESI_TATRICASO`(`ID_EMPRESA`, `TIPO_CASO`, `BLOQUE`, `ORDEN`, `NUM_ATRIBUTO`, `ID_CAMPO`, `ETIQUETA`, `TIPO_DATO`, `CATALOGO`, `DEFAULT`, `LONGITUD_MIN`, `LONGITUD_MAX`, `EDITABLE`) VALUES ('SURA', 'SINIESTRO_AUTO_S', 13, 7, 74, 'CUEST_ROBO_OTROS_DOC', 'OTROS', 'RC', 'CAT_SI_NO', 'N', '1', '1', 'S');
INSERT INTO `ALESI_TATRICASO`(`ID_EMPRESA`, `TIPO_CASO`, `BLOQUE`, `ORDEN`, `NUM_ATRIBUTO`, `ID_CAMPO`, `ETIQUETA`, `TIPO_DATO`, `CATALOGO`, `DEFAULT`, `LONGITUD_MIN`, `LONGITUD_MAX`, `EDITABLE`) VALUES ('SURA', 'SINIESTRO_AUTO_S', 14, 1, 75, 'CONCLUCION_CASO', 'RESULTADO DEL SINIESTRO', 'R', 'CAT_CONCLUSION', 'R', '1', '1', 'S');
INSERT INTO `ALESI_TATRICASO`(`ID_EMPRESA`, `TIPO_CASO`, `BLOQUE`, `ORDEN`, `NUM_ATRIBUTO`, `ID_CAMPO`, `ETIQUETA`, `TIPO_DATO`, `CATALOGO`, `DEFAULT`, `LONGITUD_MIN`, `LONGITUD_MAX`, `EDITABLE`) VALUES ('SURA', 'SINIESTRO_AUTO_S', 14, 1, 76, 'OBS_CONCLUSION', 'OBSERVACIONES', 'T', NULL, NULL, '1', '20000', 'S');


commit;



-- ----------------------------------------------
/*
INSERT INTO `ALESI_TCASO` (`ID_CASO`,`ID_EMPRESA`,`TIPO_CASO`,`F_ALTA`,`F_ESTATUS`,`F_CIERRE`,`STATUS`,`ID_USUARIO_ALTA`,`ID_USUARIO_ASIGNADO`,`ID_USUARIO_ULTIMA_ACT`) VALUES (1,'SURA','SINIESTRO_AUTO_S','2018-11-03','2018-11-03','2018-11-03','EN_CURSO','JECHUS','JECHUS','JECHUS');
INSERT INTO `ALESI_TCASO` (`ID_CASO`,`ID_EMPRESA`,`TIPO_CASO`,`F_ALTA`,`F_ESTATUS`,`F_CIERRE`,`STATUS`,`ID_USUARIO_ALTA`,`ID_USUARIO_ASIGNADO`,`ID_USUARIO_ULTIMA_ACT`) VALUES (2,'SURA','SINIESTRO_AUTO_S','2019-11-08','2019-11-08','2019-11-13','EN_CURSO','JECHUS','JECHUS','JECHUS');


INSERT INTO `ALESI_TVALCASO` (`ID_CASO`,`NUM_ATRIBUTO`,`VALOR`) VALUES (1,1,'JOSE PERES LEON');
INSERT INTO `ALESI_TVALCASO` (`ID_CASO`,`NUM_ATRIBUTO`,`VALOR`) VALUES (1,2,'PRESIDENTE');
INSERT INTO `ALESI_TVALCASO` (`ID_CASO`,`NUM_ATRIBUTO`,`VALOR`) VALUES (1,3,'1-211-2019-1111');
INSERT INTO `ALESI_TVALCASO` (`ID_CASO`,`NUM_ATRIBUTO`,`VALOR`) VALUES (1,4,'2019-10-01');
INSERT INTO `ALESI_TVALCASO` (`ID_CASO`,`NUM_ATRIBUTO`,`VALOR`) VALUES (1,5,'2019-10-05');
INSERT INTO `ALESI_TVALCASO` (`ID_CASO`,`NUM_ATRIBUTO`,`VALOR`) VALUES (1,6,'1-211-99999');
INSERT INTO `ALESI_TVALCASO` (`ID_CASO`,`NUM_ATRIBUTO`,`VALOR`) VALUES (1,7,'0');
INSERT INTO `ALESI_TVALCASO` (`ID_CASO`,`NUM_ATRIBUTO`,`VALOR`) VALUES (1,8,'2019-01-01');
INSERT INTO `ALESI_TVALCASO` (`ID_CASO`,`NUM_ATRIBUTO`,`VALOR`) VALUES (1,9,'2019-01-01');
INSERT INTO `ALESI_TVALCASO` (`ID_CASO`,`NUM_ATRIBUTO`,`VALOR`) VALUES (1,10,'AMPLIA');
INSERT INTO `ALESI_TVALCASO` (`ID_CASO`,`NUM_ATRIBUTO`,`VALOR`) VALUES (1,11,'NOE SANTIAGO GARCIA');
INSERT INTO `ALESI_TVALCASO` (`ID_CASO`,`NUM_ATRIBUTO`,`VALOR`) VALUES (1,12,'MARIA LA DEL BARRIO');
INSERT INTO `ALESI_TVALCASO` (`ID_CASO`,`NUM_ATRIBUTO`,`VALOR`) VALUES (1,13,'S');
INSERT INTO `ALESI_TVALCASO` (`ID_CASO`,`NUM_ATRIBUTO`,`VALOR`) VALUES (1,14,'N');
INSERT INTO `ALESI_TVALCASO` (`ID_CASO`,`NUM_ATRIBUTO`,`VALOR`) VALUES (1,15,'N');
INSERT INTO `ALESI_TVALCASO` (`ID_CASO`,`NUM_ATRIBUTO`,`VALOR`) VALUES (1,16,'N');
INSERT INTO `ALESI_TVALCASO` (`ID_CASO`,`NUM_ATRIBUTO`,`VALOR`) VALUES (1,17,'BMW');
INSERT INTO `ALESI_TVALCASO` (`ID_CASO`,`NUM_ATRIBUTO`,`VALOR`) VALUES (1,18,'EL MAS CHINGON');
INSERT INTO `ALESI_TVALCASO` (`ID_CASO`,`NUM_ATRIBUTO`,`VALOR`) VALUES (1,19,'2020');
INSERT INTO `ALESI_TVALCASO` (`ID_CASO`,`NUM_ATRIBUTO`,`VALOR`) VALUES (1,20,'NEGO');
INSERT INTO `ALESI_TVALCASO` (`ID_CASO`,`NUM_ATRIBUTO`,`VALOR`) VALUES (1,21,'56789');
INSERT INTO `ALESI_TVALCASO` (`ID_CASO`,`NUM_ATRIBUTO`,`VALOR`) VALUES (1,22,'3456789');
INSERT INTO `ALESI_TVALCASO` (`ID_CASO`,`NUM_ATRIBUTO`,`VALOR`) VALUES (1,23,'NFS-1TB');
INSERT INTO `ALESI_TVALCASO` (`ID_CASO`,`NUM_ATRIBUTO`,`VALOR`) VALUES (1,24,'S');
INSERT INTO `ALESI_TVALCASO` (`ID_CASO`,`NUM_ATRIBUTO`,`VALOR`) VALUES (1,25,'2000000');
INSERT INTO `ALESI_TVALCASO` (`ID_CASO`,`NUM_ATRIBUTO`,`VALOR`) VALUES (1,26,'S');
INSERT INTO `ALESI_TVALCASO` (`ID_CASO`,`NUM_ATRIBUTO`,`VALOR`) VALUES (1,27,'S');
INSERT INTO `ALESI_TVALCASO` (`ID_CASO`,`NUM_ATRIBUTO`,`VALOR`) VALUES (1,28,'N');
INSERT INTO `ALESI_TVALCASO` (`ID_CASO`,`NUM_ATRIBUTO`,`VALOR`) VALUES (1,29,'N');
INSERT INTO `ALESI_TVALCASO` (`ID_CASO`,`NUM_ATRIBUTO`,`VALOR`) VALUES (1,30,'N');
INSERT INTO `ALESI_TVALCASO` (`ID_CASO`,`NUM_ATRIBUTO`,`VALOR`) VALUES (1,31,'N');
INSERT INTO `ALESI_TVALCASO` (`ID_CASO`,`NUM_ATRIBUTO`,`VALOR`) VALUES (1,32,'N');
INSERT INTO `ALESI_TVALCASO` (`ID_CASO`,`NUM_ATRIBUTO`,`VALOR`) VALUES (1,33,'P');
INSERT INTO `ALESI_TVALCASO` (`ID_CASO`,`NUM_ATRIBUTO`,`VALOR`) VALUES (1,34,'ME PEGARON');
INSERT INTO `ALESI_TVALCASO` (`ID_CASO`,`NUM_ATRIBUTO`,`VALOR`) VALUES (1,35,'SIN ENTREVISTAS');
INSERT INTO `ALESI_TVALCASO` (`ID_CASO`,`NUM_ATRIBUTO`,`VALOR`) VALUES (1,36,'LA FODA DE ALTAVISTA');
INSERT INTO `ALESI_TVALCASO` (`ID_CASO`,`NUM_ATRIBUTO`,`VALOR`) VALUES (1,37,'ALTAVISTA NUMERO __');
INSERT INTO `ALESI_TVALCASO` (`ID_CASO`,`NUM_ATRIBUTO`,`VALOR`) VALUES (1,38,'AQUI VALIO CHICHARO');
INSERT INTO `ALESI_TVALCASO` (`ID_CASO`,`NUM_ATRIBUTO`,`VALOR`) VALUES (1,39,'SEPA');
INSERT INTO `ALESI_TVALCASO` (`ID_CASO`,`NUM_ATRIBUTO`,`VALOR`) VALUES (1,40,'2019-11-05');
INSERT INTO `ALESI_TVALCASO` (`ID_CASO`,`NUM_ATRIBUTO`,`VALOR`) VALUES (1,41,'SAGN9212');
INSERT INTO `ALESI_TVALCASO` (`ID_CASO`,`NUM_ATRIBUTO`,`VALOR`) VALUES (1,42,'INNE');
INSERT INTO `ALESI_TVALCASO` (`ID_CASO`,`NUM_ATRIBUTO`,`VALOR`) VALUES (1,43,'SEPA');
INSERT INTO `ALESI_TVALCASO` (`ID_CASO`,`NUM_ATRIBUTO`,`VALOR`) VALUES (1,44,'SEPA DOS');
INSERT INTO `ALESI_TVALCASO` (`ID_CASO`,`NUM_ATRIBUTO`,`VALOR`) VALUES (1,45,'11111111111');
INSERT INTO `ALESI_TVALCASO` (`ID_CASO`,`NUM_ATRIBUTO`,`VALOR`) VALUES (1,46,'1');
INSERT INTO `ALESI_TVALCASO` (`ID_CASO`,`NUM_ATRIBUTO`,`VALOR`) VALUES (1,47,'2019-11-05');
INSERT INTO `ALESI_TVALCASO` (`ID_CASO`,`NUM_ATRIBUTO`,`VALOR`) VALUES (1,48,'LA TORTERIA');
INSERT INTO `ALESI_TVALCASO` (`ID_CASO`,`NUM_ATRIBUTO`,`VALOR`) VALUES (1,49,'Parece que pese a existir una diferencia de 1 a├â┬▒o exacto entre la versi├â┬│n del Red Dead Redemption II para consolas y PC, Rockstar no ha tenido tiempo para ofrecer un juego perfecto, y es que los usuarios est├â┬ín reportando problemas con los mods.\r\n\r\nRead more https://elchapuzasinformatico.com/');
INSERT INTO `ALESI_TVALCASO` (`ID_CASO`,`NUM_ATRIBUTO`,`VALOR`) VALUES (1,50,'SEPA 3');
INSERT INTO `ALESI_TVALCASO` (`ID_CASO`,`NUM_ATRIBUTO`,`VALOR`) VALUES (1,51,'SEPA 4');
INSERT INTO `ALESI_TVALCASO` (`ID_CASO`,`NUM_ATRIBUTO`,`VALOR`) VALUES (1,52,'LOS CHISMOSOS DE LA CUADRA');
INSERT INTO `ALESI_TVALCASO` (`ID_CASO`,`NUM_ATRIBUTO`,`VALOR`) VALUES (1,53,'ALGUIEN');
INSERT INTO `ALESI_TVALCASO` (`ID_CASO`,`NUM_ATRIBUTO`,`VALOR`) VALUES (1,54,'SEPA 5');
INSERT INTO `ALESI_TVALCASO` (`ID_CASO`,`NUM_ATRIBUTO`,`VALOR`) VALUES (1,55,'Si a principios de 2020 ya esper├â┬íbamos los Intel Comet Lake-S de 10 n├â┬║cleos y 20 hilos @ 14nm para el mercado de sobremesa, parece que tendremos que ir apuntando la llegada de una nueva generaci├â┬│n de CPUs AMD Ryzen para eclipsar a la nueva.\r\n\r\nRead more https://elchapuzasinformatico.com/');
INSERT INTO `ALESI_TVALCASO` (`ID_CASO`,`NUM_ATRIBUTO`,`VALOR`) VALUES (1,56,'1-211-7898');
INSERT INTO `ALESI_TVALCASO` (`ID_CASO`,`NUM_ATRIBUTO`,`VALOR`) VALUES (1,57,'AMPLIA');
INSERT INTO `ALESI_TVALCASO` (`ID_CASO`,`NUM_ATRIBUTO`,`VALOR`) VALUES (1,58,'2019-11-05');
INSERT INTO `ALESI_TVALCASO` (`ID_CASO`,`NUM_ATRIBUTO`,`VALOR`) VALUES (1,59,'2019-11-05');
INSERT INTO `ALESI_TVALCASO` (`ID_CASO`,`NUM_ATRIBUTO`,`VALOR`) VALUES (1,60,'Junto al Mi Note 10, Xiaomi anunci├â┬│ sus dos nuevos televisores, los Mi TV 5 y Mi TV 5 Pro, los cuales se dividen en tres tama├â┬▒os de 55, 65 y 75 pulgadas. En t├â┬®rminos de panel, la variante Pro ofrece una mayor calidad, adem├â┬ís de contar con una...\r\n\r\nRead more https://elchapuzasinformatico.com/');
INSERT INTO `ALESI_TVALCASO` (`ID_CASO`,`NUM_ATRIBUTO`,`VALOR`) VALUES (1,61,'S');
INSERT INTO `ALESI_TVALCASO` (`ID_CASO`,`NUM_ATRIBUTO`,`VALOR`) VALUES (1,62,'IXTAPALAPA');
INSERT INTO `ALESI_TVALCASO` (`ID_CASO`,`NUM_ATRIBUTO`,`VALOR`) VALUES (1,63,'1293/1231:DASD');
INSERT INTO `ALESI_TVALCASO` (`ID_CASO`,`NUM_ATRIBUTO`,`VALOR`) VALUES (1,64,'2019-11-05');
INSERT INTO `ALESI_TVALCASO` (`ID_CASO`,`NUM_ATRIBUTO`,`VALOR`) VALUES (1,65,'06:50PM');
INSERT INTO `ALESI_TVALCASO` (`ID_CASO`,`NUM_ATRIBUTO`,`VALOR`) VALUES (1,66,'S');
INSERT INTO `ALESI_TVALCASO` (`ID_CASO`,`NUM_ATRIBUTO`,`VALOR`) VALUES (1,67,'SEPA');
INSERT INTO `ALESI_TVALCASO` (`ID_CASO`,`NUM_ATRIBUTO`,`VALOR`) VALUES (1,68,'El director financiero de Intel, George Davis, en una entrevista con Barron, un peri├â┬│dico semanal estadounidense centrado en la informaci├â┬│n financiera del pa├â┬¡s, coment├â┬│ la salud financiera de la empresa, y algunas de las razones que subyacen a...\r\n\r\nRead more https://elchapuzasinformatico.com/');
INSERT INTO `ALESI_TVALCASO` (`ID_CASO`,`NUM_ATRIBUTO`,`VALOR`) VALUES (1,69,'S');
INSERT INTO `ALESI_TVALCASO` (`ID_CASO`,`NUM_ATRIBUTO`,`VALOR`) VALUES (1,70,'S');
INSERT INTO `ALESI_TVALCASO` (`ID_CASO`,`NUM_ATRIBUTO`,`VALOR`) VALUES (1,71,'S');
INSERT INTO `ALESI_TVALCASO` (`ID_CASO`,`NUM_ATRIBUTO`,`VALOR`) VALUES (1,72,'S');
INSERT INTO `ALESI_TVALCASO` (`ID_CASO`,`NUM_ATRIBUTO`,`VALOR`) VALUES (1,73,'S');
INSERT INTO `ALESI_TVALCASO` (`ID_CASO`,`NUM_ATRIBUTO`,`VALOR`) VALUES (1,74,'S');
INSERT INTO `ALESI_TVALCASO` (`ID_CASO`,`NUM_ATRIBUTO`,`VALOR`) VALUES (2,1,'Gustavo Pineda González.');
INSERT INTO `ALESI_TVALCASO` (`ID_CASO`,`NUM_ATRIBUTO`,`VALOR`) VALUES (2,2,'Analista de Valuación y Dictamen.');
INSERT INTO `ALESI_TVALCASO` (`ID_CASO`,`NUM_ATRIBUTO`,`VALOR`) VALUES (2,3,'1-211-2019-M-123');
INSERT INTO `ALESI_TVALCASO` (`ID_CASO`,`NUM_ATRIBUTO`,`VALOR`) VALUES (2,4,'2019-01-05');
INSERT INTO `ALESI_TVALCASO` (`ID_CASO`,`NUM_ATRIBUTO`,`VALOR`) VALUES (2,5,'2019-01-06');
INSERT INTO `ALESI_TVALCASO` (`ID_CASO`,`NUM_ATRIBUTO`,`VALOR`) VALUES (2,6,'1902977');
INSERT INTO `ALESI_TVALCASO` (`ID_CASO`,`NUM_ATRIBUTO`,`VALOR`) VALUES (2,7,NULL);
INSERT INTO `ALESI_TVALCASO` (`ID_CASO`,`NUM_ATRIBUTO`,`VALOR`) VALUES (2,8,'2019-01-03');
INSERT INTO `ALESI_TVALCASO` (`ID_CASO`,`NUM_ATRIBUTO`,`VALOR`) VALUES (2,9,'2020-01-03');
INSERT INTO `ALESI_TVALCASO` (`ID_CASO`,`NUM_ATRIBUTO`,`VALOR`) VALUES (2,10,'A');
INSERT INTO `ALESI_TVALCASO` (`ID_CASO`,`NUM_ATRIBUTO`,`VALOR`) VALUES (2,11,'Lucia Duran González');
INSERT INTO `ALESI_TVALCASO` (`ID_CASO`,`NUM_ATRIBUTO`,`VALOR`) VALUES (2,12,'');
INSERT INTO `ALESI_TVALCASO` (`ID_CASO`,`NUM_ATRIBUTO`,`VALOR`) VALUES (2,13,'N');
INSERT INTO `ALESI_TVALCASO` (`ID_CASO`,`NUM_ATRIBUTO`,`VALOR`) VALUES (2,14,'S');
INSERT INTO `ALESI_TVALCASO` (`ID_CASO`,`NUM_ATRIBUTO`,`VALOR`) VALUES (2,15,'S');
INSERT INTO `ALESI_TVALCASO` (`ID_CASO`,`NUM_ATRIBUTO`,`VALOR`) VALUES (2,16,'N');
INSERT INTO `ALESI_TVALCASO` (`ID_CASO`,`NUM_ATRIBUTO`,`VALOR`) VALUES (2,17,'0004');
INSERT INTO `ALESI_TVALCASO` (`ID_CASO`,`NUM_ATRIBUTO`,`VALOR`) VALUES (2,18,'00040010');
INSERT INTO `ALESI_TVALCASO` (`ID_CASO`,`NUM_ATRIBUTO`,`VALOR`) VALUES (2,19,'2014');
INSERT INTO `ALESI_TVALCASO` (`ID_CASO`,`NUM_ATRIBUTO`,`VALOR`) VALUES (2,20,'1');
INSERT INTO `ALESI_TVALCASO` (`ID_CASO`,`NUM_ATRIBUTO`,`VALOR`) VALUES (2,21,'JTFSX23P6148447');
INSERT INTO `ALESI_TVALCASO` (`ID_CASO`,`NUM_ATRIBUTO`,`VALOR`) VALUES (2,22,NULL);
INSERT INTO `ALESI_TVALCASO` (`ID_CASO`,`NUM_ATRIBUTO`,`VALOR`) VALUES (2,23,'F39 AYF');
INSERT INTO `ALESI_TVALCASO` (`ID_CASO`,`NUM_ATRIBUTO`,`VALOR`) VALUES (2,24,'S');
INSERT INTO `ALESI_TVALCASO` (`ID_CASO`,`NUM_ATRIBUTO`,`VALOR`) VALUES (2,25,'S');
INSERT INTO `ALESI_TVALCASO` (`ID_CASO`,`NUM_ATRIBUTO`,`VALOR`) VALUES (2,26,'S');
INSERT INTO `ALESI_TVALCASO` (`ID_CASO`,`NUM_ATRIBUTO`,`VALOR`) VALUES (2,27,'N');
INSERT INTO `ALESI_TVALCASO` (`ID_CASO`,`NUM_ATRIBUTO`,`VALOR`) VALUES (2,28,'S');
INSERT INTO `ALESI_TVALCASO` (`ID_CASO`,`NUM_ATRIBUTO`,`VALOR`) VALUES (2,29,'N');
INSERT INTO `ALESI_TVALCASO` (`ID_CASO`,`NUM_ATRIBUTO`,`VALOR`) VALUES (2,30,'N');
INSERT INTO `ALESI_TVALCASO` (`ID_CASO`,`NUM_ATRIBUTO`,`VALOR`) VALUES (2,31,'N');
INSERT INTO `ALESI_TVALCASO` (`ID_CASO`,`NUM_ATRIBUTO`,`VALOR`) VALUES (2,32,NULL);
INSERT INTO `ALESI_TVALCASO` (`ID_CASO`,`NUM_ATRIBUTO`,`VALOR`) VALUES (2,33,'R');
INSERT INTO `ALESI_TVALCASO` (`ID_CASO`,`NUM_ATRIBUTO`,`VALOR`) VALUES (2,34,'El Ing Christian recoge camioneta en tula hdgo el dia jueves 3 para probable trabajo y verificacion vehicular el dia sabado 05/01 me llama por la tarde informandome que ya no se encontraba camioneta donde la habia dejado estacionada ');
INSERT INTO `ALESI_TVALCASO` (`ID_CASO`,`NUM_ATRIBUTO`,`VALOR`) VALUES (2,35,'Es importante mencionar que derivado de la condición del presente siniestro, se opta llevar una investigación de manera cronológica, supeditada a que se cumplan los tiempos de cada una de las fases de la presente investigación, agotando cada fase  con los tiempos establecidos en el plan de trabajo.\n\n1.- Con fecha 10 de enero del presente año, se hace un análisis detallado del expediente, con la finalidad de obtener datos que nos permitan determinar el procedimiento a seguir en la presente investigación.\n\n2.- Con fecha 15 de enero del presente año, se acude al lugar señalado en la declaración de siniestro, apoyando la búsqueda de datos de prueba para acreditar la preexistencia del vehículo asegurado, conforme a lo narrado por la C. Lucia Duran Gonzalez al momento de reportar el siniestro.  Es importante señalar que el ultimo conductor del vehículo fue el C. Christian Martin Mercado López.\n\n3.- Con fecha 14 de Enero del año en curso, se sostuvo entrevista en las instalaciones de SURA con la C. Lucia Duran González, únicamente argumentando que el C. Christian Martin Mercado Lopez,  se encontraba realizando trabajos propios de su empresa Ciudad Juárez, por tal motivo no podía asistir a la cita en cuanto el regresara podríamos tener una entrevista con el C. Christian Martin Mercado López , que lo único que ella sabía era lo que había declarado cuando reporto el siniestro, al tiempo que pudimos notar no contaba de momento con la documentación en orden de su vehículo robado y su carpeta de investigación aun estaba incompleta recomendándole ordenar su documentación así como tener entrevista con su empleado.\n\n4.- En fecha 21 de enero del año en curso en las instalaciones de SURA nos entrevistamos con el C. Christian Martín Mercado López, quien refiere que el día jueves 03 de enero del año en curso acude a la Ciudad de Tula Hidalgo por la camioneta de referencia a efecto de trasladarla a la Ciudad de México, ya que tenía pendiente un trabajo y verificación vehicular de la misma, así mismo refiere ser él quien lleva a cabo los tramites de diversos vehículos que tiene la C. Lucia Duran Gonzalez. Nos da referencia que dejo estacionada la camioneta en el exterior de la oficina entre los números 312 y 315 de la mencionada calle y según su dicho la camioneta ahí se queda estacionada, y es hasta el sábado 05 que se percata ya no está en el lugar donde la dejo, a preguntas expresas de ¿Si había movido o prestado la camioneta? R.  Refiere nunca la mueve de lugar, ¿Dónde verificaría la unidad asegurada? R.  Refiere la llevaría a la Avenida Central en el Estado de México.\n\nEs importante precisar que el sujeto en todo momento se torna nervioso y evasivo a cuestionamientos dejando claro miente en su dicho.\n\n5.- En fecha 08 de febrero del año en curso, se tuvo entrevista en las instalaciones de SURA, con la C. Lucia Duran, quien a la fecha no ha podido acreditar la preexistencia del vehículo, toda vez que como se desprende de las diligencias documentales y de campo el vehículo tuvo que haber sido verificada en segundo periodo de verificación vehicular correspondiente al año 2018. Por tanto, se comprometió a conseguir la documentación que acredite su dicho.\n');
INSERT INTO `ALESI_TVALCASO` (`ID_CASO`,`NUM_ATRIBUTO`,`VALOR`) VALUES (2,36,'S');
INSERT INTO `ALESI_TVALCASO` (`ID_CASO`,`NUM_ATRIBUTO`,`VALOR`) VALUES (2,37,'Calle Oriente 178 entre los numeros 312 y 315Colonia  Alcaldia Venustiano Carranza');
INSERT INTO `ALESI_TVALCASO` (`ID_CASO`,`NUM_ATRIBUTO`,`VALOR`) VALUES (2,38,'Se observa en lugar del robo una Colonia que en su mayoría existen casas habitación, en la esquina norte junto al número 312 se estableció una Tienda de Abarrotes. En la esquina sur, se encuentra instalado un Taller de Hojalatería, ya que hacen trabajos en la calle.\nAl preguntar a los vecinos si sabian del robo nos argumentan no tener conocimiento de los hechos que se investigan. Sin embargo, nos dan referencias del C. Christian Martin Mercado López, como una persona bastante conflictiva por estorbar con los vehículos que lleva y estacionarse frente a las entradas de las casas. Así mismo se nos refiere que la unidad asegurada en ningún momento estuvo estacionada días antes de que fuera robada.\n');
INSERT INTO `ALESI_TVALCASO` (`ID_CASO`,`NUM_ATRIBUTO`,`VALOR`) VALUES (2,39,'Factura');
INSERT INTO `ALESI_TVALCASO` (`ID_CASO`,`NUM_ATRIBUTO`,`VALOR`) VALUES (2,40,'2018-06-27');
INSERT INTO `ALESI_TVALCASO` (`ID_CASO`,`NUM_ATRIBUTO`,`VALOR`) VALUES (2,41,'Pick Uplandia S.A de C.V');
INSERT INTO `ALESI_TVALCASO` (`ID_CASO`,`NUM_ATRIBUTO`,`VALOR`) VALUES (2,42,'S');
INSERT INTO `ALESI_TVALCASO` (`ID_CASO`,`NUM_ATRIBUTO`,`VALOR`) VALUES (2,43,NULL);
INSERT INTO `ALESI_TVALCASO` (`ID_CASO`,`NUM_ATRIBUTO`,`VALOR`) VALUES (2,44,NULL);
INSERT INTO `ALESI_TVALCASO` (`ID_CASO`,`NUM_ATRIBUTO`,`VALOR`) VALUES (2,45,NULL);
INSERT INTO `ALESI_TVALCASO` (`ID_CASO`,`NUM_ATRIBUTO`,`VALOR`) VALUES (2,46,'3');
INSERT INTO `ALESI_TVALCASO` (`ID_CASO`,`NUM_ATRIBUTO`,`VALOR`) VALUES (2,47,NULL);
INSERT INTO `ALESI_TVALCASO` (`ID_CASO`,`NUM_ATRIBUTO`,`VALOR`) VALUES (2,48,NULL);
INSERT INTO `ALESI_TVALCASO` (`ID_CASO`,`NUM_ATRIBUTO`,`VALOR`) VALUES (2,49,'No se realiza, cotejo alguno, derivado a que conforme se realizaba la verificación se presentaban diversas anomalías que le fueron notificadas a la C. Lucia Duran González, por lo anterior y al no subsanar dichas anomalías aunado a que se logró hacer la recuperación del vehículo asegurado, no fue posible verificar la autenticidad de dicha documental.');
INSERT INTO `ALESI_TVALCASO` (`ID_CASO`,`NUM_ATRIBUTO`,`VALOR`) VALUES (2,50,'S');
INSERT INTO `ALESI_TVALCASO` (`ID_CASO`,`NUM_ATRIBUTO`,`VALOR`) VALUES (2,51,'Oriente 138, estacionada frente a los números 312 y 315, Col. Moctezuma 2ª Secc. Alcaldía Venustiano Carranza, Ciudad de México.');
INSERT INTO `ALESI_TVALCASO` (`ID_CASO`,`NUM_ATRIBUTO`,`VALOR`) VALUES (2,52,'N');
INSERT INTO `ALESI_TVALCASO` (`ID_CASO`,`NUM_ATRIBUTO`,`VALOR`) VALUES (2,53,NULL);
INSERT INTO `ALESI_TVALCASO` (`ID_CASO`,`NUM_ATRIBUTO`,`VALOR`) VALUES (2,54,NULL);
INSERT INTO `ALESI_TVALCASO` (`ID_CASO`,`NUM_ATRIBUTO`,`VALOR`) VALUES (2,55,'A pesar de solicitar en diversas ocasiones a la C. Lucia Duran González, se nos presentara documentales para acreditar la preexistencia del vehículo, esto no fue posible ya que los documentos que nos presentaba para tratar de acreditar la preexistencia de la unidad asegurada, apuntalaban una línea más de investigación. Es importante mencionar que los vecinos del lugar donde supuestamente ocurre el robo, en ningún momento vieron la unidad asegurada estacionada. Externan sus quejas, ya que el C. Christian Martín Mercado López estaciona diversos vehículos en las entradas a los domicilios contiguos, sin embargo, aseguran no recordar una camioneta estacionada por varios días, con las características del bien asegurado.');
INSERT INTO `ALESI_TVALCASO` (`ID_CASO`,`NUM_ATRIBUTO`,`VALOR`) VALUES (2,56,'N');
INSERT INTO `ALESI_TVALCASO` (`ID_CASO`,`NUM_ATRIBUTO`,`VALOR`) VALUES (2,57,'N/A');
INSERT INTO `ALESI_TVALCASO` (`ID_CASO`,`NUM_ATRIBUTO`,`VALOR`) VALUES (2,58,NULL);
INSERT INTO `ALESI_TVALCASO` (`ID_CASO`,`NUM_ATRIBUTO`,`VALOR`) VALUES (2,59,NULL);
INSERT INTO `ALESI_TVALCASO` (`ID_CASO`,`NUM_ATRIBUTO`,`VALOR`) VALUES (2,60,'Se nos hace saber por parte de la C. Lucia Duran González, que no se encontraba asegurada anteriormente por ser un vehículo de reciente adquisición');
INSERT INTO `ALESI_TVALCASO` (`ID_CASO`,`NUM_ATRIBUTO`,`VALOR`) VALUES (2,61,'S');
INSERT INTO `ALESI_TVALCASO` (`ID_CASO`,`NUM_ATRIBUTO`,`VALOR`) VALUES (2,62,'3');
INSERT INTO `ALESI_TVALCASO` (`ID_CASO`,`NUM_ATRIBUTO`,`VALOR`) VALUES (2,63,'CI-FVC/VC-2/UI-1 S/D/00005/01-2019');
INSERT INTO `ALESI_TVALCASO` (`ID_CASO`,`NUM_ATRIBUTO`,`VALOR`) VALUES (2,64,'2019-01-05');
INSERT INTO `ALESI_TVALCASO` (`ID_CASO`,`NUM_ATRIBUTO`,`VALOR`) VALUES (2,65,'23:10');
INSERT INTO `ALESI_TVALCASO` (`ID_CASO`,`NUM_ATRIBUTO`,`VALOR`) VALUES (2,66,'S');
INSERT INTO `ALESI_TVALCASO` (`ID_CASO`,`NUM_ATRIBUTO`,`VALOR`) VALUES (2,67,NULL);
INSERT INTO `ALESI_TVALCASO` (`ID_CASO`,`NUM_ATRIBUTO`,`VALOR`) VALUES (2,68,'Se encuentra debidamente registrada la Carpeta de Investigación en las diversas plataformas de Seguridad Publica.');
INSERT INTO `ALESI_TVALCASO` (`ID_CASO`,`NUM_ATRIBUTO`,`VALOR`) VALUES (2,69,'S');
INSERT INTO `ALESI_TVALCASO` (`ID_CASO`,`NUM_ATRIBUTO`,`VALOR`) VALUES (2,70,'S');
INSERT INTO `ALESI_TVALCASO` (`ID_CASO`,`NUM_ATRIBUTO`,`VALOR`) VALUES (2,71,'S');
INSERT INTO `ALESI_TVALCASO` (`ID_CASO`,`NUM_ATRIBUTO`,`VALOR`) VALUES (2,72,'S');
INSERT INTO `ALESI_TVALCASO` (`ID_CASO`,`NUM_ATRIBUTO`,`VALOR`) VALUES (2,73,'S');
INSERT INTO `ALESI_TVALCASO` (`ID_CASO`,`NUM_ATRIBUTO`,`VALOR`) VALUES (2,74,'S');
INSERT INTO `ALESI_TVALCASO` (`ID_CASO`,`NUM_ATRIBUTO`,`VALOR`) VALUES (2,75,'R');
INSERT INTO `ALESI_TVALCASO` (`ID_CASO`,`NUM_ATRIBUTO`,`VALOR`) VALUES (2,76,'Con fecha 10 de enero del presente año, se turna a esta firma la investigación de referencia por la posibilidad de encontrarnos ante una falsedad en la declaración y un posible robo preexistente al inicio de vigencia.\n\nEn la misma fecha nos damos a la tarea inmediata de comenzar con la presente investigación, inicialmente con la solicitud de los audios de cabina y realizando las gestiones propias para enriquecer la presente investigación.\n\nUn segundo elemento que se considera para declinar el presente siniestro se basa en las diversas documentales para acreditar la preexistencia del vehículo, apuntalaban una línea más de investigación y que arrojaba como resultado el robo previo al inicio de vigencia. Es importante mencionar que los vecinos del lugar donde supuestamente ocurre el robo, en ningún momento vieron la unidad asegurada estacionada por varios días.\n\nUn tercer elemento que apuntala la información del presente informe consiste en la entrevista con los CC Christian Martín Mercado López y Lucia Duran González,, encontrado discrepancias conforme a los datos de prueba recolectados en el lugar del siniestro, y a los manifestados en las entrevistas por parte del C. Christian Martín Mercado López. Adicionalmente la información proporcionada la consideramos falaz, ya que se encontraba alejada de toda lógica y de la mecánica real del siniestro. \n\nAnte la situación anterior y derivado de que se le hace saber a la C. Lucia Duran González,, la falsedad de la declaración inicial por parte del C. Christian Martín Mercado López, manifiesta que no es su deseo intervenir en ningún procedimiento legal, por lo que firma el desistimiento correspondiente.\n\nPor lo anterior, bajo el orden de argumentos y datos de prueba señalados, una vez que dicha información se contrasta con entrevistas, resulta improcedente el siniestro, toda vez que se puede comprobar de manera indubitable que la mecánica de hechos narrada al ajustador, no corresponde. Existiendo dolo en la declaración inicial al ajustador, simulando los hechos, encontrando para ello diversos datos de prueba e indicios que fueron susceptibles de investigación.\n\nSin más por el momento reciba un afectuoso saludo, no sin antes reiterarle que quedo a sus órdenes para cualquier aclaración al respecto.\n');
*/

--
-- Estructura de tabla para la tabla `casos`
--


DROP TABLE IF EXISTS `alesiorg_ALESI_BD`.`casos` ;

CREATE TABLE `alesiorg_ALESI_BD`.`casos` (
  `id` int(11) NOT NULL,
  `nombre` varchar(255) CHARACTER SET utf8 COLLATE utf8_unicode_ci NOT NULL,
  `stock` varchar(255) CHARACTER SET utf8 COLLATE utf8_unicode_ci NOT NULL,
  `precio` varchar(255) CHARACTER SET utf8 COLLATE utf8_unicode_ci NOT NULL
) ENGINE=InnoDB DEFAULT CHARSET=utf8;

--
-- Volcado de datos para la tabla `casos`
--

INSERT INTO `casos` (`id`, `nombre`, `stock`, `precio`) VALUES
(1, 'En atencion', '50', '3,000,000.00'),
(3, 'Cerrados', '35', '500,000.00'),
(4, 'En revision', '45', '40,000.00'),
(5, 'Pendientes Informacion', '36', '20,000.00'),
(6, 'Solucionados', '60', '11,000,000.00'),
(7, 'Cancelados', '26', '60,000.00');
COMMIT;

COMMIT;

--
-- Estructura de tabla para la tabla `PDFS`
--

DROP TABLE IF EXISTS `ALESI_PDF_PLANTILLAS` ;


CREATE TABLE `ALESI_PDF_PLANTILLAS` (
  `ID_PDF` VARCHAR(45) NOT NULL,
  `PDF_DESCRIPCION` VARCHAR(45) NOT NULL,
  `PDF_CODIGO` text NOT NULL,
  PRIMARY KEY (`ID_PDF`))
ENGINE = INNODB
DEFAULT CHARACTER SET = UTF8
COMMENT = '		';










INSERT INTO `ALESI_PDF_PLANTILLAS`(`ID_PDF`, `PDF_DESCRIPCION`, `PDF_CODIGO`) VALUES ('SINIESTRO_AUTO_S', 'PLANTILLA PARA SINEISTROS AUTOS SURA', '<style type=\"text/css\">\r\n<!--\r\ndiv.zone\r\n{\r\n    border: solid 2mm #66AACC;\r\n    border-radius: 3mm;\r\n    padding: 1mm;\r\n    background-color: #FFEEEE;\r\n    color: #440000;\r\n}\r\ndiv.zone_over\r\n{\r\n    width: 30mm;\r\n    height: 35mm;\r\n    overflow: hidden;\r\n}\r\n\r\n\r\ntable.page_header {width: 100%; border: none; background-color: #00AEEA; border-bottom: solid 1mm #0B6E9C; padding: 2mm }\r\ntable.page_footer {width: 100%; border: none;   padding: 2mm}\r\nh1 {color: #000033}\r\nh2 {color: #000055}\r\nh3 {color: #000077}\r\n\r\ndiv.standard\r\n{\r\n    padding-left: 5mm;\r\n}\r\n\r\ntable.siniestro {\r\n   width: 100%;\r\n   border: 1px solid #000;\r\n}\r\n\r\n\r\n-->\r\n</style>\r\n<page style=\"font-size: 10pt\">\r\n\r\n    <page_footer>\r\n        <table class=\"page_footer\">\r\n            <tr>\r\n                <td style=\"width: 100%; text-align: right; \">\r\n                    pagina [[page_cu]]/[[page_nb]]\r\n                </td>\r\n            </tr>\r\n        </table>\r\n    </page_footer>\r\n    \r\n    <table class=\"page_header\">\r\n            <tr>\r\n                <td style=\"width: 100%; text-align: left; font-size: 18pt;font-weight: bold; color:#FFFFFF\">\r\n                    ALESI\r\n                </td>\r\n            </tr>\r\n        </table>\r\n    <br>\r\n    <p style=\"text-align: right; font-weight: bold\">Ciudad de México a ?v_FECHA_PDF?</p>\r\n    <p style=\"text-align: right; font-weight: bold\">Ref. Int ?v_REF_INT?</p><br>\r\n    <br>\r\n    <b>Seguros Sura S.A. de C.V </b><br>\r\n    <b>?DIRIGIDO_A?</b><br>\r\n    <b>?CARGO?</b><br>\r\n    <b>Presente.</b><br>\r\n    <p style=\"text-align: right; font-weight: bold\">Asunto: Informe de Investigación de Siniestro</p><br>\r\n    <p style=\"text-align: justify\"> \r\n        &nbsp;&nbsp;&nbsp;&nbsp; Estimado ?DIRIGIDO_A?: En relación al siniestro citado anteriormente, \r\n        mismo que nos encomendó hacer un análisis, e investigación del hecho ocurrido, y de acuerdo a las diferentes técnicas y métodos de investigación \r\n        empleados le proporciono el siguiente informe detallado\r\n    </p>\r\n    <p style=\"text-align: center; font-weight: bold\">DATOS DEL SINIESTRO</p><br>\r\n    <table >\r\n        <tbody >\r\n            <tr>\r\n                <th>No. de Siniestro</th>\r\n                <th></th>\r\n                <th>Fecha del Siniestro</th>\r\n                <th></th>\r\n                <th>Fecha del Reporte</th>\r\n                \r\n            </tr>\r\n            <tr >\r\n                <td>?N_DE_SINIESTRO?</td>\r\n                <th></th>\r\n                <td>?F_DE_SINIESTRO?</td>\r\n                <th></th>\r\n                <td>?F_DE_REPORTE?</td>            \r\n            </tr>\r\n        </tbody>\r\n            <tr style=\"vertical-align: top\">\r\n                <td>No. de Póliza</td>\r\n                <td>Inciso</td>\r\n                <td>Inicio Vigencia</td>\r\n                <td>Término Vigencia</td>\r\n                <td>Coberturas</td>\r\n            </tr>       \r\n            <tr style=\"vertical-align: top\">\r\n                <td>?N_DE_POLIZA?</td>\r\n                <td>?INCISO?</td>\r\n                <td>?INI_VIG?</td>\r\n                <td>?FIN_VIG?</td>\r\n                <td>?COBERTURA?</td>\r\n            </tr>\r\n            <tr style=\"vertical-align: top\">\r\n                <td>Nombre del Asegurado: </td>\r\n                <th>?NOM_ASEGURADO?.</th>\r\n            </tr>\r\n            <tr style=\"vertical-align: top\">\r\n                <td>Nombre del Conductor: </td>\r\n                <th>?NOM_CONDUCTOR?</th>\r\n            </tr>           \r\n    </table>\r\n	<p>Tipo de siniestro Robo: </p>\r\n	<table>\r\n	 <tr style=\"vertical-align: top\">\r\n			<td style =\"width=25%;\">?CON_VIOLENCIA?</td>\r\n			<td style =\"width=25%;\">?SIN_VIOLENCIA?</td>\r\n			<td style =\"width=25%;\">?EN_DOMICILIO?</td>\r\n			<td style =\"width=25%;\">?COLISION_VUELCO?</td>\r\n     </tr>\r\n	</table>\r\n    <br>\r\n    <p style=\"text-align: center; font-weight: bold\">DATOS DEL VEHÍCULO.</p><br>\r\n    <table style=\"text-align: center;  width: 100%\" align=\"center\">\r\n        <tr>            \r\n            <th style =\"width=140;\">Marca</th>            \r\n            <th style =\"width=140;\">Tipo</th>\r\n            <th style =\"width=140;\">Modelo</th>\r\n            <th style =\"width=140;\">Color</th>\r\n        </tr>\r\n        <tr>\r\n            <td>?MARCA?</td>\r\n            <td>?TIPO?</td>\r\n            <td>?MODELO?</td>\r\n            <td>?COLOR?</td>\r\n        </tr>\r\n    </table>\r\n    <table  style=\"text-align: center; width: 100%\" align=\"center\">\r\n        <tr>\r\n            <td style =\"width=140;\">No. de serie</td>\r\n            <td style =\"width=140;\">No. de motor</td>\r\n            <td style =\"width=140;\">Placas</td>\r\n        </tr> \r\n        <tr>\r\n            <th>?N_DE_SERIE?</th>\r\n            <th>?N_MOTOR?</th>\r\n            <th>?PLACAS?</th>\r\n        </tr> \r\n    </table>    \r\n    <br>\r\n    <p style=\"text-align: center; font-weight: bold\">ASIGNACIÓN DE LA INVESTIGACIÓN</p><br>    \r\n    <table  style=\"text-align: left;  width: 100%; \" align=\"center\">\r\n        <tr>            \r\n            <td style =\"width=165;\">Investigación solicitada por:</td>            \r\n            <td style =\"width=140;\">Gustavo Pineda</td>\r\n            <td style =\"width=140;\"> </td>\r\n            <td style =\"width=140;\"> </td>\r\n        </tr>\r\n        <tr>            \r\n            <td style =\"width=165;\">Fecha de Asignación</td>            \r\n            <td style =\"width=140;\">10-Enero-2019</td>\r\n            <td style =\"width=140;\">Fecha de Entrega: </td>\r\n            <td style =\"width=140;\">19-Marzo-2019 </td>\r\n        </tr>\r\n    </table>\r\n    <br>\r\n	<br>\r\n    <p style=\"text-align: center; font-weight: bold\">MOTIVO  DE LA INVESTIGACIÓN.</p><br>    \r\n    <table  style=\"text-align: left;  width: 100%; \" align=\"center\">\r\n        <tr>            \r\n            <td style =\"width=50%;\">?SINI_TREINTA_DIAS?</td>\r\n			<td style =\"width=50%;\">?FALSEDAD_DECALRACION?</td>\r\n        </tr>\r\n        <tr>            \r\n            <td style =\"width=50%;\">?SUMA_ASEGURADA?</td>\r\n			<td style =\"width=50%;\">?CAMBIO_CONDUCTOR?</td>\r\n        </tr>		\r\n        <tr>            \r\n            <td style =\"width=50%;\">?PREEXISTENCIA_AUTO?</td>\r\n			<td style =\"width=50%;\">?DOC_APOCRIFOS?</td>\r\n        </tr>		\r\n        <tr>            \r\n            <td style =\"width=50%;\">?REECONSTRUCCION_HECHOS?</td>\r\n			<td style =\"width=50%;\">?OTROS?</td>\r\n        </tr>		\r\n    </table>\r\n    <br>\r\n	<br>\r\n    <p style=\"text-align: center; font-weight: bold\">RESULTADO DE LA INVESTIGACIÓN.</p><br>    \r\n    <table  style=\"text-align: left;  width: 100%; \" align=\"center\">\r\n        <tr>            \r\n            <td style =\"width=50%\">El siniestro es:</td>            \r\n            <td style =\"width=50%\">?RESULT_INVEST?</td>\r\n        </tr>\r\n    </table>\r\n    <br>\r\n    <p style=\"text-align: center; font-weight: bold\">DECLARACION DEL ASEGURADO O CONDUCTOR VERTIDA AL AJUSTADOR.</p>\r\n    <p style=\"text-align: justify;\">\r\n	?DECLA_INI?\r\n    </p>\r\n    <br>\r\n    <br>\r\n    <p style=\"text-align: center; font-weight: bold\">ENTREVISTA CON EL ASEGURADO O CONDUCTOR.</p>\r\n    <table style=\"text-align: justify;  width: 100%; \" align=\"center\">\r\n        <tr><td style =\"width=100%;\"><p>\r\n        ?DESA_ENTREVISTA?\r\n        </p></td></tr>\r\n    </table>       \r\n    <br>\r\n    <br>\r\n    <p style=\"text-align: center; font-weight: bold\">RECONSTRUCCIÓN E INSPECCION EN LUGAR DE LOS HECHOS.</p>\r\n    <table style=\"text-align: center;  width: 100%; \" align=\"center\">\r\n        <tr>\r\n            <th style =\"width=20%;\"> Lugar visitado </th>\r\n            <th style =\"width=80%;\"> Ubicacion </th>\r\n        </tr>\r\n        <tr>\r\n            <td>?LUGAR_VISITADO?</td>\r\n            <td>?UBICACION?</td>\r\n        </tr>\r\n    </table>\r\n    <table style=\"text-align: justify;  width: 100%; \" align=\"center\">\r\n        <tr><td style =\"width=100%;\"><p>\r\n        ?OBSERVACIONES?\r\n        </p></td></tr>\r\n    </table>     \r\n    <br>\r\n    <br>\r\n    <!-- DOCUMENTOS DE PROPIEDAD -->\r\n    <p style=\"text-align: center; font-weight: bold\">DOCUMENTOS DE PROPIEDAD.</p>\r\n    <table style=\"text-align: center;  width: 100%; \" align=\"center\">\r\n        <tr>\r\n            <th style =\"width=15%;\"> Tipo de Documento</th>\r\n            <th style =\"width=15%;\"> Fecha</th>\r\n            <th style =\"width=70%;\"> Razón Social o Nombre del establecimiento </th>\r\n        </tr>\r\n        <tr>\r\n            <td>?TIP_DOC_PROP?</td>\r\n            <td>?F_DOC?</td>\r\n            <td>?RFC_PROP?</td>\r\n        </tr>\r\n    </table>\r\n    <table style=\"text-align: center;  width: 100%;  \" align=\"center\">\r\n        <tr>\r\n            <th style =\"width=15%;\"> Documento Legal</th>\r\n            <th style =\"width=20%;\"> Cotejado con</th>\r\n            <th style =\"width=45%;\">Cargo y/o departamento</th>\r\n            <th style =\"width=20%;\">Teléfono</th>\r\n        </tr>\r\n        <tr>\r\n            <td>?DOC_LEGAL?</td>\r\n            <td>?COTEJADO_CON?</td>\r\n            <td>?CARGO_DTO?</td>\r\n            <td>?TEL_PROP?</td>\r\n        </tr>\r\n    </table>    \r\n    <table style=\"text-align: center;  width: 100%; \" align=\"center\">\r\n        <tr>\r\n            <th style =\"width=20%;\">Tipo de contacto</th>\r\n            <th style =\"width=60%;\">Lugar de contacto (Dirección)</th>\r\n            <th style =\"width=20%;\">Fecha</th>\r\n        </tr>\r\n        <tr>\r\n            <td>?CONTACTO?</td>\r\n            <td>?LUGAR_CONTACTO?</td>\r\n            <td>?F_CONTACTO?</td>\r\n        </tr>\r\n    </table>        \r\n    <table style=\"text-align: justify;  width: 100%; \" align=\"center\">\r\n        <tr><td style =\"width=100%;\"><p>\r\n        ?OBSERVACIONES_CONTACT?\r\n        </p></td></tr>\r\n    </table> \r\n<!-- PREEXISTENCIA DEL VEHÍCULO. -########################################### -->\r\n    <p style=\"text-align: center; font-weight: bold\">PREEXISTENCIA DEL VEHÍCULO.</p>\r\n    <p style=\"text-align: left; \">La preexistencia del bien asegurado se verificó en:</p>         \r\n    <table style=\"text-align: center;  width: 100%; \" align=\"center\">\r\n        <tr>\r\n            <th style =\"width=20%;\">Domicilio de N/A</th>\r\n            <th style =\"width=80%;\">Direccion</th>\r\n        </tr>\r\n        <tr>\r\n            <td style =\"width=20%;\">?DOMICILIO_NA?</td>\r\n            <td style =\"width=80%;\">?DIRECCION_PREX?</td>\r\n        </tr>\r\n    </table>\r\n    <br>\r\n    <table style=\"text-align: left;  width: 100%;  \" align=\"center\">\r\n        <tr>\r\n            <td style =\"width=40%;\"> Testigos de la preexistencia del vehículo:</td>\r\n            <td style =\"width=60%;\">?TESTIGOS_PREX?</td>\r\n        </tr>\r\n    </table>\r\n    <table style=\"text-align: left;  width: 100%; \" align=\"center\">\r\n        <tr>\r\n            <th style =\"width=40%;\"> Nombre</th>\r\n            <th style =\"width=60%;\">Dirección o referencia</th>\r\n        </tr>\r\n        <tr>\r\n            <td style =\"width=40%;\">?NOMBRE_PREX?</td>\r\n            <td style =\"width=60%;\">?DIR_REF_PREX?</td>\r\n        </tr>        \r\n    </table>      \r\n    <!-- Atributo 55-->\r\n    <table style=\"text-align: justify;  width: 100%; \" align=\"center\">\r\n        <tr><td style =\"width=100%;\"><p>\r\n        ?OBSERVACIONES_PREX?\r\n        </p></td></tr>\r\n    </table> \r\n<!--############################### VERIFICACIÓN DE PÓLIZAS -########################################### -->\r\n<!--############################### VERIFICACIÓN DE PÓLIZAS -########################################### -->\r\n    <p style=\"text-align: center; font-weight: bold\">VERIFICACIÓN DE PÓLIZAS.</p>\r\n    <br>    \r\n    <table style=\"text-align: center;  width: 100%; \" align=\"center\">\r\n        <tr>\r\n            <th style =\"width=25%;\">Póliza Anterior</th>\r\n            <th style =\"width=25%;\">Cobertura</th>\r\n            <th style =\"width=25%;\">Vigencia desde</th>\r\n            <th style =\"width=25%;\">Vigencia Hasta</th>\r\n        </tr>\r\n        <tr>\r\n            <td style =\"width=25%;\">?POL_ANTER?</td>\r\n            <td style =\"width=25%;\">?COBERTURA_ANTER?</td>\r\n            <td style =\"width=25%;\">?F_INI_ANTER?</td>\r\n            <td style =\"width=25%;\">?F_FIN_ANTER?</td>\r\n        </tr>\r\n    </table>\r\n    <!-- Atributo 60-->\r\n    <table style=\"text-align: justify;  width: 100%; \" align=\"center\">\r\n        <tr><td style =\"width=100%;\"><p>\r\n        ?OBSERVACION_ANTER?\r\n        </p></td></tr>\r\n    </table>    \r\n<!--############################### CARPETA DE INVESTIGACIÓN -########################################### -->\r\n<!--############################### CARPETA DE INVESTIGACIÓN -########################################### -->\r\n    <p style=\"text-align: center; font-weight: bold\">CARPETA DE INVESTIGACIÓN.</p>\r\n    <p style=\"text-align: left; \">Denuncia ante el Ministerio Público. ?DENUNCIA_MP?</p>\r\n    <br>    \r\n    <table style=\"text-align: center;  width: 100%; \" align=\"center\">\r\n        <tr>\r\n            <th style =\"width=20%;\">Alcaldía o Municipio.</th>\r\n            <th style =\"width=35%;\">Carpeta </th>\r\n            <th style =\"width=15%;\">Fecha</th>\r\n            <th style =\"width=10%;\">Hora</th>\r\n            <th style =\"width=20%;\">Registrada</th>\r\n        </tr>\r\n        <tr>\r\n            <td style =\"width=20%;\">?MUNICIPIO?</td>\r\n            <td style =\"width=35%;\">?CARPETA?</td>\r\n            <td style =\"width=15%;\">?F_INV?</td>\r\n            <td style =\"width=10%;\">?HORA_INV?</td>\r\n            <td style =\"width=20%;\">?CARP_REG?</td>\r\n        </tr>\r\n    </table>\r\n    <table style=\"text-align: center;  width: 100%;\" align=\"center\">\r\n        <tr>\r\n            <th style =\"width=20%;\">Carpeta Relacionada.</th>\r\n            <th style =\"width=35%;\">Carpeta </th>\r\n            <th style =\"width=45%;\">Motivo de la Carpeta relacionada.</th>\r\n        </tr>\r\n        <tr>\r\n            <td style =\"width=20%;\">?CARP_REG?</td>\r\n            <td style =\"width=35%;\"></td>\r\n            <td style =\"width=45%;\">?MOT_CARP_INV?</td>            \r\n        </tr>\r\n    </table>    \r\n    <!-- Atributo 68-->\r\n    <table style=\"text-align: justify;  width: 100%; \" align=\"center\">\r\n        <tr><td style =\"width=100%;\"><p>\r\n        ?OBSERVACION_INV?\r\n        </p></td></tr>\r\n    </table>       \r\n    <br>\r\n<!--############################### DOCUMENTOS ANEXOS. -########################################### -->\r\n<!--############################### DOCUMENTOS ANEXOS. -########################################### -->\r\n    <p style=\"text-align: center; font-weight: bold\">DOCUMENTOS ANEXOS.</p>\r\n    <p style=\"text-align: left; \">Documentos que se anexan a la investigación:</p>\r\n    <br>    \r\n    <table style=\"text-align: left;  width: 100%; \" align=\"center\">\r\n        <tr>\r\n            <td style =\"width=50%;\">?POLIZA_DOC?</td>\r\n            <td style =\"width=50%;\">?FACTURA_DOC?</td>\r\n        </tr>\r\n        <tr>\r\n            <td style =\"width=50%;\">?ACTA_MP_DOC?</td>\r\n            <td style =\"width=50%;\">?TENENCIAS?</td>\r\n        </tr>\r\n        <tr>\r\n            <td style =\"width=50%;\">?FOTOGRAFIAS_DOC?</td>\r\n            <td style =\"width=50%;\">?CUEST_ROBO_OTROS_DOC?</td>\r\n        </tr>\r\n    </table>\r\n<!--############################### CONCLUSIONES. -########################################### -->\r\n<!--############################### CONCLUSIONES. -########################################### -->\r\n    <br>\r\n    <br>\r\n    <br>\r\n    <br>\r\n    <p style=\"text-align: center; font-weight: bold\">CONCLUSIONES.</p>\r\n    <br>    \r\n    <table style=\"text-align: left;  width: 100%; border:2\" align=\"center\">\r\n        <tr>\r\n            <td style =\"width=50%;\"><b>Resultado del siniestro:</b></td>\r\n            <td style =\"width=50%;\">?CONCLUCION_CASO?</td>     \r\n        </tr>   \r\n    </table>\r\n    <p style=\"text-align: center; font-weight: bold\">CONSIDERANDO.</p>\r\n    <!-- Atributo 76-->\r\n    <table style=\"text-align: justify;  width: 100%; \" align=\"center\">\r\n        <tr><td style =\"width=100%;\"><p>\r\n        ?OBS_CONCLUSION?\r\n        </p></td></tr>\r\n    </table>     \r\n    <br>\r\n    <br>\r\n    <p>Atentamente.</p>\r\n    <br>\r\n    <br>\r\n    <br>\r\n    <p>Lic. César Quiñones G.<br>\r\n    Director Operativo<br>\r\n    Asesoría Legal Especializada e Investigaciones S.C<br>\r\n    alesi.sc@prodigy.net.mx</p>\r\n\r\n\r\n</page>');



















DELIMITER //
DROP PROCEDURE IF EXISTS p_crea_pdf//
CREATE PROCEDURE p_crea_pdf(IN p_id_caso INT, OUT p_plantilla TEXT) 
BEGIN 

	-- Declaracion de variables 
    DECLARE v_TIPO_CASO VARCHAR(45);
    DECLARE v_PDF_CODIGO, v_VALOR  TEXT;
    DECLARE v_FECHA_PDF, v_REF_INT  VARCHAR(45);
    DECLARE v_ID_CAMPO,v_ETIQUETA, v_TIPO_DATO, v_CATALOGO, v_REEMPLAZO varchar(150) DEFAULT "";
    DECLARE v_NUM_ATRIBUTO , finished INT DEFAULT 0;
    DECLARE cur_ATRIBUTOS
		CURSOR FOR select a.NUM_ATRIBUTO, a.ID_CAMPO, a.ETIQUETA, a.TIPO_DATO, a.CATALOGO, b.VALOR
					from ALESI_TATRICASO a, ALESI_TVALCASO b , ALESI_TCASO C
					where b.ID_CASO = p_id_caso
					AND b.ID_CASO = C.ID_CASO
					AND a.ID_EMPRESA = C.ID_EMPRESA
					and a.NUM_ATRIBUTO = b.NUM_ATRIBUTO
					order by a.NUM_ATRIBUTO;
                    -- LIMIT 7;
	DECLARE CONTINUE HANDLER FOR NOT FOUND SET finished = 1;
    
    -- seteo de valores para Mexico    
    SET lc_time_names = 'es_MX';
    
    -- Variables necesarias
	select  date_format(SYSDATE(),'%d de %M de %Y') INTO v_FECHA_PDF;
    select  lpad(p_id_caso,7,0) INTO v_REF_INT;
    
    
	-- obtencion del  parametro dependiendo el caso a buscar la plantilla
    select TIPO_CASO
    into v_TIPO_CASO
    from ALESI_TCASO 
    WHERE ID_CASO = p_id_caso;
    
    select PDF_CODIGO 
    into v_PDF_CODIGO 
    from ALESI_PDF_PLANTILLAS 
    where ID_PDF = v_TIPO_CASO;
    
    set v_PDF_CODIGO = replace(v_PDF_CODIGO, '?v_FECHA_PDF?',v_FECHA_PDF);   
    set v_PDF_CODIGO = replace(v_PDF_CODIGO, '?v_REF_INT?',v_REF_INT);   
    
    -- tratamiento de datos de acuerdo a la parametria del caso 
    
    -- select 'Hello World';
    
	OPEN cur_ATRIBUTOS; 
    getATRIBUTOS: LOOP
        FETCH cur_ATRIBUTOS INTO v_NUM_ATRIBUTO, v_ID_CAMPO, v_ETIQUETA,  v_TIPO_DATO, v_CATALOGO, v_VALOR;
        IF finished = 1 THEN 
            LEAVE getATRIBUTOS;
        END IF;
        -- Logica
        SET v_REEMPLAZO = '';
        SET v_REEMPLAZO = concat('?',v_ID_CAMPO,'?');
        
        
        
        -- dependiendo el tipo de dato se formatea
        if (v_VALOR is  NULL) or (v_VALOR = '') then
            set v_VALOR = ' ';
		else        
			if !(v_CATALOGO is not NULL) or (v_CATALOGO != '') then
				
                if (v_TIPO_DATO in('C','RC')) and (v_CATALOGO ='CAT_SI_NO')  then
					if v_VALOR = 'N' then
						set v_VALOR = concat('<input type="checkbox" >',v_ETIQUETA);
                    elseif v_VALOR = 'S' then
						set v_VALOR = concat('<input type="checkbox" checked="checked">',v_ETIQUETA);
                    end if;
				elseif (v_TIPO_DATO ='R') and (v_CATALOGO ='CAT_SI_NO')  then
					if v_VALOR = 'N' then
						set v_VALOR = '<input type="checkbox" >SI <input type="checkbox" checked="checked" >NO';
					elseif v_VALOR = 'S' then
						set v_VALOR = '<input type="checkbox" checked="checked" >SI <input type="checkbox"  >NO';
                    end if;
				else
					select DESCIPCION
					into v_VALOR
					from ALESI_NTABLAS 
					where ID_TABLA= (select ID_TABLA from ALESI_TABLAS where COD_TABLA =v_CATALOGO)
					and ID_CODIGO = v_VALOR; 
                end if;
				 
			else
				if v_TIPO_DATO = 'D' then
					set v_VALOR =  date_format(v_VALOR,'%d-%M-%Y');
				
				elseif v_TIPO_DATO ='A' then
					set v_VALOR = v_VALOR;
				elseif v_TIPO_DATO ='T' then
					set v_VALOR = replace(v_VALOR,'\n','<br>');
				end if;   
			end if;
		end if;
        
        
        set v_PDF_CODIGO = replace(v_PDF_CODIGO, v_REEMPLAZO,v_VALOR);
        set v_PDF_CODIGO = replace(v_PDF_CODIGO, '</br>','<br>');
    END LOOP getATRIBUTOS;
    CLOSE cur_ATRIBUTOS;
    
    set p_plantilla = v_PDF_CODIGO;
    
END
//
DELIMITER ;


-- -----------------------------------------
-- Parametria Cardif

-- --BLOQUES

INSERT INTO `ALESI_TABLAS`(`ID_TABLA`, `COD_TABLA`, `DESCIPCION`, `ID_TABL_DEP`, `EDITABLE`) VALUES (16, 'CAT_BLOQUES_C_TDC', 'CATALOGO DE BLOQUES PARA TARJETAS DE CARDIF', NULL, 'N');


-- CATALOGO DE BLOQUES
INSERT INTO `ALESI_NTABLAS`(`ID_TABLA`, `ID_CODIGO`, `DESCIPCION`, `CAMPO_A`, `CAMPO_B`, `CAMPO_C`) VALUES (16, '1', 'DIRIGIDO A', NULL, NULL, NULL);
INSERT INTO `ALESI_NTABLAS`(`ID_TABLA`, `ID_CODIGO`, `DESCIPCION`, `CAMPO_A`, `CAMPO_B`, `CAMPO_C`) VALUES (16, '2', 'DATOS DEL SINIESTRO.', NULL, NULL, NULL);
INSERT INTO `ALESI_NTABLAS`(`ID_TABLA`, `ID_CODIGO`, `DESCIPCION`, `CAMPO_A`, `CAMPO_B`, `CAMPO_C`) VALUES (16, '3', 'MOTIVO DE LA INVESTIGACIÓN..', NULL, NULL, NULL);
INSERT INTO `ALESI_NTABLAS`(`ID_TABLA`, `ID_CODIGO`, `DESCIPCION`, `CAMPO_A`, `CAMPO_B`, `CAMPO_C`) VALUES (16, '4', 'RESULTADO DE LA INVESTIGACIÓN.', NULL, NULL, NULL);
INSERT INTO `ALESI_NTABLAS`(`ID_TABLA`, `ID_CODIGO`, `DESCIPCION`, `CAMPO_A`, `CAMPO_B`, `CAMPO_C`) VALUES (16, '5', 'DECLARACION DEL ASEGURADO VERTIDA A LA ASEGURADORA.', NULL, NULL, NULL);
INSERT INTO `ALESI_NTABLAS`(`ID_TABLA`, `ID_CODIGO`, `DESCIPCION`, `CAMPO_A`, `CAMPO_B`, `CAMPO_C`) VALUES (16, '6', 'ENTREVISTA CON EL ASEGURADO.', NULL, NULL, NULL);
INSERT INTO `ALESI_NTABLAS`(`ID_TABLA`, `ID_CODIGO`, `DESCIPCION`, `CAMPO_A`, `CAMPO_B`, `CAMPO_C`) VALUES (16, '7', 'RECONSTRUCCIÓN E INSPECCION EN LUGAR DE LOS HECHOS.', NULL, NULL, NULL);
INSERT INTO `ALESI_NTABLAS`(`ID_TABLA`, `ID_CODIGO`, `DESCIPCION`, `CAMPO_A`, `CAMPO_B`, `CAMPO_C`) VALUES (16, '8', 'CARPETA DE INVESTIGACIÓN.', NULL, NULL, NULL);
INSERT INTO `ALESI_NTABLAS`(`ID_TABLA`, `ID_CODIGO`, `DESCIPCION`, `CAMPO_A`, `CAMPO_B`, `CAMPO_C`) VALUES (16, '9', 'DOCUMENTOS ANEXOS.', NULL, NULL, NULL);
INSERT INTO `ALESI_NTABLAS`(`ID_TABLA`, `ID_CODIGO`, `DESCIPCION`, `CAMPO_A`, `CAMPO_B`, `CAMPO_C`) VALUES (16, '10', 'CONCLUSIONES.', NULL, NULL, NULL);



INSERT INTO `ALESI_TATRICASO`(`ID_EMPRESA`, `TIPO_CASO`, `BLOQUE`, `ORDEN`, `NUM_ATRIBUTO`, `ID_CAMPO`, `ETIQUETA`, `TIPO_DATO`, `CATALOGO`, `DEFAULT`, `LONGITUD_MIN`, `LONGITUD_MAX`, `EDITABLE`) VALUES ('CARDIF', 'SINIESTRO_TDC_C', 1, 1, 1, 'DIRIGIDO_A', 'DIRIGIDO A', 'A', '', NULL, '1', '45', 'S');
INSERT INTO `ALESI_TATRICASO`(`ID_EMPRESA`, `TIPO_CASO`, `BLOQUE`, `ORDEN`, `NUM_ATRIBUTO`, `ID_CAMPO`, `ETIQUETA`, `TIPO_DATO`, `CATALOGO`, `DEFAULT`, `LONGITUD_MIN`, `LONGITUD_MAX`, `EDITABLE`) VALUES ('CARDIF', 'SINIESTRO_TDC_C', 1, 2, 2, 'CARGO', 'CARGO', 'A', '', NULL, '1', '45', 'S');


INSERT INTO `ALESI_TATRICASO`(`ID_EMPRESA`, `TIPO_CASO`, `BLOQUE`, `ORDEN`, `NUM_ATRIBUTO`, `ID_CAMPO`, `ETIQUETA`, `TIPO_DATO`, `CATALOGO`, `DEFAULT`, `LONGITUD_MIN`, `LONGITUD_MAX`, `EDITABLE`) VALUES ('CARDIF', 'SINIESTRO_TDC_C', 2, 1, 3, 'N_DE_SINIESTRO', 'NUMERO DE SINIESTRO', 'A', '', NULL, '1', '45', 'S');
INSERT INTO `ALESI_TATRICASO`(`ID_EMPRESA`, `TIPO_CASO`, `BLOQUE`, `ORDEN`, `NUM_ATRIBUTO`, `ID_CAMPO`, `ETIQUETA`, `TIPO_DATO`, `CATALOGO`, `DEFAULT`, `LONGITUD_MIN`, `LONGITUD_MAX`, `EDITABLE`) VALUES ('CARDIF', 'SINIESTRO_TDC_C', 2, 2, 4, 'F_DE_SINIESTRO', 'FECHA DEL SINIESTRO', 'D', '', NULL, NULL, '', 'S');
INSERT INTO `ALESI_TATRICASO`(`ID_EMPRESA`, `TIPO_CASO`, `BLOQUE`, `ORDEN`, `NUM_ATRIBUTO`, `ID_CAMPO`, `ETIQUETA`, `TIPO_DATO`, `CATALOGO`, `DEFAULT`, `LONGITUD_MIN`, `LONGITUD_MAX`, `EDITABLE`) VALUES ('CARDIF', 'SINIESTRO_TDC_C', 2, 3, 5, 'F_DE_REPORTE', 'FECHA DEL REPORTE', 'D', '', NULL, NULL, '', 'S');
INSERT INTO `ALESI_TATRICASO`(`ID_EMPRESA`, `TIPO_CASO`, `BLOQUE`, `ORDEN`, `NUM_ATRIBUTO`, `ID_CAMPO`, `ETIQUETA`, `TIPO_DATO`, `CATALOGO`, `DEFAULT`, `LONGITUD_MIN`, `LONGITUD_MAX`, `EDITABLE`) VALUES ('CARDIF', 'SINIESTRO_TDC_C', 2, 4, 6, 'COBERTURA', 'COBERTURA', 'A', 'CAT_COBERT', NULL, '1', '45', 'S');
INSERT INTO `ALESI_TATRICASO`(`ID_EMPRESA`, `TIPO_CASO`, `BLOQUE`, `ORDEN`, `NUM_ATRIBUTO`, `ID_CAMPO`, `ETIQUETA`, `TIPO_DATO`, `CATALOGO`, `DEFAULT`, `LONGITUD_MIN`, `LONGITUD_MAX`, `EDITABLE`) VALUES ('CARDIF', 'SINIESTRO_TDC_C', 2, 5, 7, 'NOM_ASEGURADO', 'NOMBRE DEL ASEGURADO', 'A', '', NULL, '1', '45', 'S');
INSERT INTO `ALESI_TATRICASO`(`ID_EMPRESA`, `TIPO_CASO`, `BLOQUE`, `ORDEN`, `NUM_ATRIBUTO`, `ID_CAMPO`, `ETIQUETA`, `TIPO_DATO`, `CATALOGO`, `DEFAULT`, `LONGITUD_MIN`, `LONGITUD_MAX`, `EDITABLE`) VALUES ('CARDIF', 'SINIESTRO_TDC_C', 2, 6, 8, 'NOM_RECLAMANTE', 'NOMBRE DEL RECLAMANTE', 'A', '', NULL, '1', '45', 'S');
INSERT INTO `ALESI_TATRICASO`(`ID_EMPRESA`, `TIPO_CASO`, `BLOQUE`, `ORDEN`, `NUM_ATRIBUTO`, `ID_CAMPO`, `ETIQUETA`, `TIPO_DATO`, `CATALOGO`, `DEFAULT`, `LONGITUD_MIN`, `LONGITUD_MAX`, `EDITABLE`) VALUES ('CARDIF', 'SINIESTRO_TDC_C', 2, 7, 9, 'CON_VIOLENCIA', 'ROBO CON VIOLENCIA', 'RC', 'CAT_SI_NO', 'N', '1', '1', 'S');
INSERT INTO `ALESI_TATRICASO`(`ID_EMPRESA`, `TIPO_CASO`, `BLOQUE`, `ORDEN`, `NUM_ATRIBUTO`, `ID_CAMPO`, `ETIQUETA`, `TIPO_DATO`, `CATALOGO`, `DEFAULT`, `LONGITUD_MIN`, `LONGITUD_MAX`, `EDITABLE`) VALUES ('CARDIF', 'SINIESTRO_TDC_C', 2, 8, 10, 'USO_TDC', 'USO DE TARJETA', 'RC', 'CAT_SI_NO', 'N', '1', '1', 'S');
INSERT INTO `ALESI_TATRICASO`(`ID_EMPRESA`, `TIPO_CASO`, `BLOQUE`, `ORDEN`, `NUM_ATRIBUTO`, `ID_CAMPO`, `ETIQUETA`, `TIPO_DATO`, `CATALOGO`, `DEFAULT`, `LONGITUD_MIN`, `LONGITUD_MAX`, `EDITABLE`) VALUES ('CARDIF', 'SINIESTRO_TDC_C', 2, 9, 11, 'EFECTIVO', 'EFECTIVO', 'RC', 'CAT_SI_NO', 'N', '1', '1', 'S');
INSERT INTO `ALESI_TATRICASO`(`ID_EMPRESA`, `TIPO_CASO`, `BLOQUE`, `ORDEN`, `NUM_ATRIBUTO`, `ID_CAMPO`, `ETIQUETA`, `TIPO_DATO`, `CATALOGO`, `DEFAULT`, `LONGITUD_MIN`, `LONGITUD_MAX`, `EDITABLE`) VALUES ('CARDIF', 'SINIESTRO_TDC_C', 2, 10, 12, 'COMPRA_PROTEGIDA', 'COMPRA PROTEGIDA', 'RC', 'CAT_SI_NO', 'N', '1', '1', 'S');


INSERT INTO `ALESI_TATRICASO`(`ID_EMPRESA`, `TIPO_CASO`, `BLOQUE`, `ORDEN`, `NUM_ATRIBUTO`, `ID_CAMPO`, `ETIQUETA`, `TIPO_DATO`, `CATALOGO`, `DEFAULT`, `LONGITUD_MIN`, `LONGITUD_MAX`, `EDITABLE`) VALUES ('CARDIF', 'SINIESTRO_TDC_C', 3, 1, 13, 'SINI_TREINTA_DIAS', 'SINIESTRO OCURRIDO DENTRO DE LOS 30 DIAS DE INICIO DE VIGENCIA', 'RC', 'CAT_SI_NO', 'N', '1', '1', 'S');
INSERT INTO `ALESI_TATRICASO`(`ID_EMPRESA`, `TIPO_CASO`, `BLOQUE`, `ORDEN`, `NUM_ATRIBUTO`, `ID_CAMPO`, `ETIQUETA`, `TIPO_DATO`, `CATALOGO`, `DEFAULT`, `LONGITUD_MIN`, `LONGITUD_MAX`, `EDITABLE`) VALUES ('CARDIF', 'SINIESTRO_TDC_C', 3, 2, 14, 'SUMA_ASEGURADA', 'SUMA ASEGURADA', 'RC', 'CAT_SI_NO', 'N', '1', '1', 'S');
INSERT INTO `ALESI_TATRICASO`(`ID_EMPRESA`, `TIPO_CASO`, `BLOQUE`, `ORDEN`, `NUM_ATRIBUTO`, `ID_CAMPO`, `ETIQUETA`, `TIPO_DATO`, `CATALOGO`, `DEFAULT`, `LONGITUD_MIN`, `LONGITUD_MAX`, `EDITABLE`) VALUES ('CARDIF', 'SINIESTRO_TDC_C', 3, 3, 15, 'REECONSTRUCCION_HECHOS', 'RECONSTRUCCION DE LOS HECHOS', 'RC', 'CAT_SI_NO', 'N', '1', '1', 'S');
INSERT INTO `ALESI_TATRICASO`(`ID_EMPRESA`, `TIPO_CASO`, `BLOQUE`, `ORDEN`, `NUM_ATRIBUTO`, `ID_CAMPO`, `ETIQUETA`, `TIPO_DATO`, `CATALOGO`, `DEFAULT`, `LONGITUD_MIN`, `LONGITUD_MAX`, `EDITABLE`) VALUES ('CARDIF', 'SINIESTRO_TDC_C', 3, 4, 16, 'FALSEDAD_DECALRACION', 'FALCEDAD DE DECLARACIONES', 'RC', 'CAT_SI_NO', 'N', '1', '1', 'S');
INSERT INTO `ALESI_TATRICASO`(`ID_EMPRESA`, `TIPO_CASO`, `BLOQUE`, `ORDEN`, `NUM_ATRIBUTO`, `ID_CAMPO`, `ETIQUETA`, `TIPO_DATO`, `CATALOGO`, `DEFAULT`, `LONGITUD_MIN`, `LONGITUD_MAX`, `EDITABLE`) VALUES ('CARDIF', 'SINIESTRO_TDC_C', 3, 5, 17, 'DOC_APOCRIFOS', 'POSIBLES DOCUMENTOS APOCRIFOS', 'RC', 'CAT_SI_NO', 'N', '1', '1', 'S');
INSERT INTO `ALESI_TATRICASO`(`ID_EMPRESA`, `TIPO_CASO`, `BLOQUE`, `ORDEN`, `NUM_ATRIBUTO`, `ID_CAMPO`, `ETIQUETA`, `TIPO_DATO`, `CATALOGO`, `DEFAULT`, `LONGITUD_MIN`, `LONGITUD_MAX`, `EDITABLE`) VALUES ('CARDIF', 'SINIESTRO_TDC_C', 3, 6, 18, 'OTROS', 'OTROS', 'RC', 'CAT_SI_NO', 'N', '1', '1', 'S');


INSERT INTO `ALESI_TATRICASO`(`ID_EMPRESA`, `TIPO_CASO`, `BLOQUE`, `ORDEN`, `NUM_ATRIBUTO`, `ID_CAMPO`, `ETIQUETA`, `TIPO_DATO`, `CATALOGO`, `DEFAULT`, `LONGITUD_MIN`, `LONGITUD_MAX`, `EDITABLE`) VALUES ('CARDIF', 'SINIESTRO_TDC_C', 4, 1, 19, 'RESULT_INVEST', 'EL SINIESTRO ES', 'R', 'CAT_REST_INV', NULL, '1', '1', 'S');



INSERT INTO `ALESI_TATRICASO`(`ID_EMPRESA`, `TIPO_CASO`, `BLOQUE`, `ORDEN`, `NUM_ATRIBUTO`, `ID_CAMPO`, `ETIQUETA`, `TIPO_DATO`, `CATALOGO`, `DEFAULT`, `LONGITUD_MIN`, `LONGITUD_MAX`, `EDITABLE`) VALUES ('CARDIF', 'SINIESTRO_TDC_C', 5, 1, 20, 'DECLA_INI', 'DECLARACION INICIAL', 'T', '', NULL, '1', '20000', 'S');


INSERT INTO `ALESI_TATRICASO`(`ID_EMPRESA`, `TIPO_CASO`, `BLOQUE`, `ORDEN`, `NUM_ATRIBUTO`, `ID_CAMPO`, `ETIQUETA`, `TIPO_DATO`, `CATALOGO`, `DEFAULT`, `LONGITUD_MIN`, `LONGITUD_MAX`, `EDITABLE`) VALUES ('CARDIF', 'SINIESTRO_TDC_C', 6, 1, 21, 'DESA_ENTREVISTA', 'DESARROLLO DE LA ENTREVISTA', 'T', '', NULL, '1', '20000', 'S');


INSERT INTO `ALESI_TATRICASO`(`ID_EMPRESA`, `TIPO_CASO`, `BLOQUE`, `ORDEN`, `NUM_ATRIBUTO`, `ID_CAMPO`, `ETIQUETA`, `TIPO_DATO`, `CATALOGO`, `DEFAULT`, `LONGITUD_MIN`, `LONGITUD_MAX`, `EDITABLE`) VALUES ('CARDIF', 'SINIESTRO_TDC_C', 7, 1, 22, 'LUGAR_VISITADO', 'LUGAR VISITADO', 'R', 'CAT_SI_NO', 'S', '1', '1', 'S');
INSERT INTO `ALESI_TATRICASO`(`ID_EMPRESA`, `TIPO_CASO`, `BLOQUE`, `ORDEN`, `NUM_ATRIBUTO`, `ID_CAMPO`, `ETIQUETA`, `TIPO_DATO`, `CATALOGO`, `DEFAULT`, `LONGITUD_MIN`, `LONGITUD_MAX`, `EDITABLE`) VALUES ('CARDIF', 'SINIESTRO_TDC_C', 7, 2, 23, 'UBICACION', 'UBICACION', 'A', '', NULL, '1', '250', 'S');
INSERT INTO `ALESI_TATRICASO`(`ID_EMPRESA`, `TIPO_CASO`, `BLOQUE`, `ORDEN`, `NUM_ATRIBUTO`, `ID_CAMPO`, `ETIQUETA`, `TIPO_DATO`, `CATALOGO`, `DEFAULT`, `LONGITUD_MIN`, `LONGITUD_MAX`, `EDITABLE`) VALUES ('CARDIF', 'SINIESTRO_TDC_C', 7, 3, 24, 'OBSERVACIONES', 'OBSERVACIONES', 'T', '', NULL, '1', '20000', 'S');




INSERT INTO `ALESI_TATRICASO`(`ID_EMPRESA`, `TIPO_CASO`, `BLOQUE`, `ORDEN`, `NUM_ATRIBUTO`, `ID_CAMPO`, `ETIQUETA`, `TIPO_DATO`, `CATALOGO`, `DEFAULT`, `LONGITUD_MIN`, `LONGITUD_MAX`, `EDITABLE`) VALUES ('CARDIF', 'SINIESTRO_TDC_C', 8, 1, 25, 'DENUNCIA_MP', 'DENUNCIA ANTE EL MINISTERIO PUBLICO', 'R', 'CAT_SI_NO', 'S', '1', '1', 'S');
INSERT INTO `ALESI_TATRICASO`(`ID_EMPRESA`, `TIPO_CASO`, `BLOQUE`, `ORDEN`, `NUM_ATRIBUTO`, `ID_CAMPO`, `ETIQUETA`, `TIPO_DATO`, `CATALOGO`, `DEFAULT`, `LONGITUD_MIN`, `LONGITUD_MAX`, `EDITABLE`) VALUES ('CARDIF', 'SINIESTRO_TDC_C', 8, 2, 26, 'MUNICIPIO', 'ALCALDIA O MONICIPIO', 'A', 'CAT_MUNICIPIO', NULL, '1', '150', 'S');
INSERT INTO `ALESI_TATRICASO`(`ID_EMPRESA`, `TIPO_CASO`, `BLOQUE`, `ORDEN`, `NUM_ATRIBUTO`, `ID_CAMPO`, `ETIQUETA`, `TIPO_DATO`, `CATALOGO`, `DEFAULT`, `LONGITUD_MIN`, `LONGITUD_MAX`, `EDITABLE`) VALUES ('CARDIF', 'SINIESTRO_TDC_C', 8, 3, 27, 'CARPETA', 'CARPETA', 'A', '', NULL, '1', '150', 'S');
INSERT INTO `ALESI_TATRICASO`(`ID_EMPRESA`, `TIPO_CASO`, `BLOQUE`, `ORDEN`, `NUM_ATRIBUTO`, `ID_CAMPO`, `ETIQUETA`, `TIPO_DATO`, `CATALOGO`, `DEFAULT`, `LONGITUD_MIN`, `LONGITUD_MAX`, `EDITABLE`) VALUES ('CARDIF', 'SINIESTRO_TDC_C', 8, 4, 28, 'F_INV', 'FECHA', 'D', '', NULL, '', NULL, 'S');
INSERT INTO `ALESI_TATRICASO`(`ID_EMPRESA`, `TIPO_CASO`, `BLOQUE`, `ORDEN`, `NUM_ATRIBUTO`, `ID_CAMPO`, `ETIQUETA`, `TIPO_DATO`, `CATALOGO`, `DEFAULT`, `LONGITUD_MIN`, `LONGITUD_MAX`, `EDITABLE`) VALUES ('CARDIF', 'SINIESTRO_TDC_C', 8, 5, 29, 'HORA_INV', 'HORA', 'A', '', NULL, NULL, NULL, 'S');
INSERT INTO `ALESI_TATRICASO`(`ID_EMPRESA`, `TIPO_CASO`, `BLOQUE`, `ORDEN`, `NUM_ATRIBUTO`, `ID_CAMPO`, `ETIQUETA`, `TIPO_DATO`, `CATALOGO`, `DEFAULT`, `LONGITUD_MIN`, `LONGITUD_MAX`, `EDITABLE`) VALUES ('CARDIF', 'SINIESTRO_TDC_C', 8, 6, 30, 'CARP_REG', 'REGISTRADA', 'R', 'CAT_SI_NO', 'N', '1', '1', 'S');
INSERT INTO `ALESI_TATRICASO`(`ID_EMPRESA`, `TIPO_CASO`, `BLOQUE`, `ORDEN`, `NUM_ATRIBUTO`, `ID_CAMPO`, `ETIQUETA`, `TIPO_DATO`, `CATALOGO`, `DEFAULT`, `LONGITUD_MIN`, `LONGITUD_MAX`, `EDITABLE`) VALUES ('CARDIF', 'SINIESTRO_TDC_C', 8, 7, 31, 'CARP_RELA', 'CARPETA RELACIONADA', 'R', 'CAT_SI_NO', 'N', '1', '1', 'S');
INSERT INTO `ALESI_TATRICASO`(`ID_EMPRESA`, `TIPO_CASO`, `BLOQUE`, `ORDEN`, `NUM_ATRIBUTO`, `ID_CAMPO`, `ETIQUETA`, `TIPO_DATO`, `CATALOGO`, `DEFAULT`, `LONGITUD_MIN`, `LONGITUD_MAX`, `EDITABLE`) VALUES ('CARDIF', 'SINIESTRO_TDC_C', 8, 8, 32, 'CARP_REL', 'CARPETA', 'A', '', NULL, '1', '150', 'S');
INSERT INTO `ALESI_TATRICASO`(`ID_EMPRESA`, `TIPO_CASO`, `BLOQUE`, `ORDEN`, `NUM_ATRIBUTO`, `ID_CAMPO`, `ETIQUETA`, `TIPO_DATO`, `CATALOGO`, `DEFAULT`, `LONGITUD_MIN`, `LONGITUD_MAX`, `EDITABLE`) VALUES ('CARDIF', 'SINIESTRO_TDC_C', 8, 9, 33, 'CARP_MOTIVO', 'MOTIVO DE LA CARPETA RELACIONADA', 'A', '', NULL, '1', '150', 'S');
INSERT INTO `ALESI_TATRICASO`(`ID_EMPRESA`, `TIPO_CASO`, `BLOQUE`, `ORDEN`, `NUM_ATRIBUTO`, `ID_CAMPO`, `ETIQUETA`, `TIPO_DATO`, `CATALOGO`, `DEFAULT`, `LONGITUD_MIN`, `LONGITUD_MAX`, `EDITABLE`) VALUES ('CARDIF', 'SINIESTRO_TDC_C', 8, 10, 34, 'OBSERVACION_INV', 'OBSERVACIONES', 'T', '', NULL, '1', '150', 'S');


INSERT INTO `ALESI_TATRICASO`(`ID_EMPRESA`, `TIPO_CASO`, `BLOQUE`, `ORDEN`, `NUM_ATRIBUTO`, `ID_CAMPO`, `ETIQUETA`, `TIPO_DATO`, `CATALOGO`, `DEFAULT`, `LONGITUD_MIN`, `LONGITUD_MAX`, `EDITABLE`) VALUES ('CARDIF', 'SINIESTRO_TDC_C', 9, 1, 35, 'POLIZA_DOC', 'POLIZA', 'RC', 'CAT_SI_NO', 'N', '1', '1', 'S');
INSERT INTO `ALESI_TATRICASO`(`ID_EMPRESA`, `TIPO_CASO`, `BLOQUE`, `ORDEN`, `NUM_ATRIBUTO`, `ID_CAMPO`, `ETIQUETA`, `TIPO_DATO`, `CATALOGO`, `DEFAULT`, `LONGITUD_MIN`, `LONGITUD_MAX`, `EDITABLE`) VALUES ('CARDIF', 'SINIESTRO_TDC_C', 9, 2, 36, 'ACTA_MP_DOC', 'ACTAS', 'RC', 'CAT_SI_NO', 'N', '1', '1', 'S');
INSERT INTO `ALESI_TATRICASO`(`ID_EMPRESA`, `TIPO_CASO`, `BLOQUE`, `ORDEN`, `NUM_ATRIBUTO`, `ID_CAMPO`, `ETIQUETA`, `TIPO_DATO`, `CATALOGO`, `DEFAULT`, `LONGITUD_MIN`, `LONGITUD_MAX`, `EDITABLE`) VALUES ('CARDIF', 'SINIESTRO_TDC_C', 9, 3, 37, 'FOTOGRAFIAS_DOC', 'FOTOGRAFIAS', 'RC', 'CAT_SI_NO', 'N', '1', '1', 'S');
INSERT INTO `ALESI_TATRICASO`(`ID_EMPRESA`, `TIPO_CASO`, `BLOQUE`, `ORDEN`, `NUM_ATRIBUTO`, `ID_CAMPO`, `ETIQUETA`, `TIPO_DATO`, `CATALOGO`, `DEFAULT`, `LONGITUD_MIN`, `LONGITUD_MAX`, `EDITABLE`) VALUES ('CARDIF', 'SINIESTRO_TDC_C', 9, 4, 38, 'CUEST_ROBO_OTROS_DOC', 'OTROS', 'RC', 'CAT_SI_NO', 'N', '1', '1', 'S');


INSERT INTO `ALESI_TATRICASO`(`ID_EMPRESA`, `TIPO_CASO`, `BLOQUE`, `ORDEN`, `NUM_ATRIBUTO`, `ID_CAMPO`, `ETIQUETA`, `TIPO_DATO`, `CATALOGO`, `DEFAULT`, `LONGITUD_MIN`, `LONGITUD_MAX`, `EDITABLE`) VALUES ('CARDIF', 'SINIESTRO_TDC_C', 10, 1, 39, 'CONCLUCION_CASO', 'RESULTADO DEL SINIESTRO', 'R', 'CAT_CONCLUSION', 'R', '1', '1', 'S');
INSERT INTO `ALESI_TATRICASO`(`ID_EMPRESA`, `TIPO_CASO`, `BLOQUE`, `ORDEN`, `NUM_ATRIBUTO`, `ID_CAMPO`, `ETIQUETA`, `TIPO_DATO`, `CATALOGO`, `DEFAULT`, `LONGITUD_MIN`, `LONGITUD_MAX`, `EDITABLE`) VALUES ('CARDIF', 'SINIESTRO_TDC_C', 10, 2, 40, 'OBS_CONCLUSION', 'OBSERVACIONES', 'T', NULL, NULL, '1', '20000', 'S');



-- ----- caso de prueba cardif
/*
INSERT INTO `ALESI_TCASO` (`ID_CASO`,`ID_EMPRESA`,`TIPO_CASO`,`F_ALTA`,`F_ESTATUS`,`F_CIERRE`,`STATUS`,`ID_USUARIO_ALTA`,`ID_USUARIO_ASIGNADO`,`ID_USUARIO_ULTIMA_ACT`) VALUES (3,'CARDIF','SINIESTRO_TDC_C','2018-11-03','2018-11-03','2018-11-03','EN_CURSO','JECHUS','JECHUS','JECHUS');


INSERT INTO `ALESI_TVALCASO`(`ID_CASO`, `NUM_ATRIBUTO`, `VALOR`) VALUES (3, 1, 'Don Manuelito');
INSERT INTO `ALESI_TVALCASO`(`ID_CASO`, `NUM_ATRIBUTO`, `VALOR`) VALUES (3, 2, 'Presidente');
INSERT INTO `ALESI_TVALCASO`(`ID_CASO`, `NUM_ATRIBUTO`, `VALOR`) VALUES (3, 3, '1-2011-109');
INSERT INTO `ALESI_TVALCASO`(`ID_CASO`, `NUM_ATRIBUTO`, `VALOR`) VALUES (3, 4, '2019-11-23');
INSERT INTO `ALESI_TVALCASO`(`ID_CASO`, `NUM_ATRIBUTO`, `VALOR`) VALUES (3, 5, '2019-11-23');
INSERT INTO `ALESI_TVALCASO`(`ID_CASO`, `NUM_ATRIBUTO`, `VALOR`) VALUES (3, 6, 'A');
INSERT INTO `ALESI_TVALCASO`(`ID_CASO`, `NUM_ATRIBUTO`, `VALOR`) VALUES (3, 7, 'Octavio Flores');
INSERT INTO `ALESI_TVALCASO`(`ID_CASO`, `NUM_ATRIBUTO`, `VALOR`) VALUES (3, 8, 'Octavio Flores');
INSERT INTO `ALESI_TVALCASO`(`ID_CASO`, `NUM_ATRIBUTO`, `VALOR`) VALUES (3, 9, 'S');
INSERT INTO `ALESI_TVALCASO`(`ID_CASO`, `NUM_ATRIBUTO`, `VALOR`) VALUES (3, 10, 'S');
INSERT INTO `ALESI_TVALCASO`(`ID_CASO`, `NUM_ATRIBUTO`, `VALOR`) VALUES (3, 11, 'S');
INSERT INTO `ALESI_TVALCASO`(`ID_CASO`, `NUM_ATRIBUTO`, `VALOR`) VALUES (3, 12, 'S');
INSERT INTO `ALESI_TVALCASO`(`ID_CASO`, `NUM_ATRIBUTO`, `VALOR`) VALUES (3, 13, 'S');
INSERT INTO `ALESI_TVALCASO`(`ID_CASO`, `NUM_ATRIBUTO`, `VALOR`) VALUES (3, 14, 'N');
INSERT INTO `ALESI_TVALCASO`(`ID_CASO`, `NUM_ATRIBUTO`, `VALOR`) VALUES (3, 15, 'S');
INSERT INTO `ALESI_TVALCASO`(`ID_CASO`, `NUM_ATRIBUTO`, `VALOR`) VALUES (3, 16, 'N');
INSERT INTO `ALESI_TVALCASO`(`ID_CASO`, `NUM_ATRIBUTO`, `VALOR`) VALUES (3, 17, 'N');
INSERT INTO `ALESI_TVALCASO`(`ID_CASO`, `NUM_ATRIBUTO`, `VALOR`) VALUES (3, 18, 'N');
INSERT INTO `ALESI_TVALCASO`(`ID_CASO`, `NUM_ATRIBUTO`, `VALOR`) VALUES (3, 19, 'R');
INSERT INTO `ALESI_TVALCASO`(`ID_CASO`, `NUM_ATRIBUTO`, `VALOR`) VALUES (3, 20, 'MUCHO TEXTO AQUI');
INSERT INTO `ALESI_TVALCASO`(`ID_CASO`, `NUM_ATRIBUTO`, `VALOR`) VALUES (3, 21, 'mas texto aqui');
INSERT INTO `ALESI_TVALCASO`(`ID_CASO`, `NUM_ATRIBUTO`, `VALOR`) VALUES (3, 22, 'S');
INSERT INTO `ALESI_TVALCASO`(`ID_CASO`, `NUM_ATRIBUTO`, `VALOR`) VALUES (3, 23, 'EN ALGUN LUGAR');
INSERT INTO `ALESI_TVALCASO`(`ID_CASO`, `NUM_ATRIBUTO`, `VALOR`) VALUES (3, 24, 'MUCHO TEXTO AQUI');
INSERT INTO `ALESI_TVALCASO`(`ID_CASO`, `NUM_ATRIBUTO`, `VALOR`) VALUES (3, 25, 'N');
INSERT INTO `ALESI_TVALCASO`(`ID_CASO`, `NUM_ATRIBUTO`, `VALOR`) VALUES (3, 26, NULL);
INSERT INTO `ALESI_TVALCASO`(`ID_CASO`, `NUM_ATRIBUTO`, `VALOR`) VALUES (3, 27, NULL);
INSERT INTO `ALESI_TVALCASO`(`ID_CASO`, `NUM_ATRIBUTO`, `VALOR`) VALUES (3, 28, NULL);
INSERT INTO `ALESI_TVALCASO`(`ID_CASO`, `NUM_ATRIBUTO`, `VALOR`) VALUES (3, 29, NULL);
INSERT INTO `ALESI_TVALCASO`(`ID_CASO`, `NUM_ATRIBUTO`, `VALOR`) VALUES (3, 30, NULL);
INSERT INTO `ALESI_TVALCASO`(`ID_CASO`, `NUM_ATRIBUTO`, `VALOR`) VALUES (3, 31, NULL);
INSERT INTO `ALESI_TVALCASO`(`ID_CASO`, `NUM_ATRIBUTO`, `VALOR`) VALUES (3, 32, '');
INSERT INTO `ALESI_TVALCASO`(`ID_CASO`, `NUM_ATRIBUTO`, `VALOR`) VALUES (3, 33, NULL);
INSERT INTO `ALESI_TVALCASO`(`ID_CASO`, `NUM_ATRIBUTO`, `VALOR`) VALUES (3, 34, NULL);
INSERT INTO `ALESI_TVALCASO`(`ID_CASO`, `NUM_ATRIBUTO`, `VALOR`) VALUES (3, 35, 'S');
INSERT INTO `ALESI_TVALCASO`(`ID_CASO`, `NUM_ATRIBUTO`, `VALOR`) VALUES (3, 36, 'S');
INSERT INTO `ALESI_TVALCASO`(`ID_CASO`, `NUM_ATRIBUTO`, `VALOR`) VALUES (3, 37, 'S');
INSERT INTO `ALESI_TVALCASO`(`ID_CASO`, `NUM_ATRIBUTO`, `VALOR`) VALUES (3, 38, 'N');
INSERT INTO `ALESI_TVALCASO`(`ID_CASO`, `NUM_ATRIBUTO`, `VALOR`) VALUES (3, 39, 'P');
INSERT INTO `ALESI_TVALCASO`(`ID_CASO`, `NUM_ATRIBUTO`, `VALOR`) VALUES (3, 40, 'MUCHO TEXTO');

*/
COMMIT;



-- ===============================================================================================================================
delimiter $$
drop procedure if exists p_insert_tvalocaso$$
create procedure p_insert_tvalocaso(  p_Operador VARCHAR(20),  p_id_casoP int,p_id_empresa VARCHAR(200), p_tipo_caso VARCHAR(200), p_id_usuario VARCHAR(200), json_in JSON, OUT P_MESSAGE VARCHAR(100))
BEGIN 
DECLARE finished, v_NUM_ATRIBUTO, p_id_caso INTEGER DEFAULT 0; 
DECLARE i INTEGER DEFAULT 0;
DECLARE usages,v_ID_CAMPO,v_ETIQUETA, v_TIPO_DATO, v_CATALOGO, v_REEMPLAZO VARCHAR(4000);
DECLARE v_PDF_CODIGO, v_VALOR , v_VALOR_JSON  TEXT;
DECLARE v_F_ALTA, v_F_FIN DATE;


DECLARE curParametria
   CURSOR FOR
       select a.NUM_ATRIBUTO, a.ID_CAMPO, a.ETIQUETA, a.TIPO_DATO, a.CATALOGO
			from ALESI_TATRICASO a,  ALESI_TCASO C
			where C.ID_CASO =  p_id_caso
			AND a.ID_EMPRESA = C.ID_EMPRESA
			order by a.NUM_ATRIBUTO;

-- START TRANSACTION;

DECLARE CONTINUE HANDLER 
    FOR NOT FOUND SET finished = 1;
	

	if p_Operador = 'I' then

	 -- insert a tcaso
	 set v_F_ALTA = date_format(SYSDATE(),'%Y-%m-%d');
	 set v_F_FIN =   DATE_ADD(date_format(SYSDATE(),'%Y-%m-%d'),INTERVAL 5 DAY) ;

	INSERT INTO ALESI_TCASO(`ID_CASO`, `ID_EMPRESA`, `TIPO_CASO`, `F_ALTA`, `F_ESTATUS`, `F_CIERRE`, `STATUS`, `ID_USUARIO_ALTA`, `ID_USUARIO_ASIGNADO`, `ID_USUARIO_ULTIMA_ACT`) 
	VALUES (null, p_id_empresa, p_tipo_caso, v_F_ALTA, v_F_ALTA, v_F_FIN, 'EN_CURSO', p_id_usuario, p_id_usuario, p_id_usuario);


	set p_id_caso =  last_insert_id();
	else
	set p_id_caso =p_id_casoP;

	end if;
	
	delete from ALESI_TVALCASO where ID_CASO =p_id_caso;
	commit;


OPEN curParametria;

	getCampos: LOOP
	
			FETCH curParametria INTO  v_NUM_ATRIBUTO, v_ID_CAMPO, v_ETIQUETA,  v_TIPO_DATO, v_CATALOGO;
			IF finished = 1 THEN 
					LEAVE getCampos;
			END IF;
			
			-- WHILE i < JSON_LENGTH(json_in) DO
				-- set v_valor_int = JSON_LENGTH(json_in) ; '$.county'
				
				 SET v_VALOR_JSON =  JSON_EXTRACT(json_in,CONCAT('$.',v_ID_CAMPO));
				 
				 SET v_VALOR_JSON = SUBSTRING(v_VALOR_JSON,2,LENGTH(v_VALOR_JSON)-2);
				 -- select SUBSTRING('"Cosa"',2,LENGTH('"Cosa"')-2) valor ;
				 if v_VALOR_JSON is null or v_VALOR_JSON = '' then
					set v_VALOR_JSON  = '';
				 end if;
				-- select * from alesi_tvalcaso.VALOR
				insert into ALESI_TVALCASO (ID_CASO,NUM_ATRIBUTO,VALOR) values (p_id_caso,v_NUM_ATRIBUTO,v_VALOR_JSON );
				-- SET i = i + 1;
			
			-- END WHILE;
    
		  -- SET i = 0;
						
	END LOOP getCampos;		
CLOSE curParametria;	

COMMIT;

SET P_MESSAGE = '1';

END $$
delimiter ;
-- ===============================================================================================================================

INSERT INTO ALESI_PDF_PLANTILLAS(`ID_PDF`, `PDF_DESCRIPCION`, `PDF_CODIGO`) VALUES ('SINIESTRO_TDC_C', 'PLANTILLA PARA SINEISTROS TDC CARDIF', '<style type=\"text/css\">\r\n<!--\r\ndiv.zone\r\n{\r\n    border: solid 2mm #66AACC;\r\n    border-radius: 3mm;\r\n    padding: 1mm;\r\n    background-color: #FFEEEE;\r\n    color: #440000;\r\n}\r\ndiv.zone_over\r\n{\r\n    width: 30mm;\r\n    height: 35mm;\r\n    overflow: hidden;\r\n}\r\n\r\n\r\ntable.page_header {width: 100%; border: none; background-color: #00AEEA; border-bottom: solid 1mm #0B6E9C; padding: 2mm }\r\ntable.page_footer {width: 100%; border: none;   padding: 2mm}\r\nh1 {color: #000033}\r\nh2 {color: #000055}\r\nh3 {color: #000077}\r\n\r\ndiv.standard\r\n{\r\n    padding-left: 5mm;\r\n}\r\n\r\ntable.siniestro {\r\n   width: 100%;\r\n   border: 1px solid #000;\r\n}\r\n\r\n\r\n-->\r\n</style>\r\n<page style=\"font-size: 10pt\">\r\n\r\n    <page_footer>\r\n        <table class=\"page_footer\">\r\n            <tr>\r\n                <td style=\"width: 100%; text-align: right; \">\r\n                    pagina [[page_cu]]/[[page_nb]]\r\n                </td>\r\n            </tr>\r\n        </table>\r\n    </page_footer>\r\n    \r\n    <table class=\"page_header\">\r\n            <tr>\r\n                <td style=\"width: 100%; text-align: left; font-size: 18pt;font-weight: bold; color:#FFFFFF\">\r\n                    ALESI\r\n                </td>\r\n            </tr>\r\n        </table>\r\n    <br>\r\n    <p style=\"text-align: right; font-weight: bold\">Ciudad de México a ?v_FECHA_PDF?</p>\r\n    <p style=\"text-align: right; font-weight: bold\">Ref. Int ?v_REF_INT?</p><br>\r\n    <br>\r\n    <b>Cardif México Seguros Generales S.A. de C.V </b><br>\r\n    <b>?DIRIGIDO_A?</b><br>\r\n    <b>?CARGO?</b><br>\r\n    <b>Presente.</b><br>\r\n    <p style=\"text-align: right; font-weight: bold\">Asunto: Informe de Investigación de Siniestro</p><br>\r\n    <p style=\"text-align: justify\"> \r\n        &nbsp;&nbsp;&nbsp;&nbsp; Estimado ?DIRIGIDO_A?: En relación al siniestro citado anteriormente, \r\n        mismo que nos encomendó hacer un análisis, e investigación del hecho ocurrido, y de acuerdo a las diferentes técnicas y métodos de investigación \r\n        empleados le proporciono el siguiente informe detallado\r\n    </p>\r\n    <!--DATOS DEL SINIESTRO. -########################################### -->\r\n    <p style=\"text-align: center; font-weight: bold\">DATOS DEL SINIESTRO</p><br>\r\n    <table >\r\n        <tbody >\r\n            <tr>\r\n                <th>No. de Siniestro</th>\r\n                <th></th>\r\n                <th>Fecha del Siniestro</th>\r\n                <th></th>\r\n                <th>Fecha del Reporte</th>\r\n                \r\n            </tr>\r\n            <tr >\r\n                <td>?N_DE_SINIESTRO?</td>\r\n                <th></th>\r\n                <td>?F_DE_SINIESTRO?</td>\r\n                <th></th>\r\n                <td>?F_DE_REPORTE?</td>            \r\n            </tr>\r\n        </tbody>\r\n            <tr style=\"vertical-align: top\">\r\n                <td>Coberturas</td>\r\n            </tr>       \r\n            <tr style=\"vertical-align: top\">\r\n                <td>?COBERTURA?</td>\r\n            </tr>\r\n            <tr style=\"vertical-align: top\">\r\n                <td>Nombre del Asegurado: </td>\r\n                <th>?NOM_ASEGURADO?.</th>\r\n            </tr>\r\n            <tr style=\"vertical-align: top\">\r\n                <td>Nombre del Reclamante: </td>\r\n                <th>?NOM_RECLAMANTE?</th>\r\n            </tr>           \r\n    </table>\r\n	<p>Tipo de siniestro Robo: </p>\r\n	<table>\r\n	 <tr style=\"vertical-align: top\">\r\n			<td style =\"width=25%;\">?CON_VIOLENCIA?</td>\r\n			<td style =\"width=25%;\">?USO_TDC?</td>\r\n			<td style =\"width=25%;\">?EFECTIVO?</td>\r\n			<td style =\"width=25%;\">?COMPRA_PROTEGIDA?</td>\r\n     </tr>\r\n	</table>\r\n    <br>\r\n    <!--ASIGNACIÓN DE LA INVESTIGACIÓN. -########################################### -->    \r\n    <p style=\"text-align: center; font-weight: bold\">ASIGNACIÓN DE LA INVESTIGACIÓN</p><br>    \r\n    <table  style=\"text-align: left;  width: 100%; \" align=\"center\">\r\n        <tr>            \r\n            <td style =\"width=165;\">Investigación solicitada por:</td>            \r\n            <td style =\"width=140;\">Gustavo Pineda</td>\r\n            <td style =\"width=140;\"> </td>\r\n            <td style =\"width=140;\"> </td>\r\n        </tr>\r\n        <tr>            \r\n            <td style =\"width=165;\">Fecha de Asignación</td>            \r\n            <td style =\"width=140;\">10-Enero-2019</td>\r\n            <td style =\"width=140;\">Fecha de Entrega: </td>\r\n            <td style =\"width=140;\">19-Marzo-2019 </td>\r\n        </tr>\r\n    </table>\r\n    <br>\r\n	<br>\r\n    <p style=\"text-align: center; font-weight: bold\">MOTIVO  DE LA INVESTIGACIÓN.</p><br>    \r\n    <table  style=\"text-align: left;  width: 100%; \" align=\"center\">\r\n        <tr>            \r\n            <td style =\"width=50%;\">?SINI_TREINTA_DIAS?</td>\r\n			<td style =\"width=50%;\">?FALSEDAD_DECALRACION?</td>\r\n        </tr>\r\n        <tr>            \r\n            <td style =\"width=50%;\">?SUMA_ASEGURADA?</td>\r\n			<td style =\"width=50%;\">?DOC_APOCRIFOS?</td>\r\n        </tr>		\r\n        <tr>            \r\n            <td style =\"width=50%;\">?REECONSTRUCCION_HECHOS?</td>\r\n			<td style =\"width=50%;\">?OTROS?</td>\r\n        </tr>		\r\n    </table>\r\n    <br>\r\n	<br>\r\n    <p style=\"text-align: center; font-weight: bold\">RESULTADO DE LA INVESTIGACIÓN.</p><br>    \r\n    <table  style=\"text-align: left;  width: 100%; \" align=\"center\">\r\n        <tr>            \r\n            <td style =\"width=50%\">El siniestro es:</td>            \r\n            <td style =\"width=50%\">?RESULT_INVEST?</td>\r\n        </tr>\r\n    </table>\r\n    <br>\r\n    <p style=\"text-align: center; font-weight: bold\">DECLARACION DEL ASEGURADO VERTIDA A LA ASEGURADORA.</p>\r\n    <p style=\"text-align: justify;\">\r\n	?DECLA_INI?\r\n    </p>\r\n    <br>\r\n    <br>\r\n    <p style=\"text-align: center; font-weight: bold\">ENTREVISTA CON EL ASEGURADO.</p>\r\n    <table style=\"text-align: justify;  width: 100%; \" align=\"center\">\r\n        <tr><td style =\"width=100%;\"><p>\r\n        ?DESA_ENTREVISTA?\r\n        </p></td></tr>\r\n    </table>       \r\n    <br>\r\n    <br>\r\n    <p style=\"text-align: center; font-weight: bold\">RECONSTRUCCIÓN E INSPECCION EN LUGAR DE LOS HECHOS.</p>\r\n    <table style=\"text-align: center;  width: 100%; \" align=\"center\">\r\n        <tr>\r\n            <th style =\"width=20%;\"> Lugar visitado </th>\r\n            <th style =\"width=80%;\"> Ubicacion </th>\r\n        </tr>\r\n        <tr>\r\n            <td>?LUGAR_VISITADO?</td>\r\n            <td>?UBICACION?</td>\r\n        </tr>\r\n    </table>\r\n    <table style=\"text-align: justify;  width: 100%; \" align=\"center\">\r\n        <tr><td style =\"width=100%;\"><p>\r\n        ?OBSERVACIONES?\r\n        </p></td></tr>\r\n    </table>     \r\n    <br>\r\n    <br>\r\n<!--############################### CARPETA DE INVESTIGACIÓN -########################################### -->\r\n<!--############################### CARPETA DE INVESTIGACIÓN -########################################### -->\r\n    <p style=\"text-align: center; font-weight: bold\">CARPETA DE INVESTIGACIÓN.</p>\r\n    <p style=\"text-align: left; \">Denuncia ante el Ministerio Público. ?DENUNCIA_MP?</p>\r\n    <br>    \r\n    <table style=\"text-align: center;  width: 100%; \" align=\"center\">\r\n        <tr>\r\n            <th style =\"width=20%;\">Alcaldía o Municipio.</th>\r\n            <th style =\"width=35%;\">Carpeta </th>\r\n            <th style =\"width=15%;\">Fecha</th>\r\n            <th style =\"width=10%;\">Hora</th>\r\n            <th style =\"width=20%;\">Registrada</th>\r\n        </tr>\r\n        <tr>\r\n            <td style =\"width=20%;\">?MUNICIPIO?</td>\r\n            <td style =\"width=35%;\">?CARPETA?</td>\r\n            <td style =\"width=15%;\">?F_INV?</td>\r\n            <td style =\"width=10%;\">?HORA_INV?</td>\r\n            <td style =\"width=20%;\">?CARP_REG?</td>\r\n        </tr>\r\n    </table>\r\n    <table style=\"text-align: center;  width: 100%;\" align=\"center\">\r\n        <tr>\r\n            <th style =\"width=20%;\">Carpeta Relacionada.</th>\r\n            <th style =\"width=35%;\">Carpeta </th>\r\n            <th style =\"width=45%;\">Motivo de la Carpeta relacionada.</th>\r\n        </tr>\r\n        <tr>\r\n            <td style =\"width=20%;\">?CARP_REG?</td>\r\n            <td style =\"width=35%;\"></td>\r\n            <td style =\"width=45%;\">?CARP_MOTIVO?</td>            \r\n        </tr>\r\n    </table>    \r\n    <!-- Atributo 68-->\r\n    <table style=\"text-align: justify;  width: 100%; \" align=\"center\">\r\n        <tr><td style =\"width=100%;\"><p>\r\n        ?OBSERVACION_INV?\r\n        </p></td></tr>\r\n    </table>       \r\n    <br>\r\n<!--############################### DOCUMENTOS ANEXOS. -########################################### -->\r\n<!--############################### DOCUMENTOS ANEXOS. -########################################### -->\r\n    <p style=\"text-align: center; font-weight: bold\">DOCUMENTOS ANEXOS.</p>\r\n    <p style=\"text-align: left; \">Documentos que se anexan a la investigación:</p>\r\n    <br>    \r\n    <table style=\"text-align: left;  width: 100%; \" align=\"center\">\r\n        <tr>\r\n            <td style =\"width=50%;\">?POLIZA_DOC?</td>\r\n        </tr>\r\n        <tr>\r\n            <td style =\"width=50%;\">?ACTA_MP_DOC?</td>\r\n        </tr>\r\n        <tr>\r\n            <td style =\"width=50%;\">?FOTOGRAFIAS_DOC?</td>\r\n        </tr>\r\n    </table>\r\n<!--############################### CONCLUSIONES. -########################################### -->\r\n<!--############################### CONCLUSIONES. -########################################### -->\r\n    <br>\r\n    <br>\r\n    <br>\r\n    <br>\r\n    <p style=\"text-align: center; font-weight: bold\">CONCLUSIONES.</p>\r\n    <br>    \r\n    <table style=\"text-align: left;  width: 100%; border:2\" align=\"center\">\r\n        <tr>\r\n            <td style =\"width=50%;\"><b>Resultado del siniestro:</b></td>\r\n            <td style =\"width=50%;\">?CONCLUCION_CASO?</td>     \r\n        </tr>   \r\n    </table>\r\n    <p style=\"text-align: center; font-weight: bold\">CONSIDERANDO.</p>\r\n    <!-- Atributo 76-->\r\n    <table style=\"text-align: justify;  width: 100%; \" align=\"center\">\r\n        <tr><td style =\"width=100%;\"><p>\r\n        ?OBS_CONCLUSION?\r\n        </p></td></tr>\r\n    </table>     \r\n    <br>\r\n    <br>\r\n    <p>Atentamente.</p>\r\n    <br>\r\n    <br>\r\n    <br>\r\n    <p>Lic. César Quiñones G.<br>\r\n    Director Operativo<br>\r\n    Asesoría Legal Especializada e Investigaciones S.C<br>\r\n    alesi.sc@prodigy.net.mx</p>\r\n</page>');

-- ===============================================================================================================================
commit;


-- ======================================= MARCAS ========================================================================================

/*

CREATE TABLE T_REL_MARCA_TIPO
(
  MARCA  VARCHAR2(15 BYTE),
  TIPO   VARCHAR2(15 BYTE)
);

SET DEFINE OFF;
Insert into T_REL_MARCA_TIPO
   (MARCA, TIPO)
 Values
   ('ACURA', 'ACURA ILX');
Insert into T_REL_MARCA_TIPO
   (MARCA, TIPO)
 Values
   ('ACURA', 'ACURA MDX');
Insert into T_REL_MARCA_TIPO
   (MARCA, TIPO)
 Values
   ('ACURA', 'ACURA RDX');
Insert into T_REL_MARCA_TIPO
   (MARCA, TIPO)
 Values
   ('ACURA', 'ACURA RLX');
Insert into T_REL_MARCA_TIPO
   (MARCA, TIPO)
 Values
   ('ACURA', 'ACURA TL');
Insert into T_REL_MARCA_TIPO
   (MARCA, TIPO)
 Values
   ('ACURA', 'ACURA TLX');
Insert into T_REL_MARCA_TIPO
   (MARCA, TIPO)
 Values
   ('ACURA', 'ACURA TSX');
Insert into T_REL_MARCA_TIPO
   (MARCA, TIPO)
 Values
   ('ACURA', 'MDX');
Insert into T_REL_MARCA_TIPO
   (MARCA, TIPO)
 Values
   ('ACURA', 'RDX');
Insert into T_REL_MARCA_TIPO
   (MARCA, TIPO)
 Values
   ('ACURA', 'RL');
Insert into T_REL_MARCA_TIPO
   (MARCA, TIPO)
 Values
   ('ACURA', 'TL');
Insert into T_REL_MARCA_TIPO
   (MARCA, TIPO)
 Values
   ('ACURA', 'TSX');
Insert into T_REL_MARCA_TIPO
   (MARCA, TIPO)
 Values
   ('ACURA', 'ZDX');
Insert into T_REL_MARCA_TIPO
   (MARCA, TIPO)
 Values
   ('ALFA ROMEO', 'BRERA');
Insert into T_REL_MARCA_TIPO
   (MARCA, TIPO)
 Values
   ('ALFA ROMEO', 'GIULIETTA');
Insert into T_REL_MARCA_TIPO
   (MARCA, TIPO)
 Values
   ('ALFA ROMEO', 'GT');
Insert into T_REL_MARCA_TIPO
   (MARCA, TIPO)
 Values
   ('ALFA ROMEO', 'GTV');
Insert into T_REL_MARCA_TIPO
   (MARCA, TIPO)
 Values
   ('ALFA ROMEO', 'MITO');
Insert into T_REL_MARCA_TIPO
   (MARCA, TIPO)
 Values
   ('ALFA ROMEO', 'SPIDER');
Insert into T_REL_MARCA_TIPO
   (MARCA, TIPO)
 Values
   ('ALFA ROMEO', '147');
Insert into T_REL_MARCA_TIPO
   (MARCA, TIPO)
 Values
   ('ALFA ROMEO', '156');
Insert into T_REL_MARCA_TIPO
   (MARCA, TIPO)
 Values
   ('ALFA ROMEO', '159');
Insert into T_REL_MARCA_TIPO
   (MARCA, TIPO)
 Values
   ('ALFA ROMEO', '166');
Insert into T_REL_MARCA_TIPO
   (MARCA, TIPO)
 Values
   ('ANTIGUOS', 'ANTIGUO');
Insert into T_REL_MARCA_TIPO
   (MARCA, TIPO)
 Values
   ('ANTIGUOS', 'RC PRIMA FIJA');
Insert into T_REL_MARCA_TIPO
   (MARCA, TIPO)
 Values
   ('ANTIGUOS PICKUP', 'PICK-UP');
Insert into T_REL_MARCA_TIPO
   (MARCA, TIPO)
 Values
   ('ANTIGUOS VALOR', 'ANTIGUO');
Insert into T_REL_MARCA_TIPO
   (MARCA, TIPO)
 Values
   ('AUDI', 'AUDI CABRIOLET');
Insert into T_REL_MARCA_TIPO
   (MARCA, TIPO)
 Values
   ('AUDI', 'A1');
Insert into T_REL_MARCA_TIPO
   (MARCA, TIPO)
 Values
   ('AUDI', 'A3');
Insert into T_REL_MARCA_TIPO
   (MARCA, TIPO)
 Values
   ('AUDI', 'A4');
Insert into T_REL_MARCA_TIPO
   (MARCA, TIPO)
 Values
   ('AUDI', 'A5');
Insert into T_REL_MARCA_TIPO
   (MARCA, TIPO)
 Values
   ('AUDI', 'A6');
Insert into T_REL_MARCA_TIPO
   (MARCA, TIPO)
 Values
   ('AUDI', 'A7');
Insert into T_REL_MARCA_TIPO
   (MARCA, TIPO)
 Values
   ('AUDI', 'A8');
Insert into T_REL_MARCA_TIPO
   (MARCA, TIPO)
 Values
   ('AUDI', 'CABRIOLET');
Insert into T_REL_MARCA_TIPO
   (MARCA, TIPO)
 Values
   ('AUDI', 'Q2');
Insert into T_REL_MARCA_TIPO
   (MARCA, TIPO)
 Values
   ('AUDI', 'Q3');
Insert into T_REL_MARCA_TIPO
   (MARCA, TIPO)
 Values
   ('AUDI', 'Q5');
Insert into T_REL_MARCA_TIPO
   (MARCA, TIPO)
 Values
   ('AUDI', 'Q7');
Insert into T_REL_MARCA_TIPO
   (MARCA, TIPO)
 Values
   ('AUDI', 'Q8');
Insert into T_REL_MARCA_TIPO
   (MARCA, TIPO)
 Values
   ('AUDI', 'RS');
Insert into T_REL_MARCA_TIPO
   (MARCA, TIPO)
 Values
   ('AUDI', 'RS4');
Insert into T_REL_MARCA_TIPO
   (MARCA, TIPO)
 Values
   ('AUDI', 'RS4 QUATTRO');
Insert into T_REL_MARCA_TIPO
   (MARCA, TIPO)
 Values
   ('AUDI', 'S-3');
Insert into T_REL_MARCA_TIPO
   (MARCA, TIPO)
 Values
   ('AUDI', 'S3');
Insert into T_REL_MARCA_TIPO
   (MARCA, TIPO)
 Values
   ('AUDI', 'S4');
Insert into T_REL_MARCA_TIPO
   (MARCA, TIPO)
 Values
   ('AUDI', 'S5');
Insert into T_REL_MARCA_TIPO
   (MARCA, TIPO)
 Values
   ('AUDI', 'S6');
Insert into T_REL_MARCA_TIPO
   (MARCA, TIPO)
 Values
   ('AUDI', 'S7');
Insert into T_REL_MARCA_TIPO
   (MARCA, TIPO)
 Values
   ('AUDI', 'S8');
Insert into T_REL_MARCA_TIPO
   (MARCA, TIPO)
 Values
   ('AUDI', 'TT');
Insert into T_REL_MARCA_TIPO
   (MARCA, TIPO)
 Values
   ('AUDI ANT', 'ALL ROAD');
Insert into T_REL_MARCA_TIPO
   (MARCA, TIPO)
 Values
   ('AUDI ANT', 'A3');
Insert into T_REL_MARCA_TIPO
   (MARCA, TIPO)
 Values
   ('AUDI ANT', 'A4');
Insert into T_REL_MARCA_TIPO
   (MARCA, TIPO)
 Values
   ('AUDI ANT', 'A6');
Insert into T_REL_MARCA_TIPO
   (MARCA, TIPO)
 Values
   ('AUDI ANT', 'A8');
Insert into T_REL_MARCA_TIPO
   (MARCA, TIPO)
 Values
   ('AUDI ANT', 'TT');
Insert into T_REL_MARCA_TIPO
   (MARCA, TIPO)
 Values
   ('AUTOBACK BRONZE', 'AUTOBACK BRONZE');
Insert into T_REL_MARCA_TIPO
   (MARCA, TIPO)
 Values
   ('AUTOBACK GOLD', 'AUTOBACK GOLD');
Insert into T_REL_MARCA_TIPO
   (MARCA, TIPO)
 Values
   ('AUTOBACK IRON', 'AUTOBACK IRON');
Insert into T_REL_MARCA_TIPO
   (MARCA, TIPO)
 Values
   ('AUTOBACK PLATIN', 'AUTOBACK PLATIN');
Insert into T_REL_MARCA_TIPO
   (MARCA, TIPO)
 Values
   ('AUTOBACK SILVER', 'AUTOBACK SILVER');
Insert into T_REL_MARCA_TIPO
   (MARCA, TIPO)
 Values
   ('AUTOS TURISTAS', 'AUTO');
Insert into T_REL_MARCA_TIPO
   (MARCA, TIPO)
 Values
   ('AUTOS TURISTAS', 'PICK - UP');
Insert into T_REL_MARCA_TIPO
   (MARCA, TIPO)
 Values
   ('BAIC', 'BJ20');
Insert into T_REL_MARCA_TIPO
   (MARCA, TIPO)
 Values
   ('BAIC', 'BJ40');
Insert into T_REL_MARCA_TIPO
   (MARCA, TIPO)
 Values
   ('BAIC', 'D20');
Insert into T_REL_MARCA_TIPO
   (MARCA, TIPO)
 Values
   ('BAIC', 'X25');
Insert into T_REL_MARCA_TIPO
   (MARCA, TIPO)
 Values
   ('BAIC', 'X35');
Insert into T_REL_MARCA_TIPO
   (MARCA, TIPO)
 Values
   ('BAIC', 'X65');
Insert into T_REL_MARCA_TIPO
   (MARCA, TIPO)
 Values
   ('BMW', 'BMW 645');
Insert into T_REL_MARCA_TIPO
   (MARCA, TIPO)
 Values
   ('BMW', 'CABRIO');
Insert into T_REL_MARCA_TIPO
   (MARCA, TIPO)
 Values
   ('BMW', 'COOPER');
Insert into T_REL_MARCA_TIPO
   (MARCA, TIPO)
 Values
   ('BMW', 'COOPER S');
Insert into T_REL_MARCA_TIPO
   (MARCA, TIPO)
 Values
   ('BMW', 'M 3');
Insert into T_REL_MARCA_TIPO
   (MARCA, TIPO)
 Values
   ('BMW', 'M 5');
Insert into T_REL_MARCA_TIPO
   (MARCA, TIPO)
 Values
   ('BMW', 'MINI COOPER');
Insert into T_REL_MARCA_TIPO
   (MARCA, TIPO)
 Values
   ('BMW', 'M2');
Insert into T_REL_MARCA_TIPO
   (MARCA, TIPO)
 Values
   ('BMW', 'M3');
Insert into T_REL_MARCA_TIPO
   (MARCA, TIPO)
 Values
   ('BMW', 'M4');
Insert into T_REL_MARCA_TIPO
   (MARCA, TIPO)
 Values
   ('BMW', 'M5');
Insert into T_REL_MARCA_TIPO
   (MARCA, TIPO)
 Values
   ('BMW', 'M6');
Insert into T_REL_MARCA_TIPO
   (MARCA, TIPO)
 Values
   ('BMW', 'SERIE i3');
Insert into T_REL_MARCA_TIPO
   (MARCA, TIPO)
 Values
   ('BMW', 'SERIE 1');
Insert into T_REL_MARCA_TIPO
   (MARCA, TIPO)
 Values
   ('BMW', 'SERIE 2');
Insert into T_REL_MARCA_TIPO
   (MARCA, TIPO)
 Values
   ('BMW', 'SERIE 3');
Insert into T_REL_MARCA_TIPO
   (MARCA, TIPO)
 Values
   ('BMW', 'SERIE 4');
Insert into T_REL_MARCA_TIPO
   (MARCA, TIPO)
 Values
   ('BMW', 'SERIE 5');
Insert into T_REL_MARCA_TIPO
   (MARCA, TIPO)
 Values
   ('BMW', 'SERIE 6');
Insert into T_REL_MARCA_TIPO
   (MARCA, TIPO)
 Values
   ('BMW', 'SERIE 7');
Insert into T_REL_MARCA_TIPO
   (MARCA, TIPO)
 Values
   ('BMW', 'SERIE 8');
Insert into T_REL_MARCA_TIPO
   (MARCA, TIPO)
 Values
   ('BMW', 'X1');
Insert into T_REL_MARCA_TIPO
   (MARCA, TIPO)
 Values
   ('BMW', 'X2');
Insert into T_REL_MARCA_TIPO
   (MARCA, TIPO)
 Values
   ('BMW', 'X3');
Insert into T_REL_MARCA_TIPO
   (MARCA, TIPO)
 Values
   ('BMW', 'X4');
Insert into T_REL_MARCA_TIPO
   (MARCA, TIPO)
 Values
   ('BMW', 'X5');
Insert into T_REL_MARCA_TIPO
   (MARCA, TIPO)
 Values
   ('BMW', 'X6');
Insert into T_REL_MARCA_TIPO
   (MARCA, TIPO)
 Values
   ('BMW', 'Z3');
Insert into T_REL_MARCA_TIPO
   (MARCA, TIPO)
 Values
   ('BMW', 'Z4');
Insert into T_REL_MARCA_TIPO
   (MARCA, TIPO)
 Values
   ('BMW', '645');
Insert into T_REL_MARCA_TIPO
   (MARCA, TIPO)
 Values
   ('BMW ANT', 'SERIE Z');
Insert into T_REL_MARCA_TIPO
   (MARCA, TIPO)
 Values
   ('BMW ANT', 'SERIE 3');
Insert into T_REL_MARCA_TIPO
   (MARCA, TIPO)
 Values
   ('BMW ANT', 'SERIE 5');
Insert into T_REL_MARCA_TIPO
   (MARCA, TIPO)
 Values
   ('BMW ANT', 'SERIE 7');
Insert into T_REL_MARCA_TIPO
   (MARCA, TIPO)
 Values
   ('BMW ANT', 'SERIE 8');
Insert into T_REL_MARCA_TIPO
   (MARCA, TIPO)
 Values
   ('BMW ANT', 'X5');
Insert into T_REL_MARCA_TIPO
   (MARCA, TIPO)
 Values
   ('CADILLAC', 'ATS');
Insert into T_REL_MARCA_TIPO
   (MARCA, TIPO)
 Values
   ('CADILLAC', 'BLS');
Insert into T_REL_MARCA_TIPO
   (MARCA, TIPO)
 Values
   ('CADILLAC', 'CATERA');
Insert into T_REL_MARCA_TIPO
   (MARCA, TIPO)
 Values
   ('CADILLAC', 'CTS');
Insert into T_REL_MARCA_TIPO
   (MARCA, TIPO)
 Values
   ('CADILLAC', 'DE VILLE');
Insert into T_REL_MARCA_TIPO
   (MARCA, TIPO)
 Values
   ('CADILLAC', 'DEVILLE');
Insert into T_REL_MARCA_TIPO
   (MARCA, TIPO)
 Values
   ('CADILLAC', 'DORADO');
Insert into T_REL_MARCA_TIPO
   (MARCA, TIPO)
 Values
   ('CADILLAC', 'ENCLAVE');
Insert into T_REL_MARCA_TIPO
   (MARCA, TIPO)
 Values
   ('CADILLAC', 'ENCORE');
Insert into T_REL_MARCA_TIPO
   (MARCA, TIPO)
 Values
   ('CADILLAC', 'ENVISION');
Insert into T_REL_MARCA_TIPO
   (MARCA, TIPO)
 Values
   ('CADILLAC', 'ESCALADE');
Insert into T_REL_MARCA_TIPO
   (MARCA, TIPO)
 Values
   ('CADILLAC', 'LACROSSE');
Insert into T_REL_MARCA_TIPO
   (MARCA, TIPO)
 Values
   ('CADILLAC', 'REGAL');
Insert into T_REL_MARCA_TIPO
   (MARCA, TIPO)
 Values
   ('CADILLAC', 'SEVILLE');
Insert into T_REL_MARCA_TIPO
   (MARCA, TIPO)
 Values
   ('CADILLAC', 'SRX');
Insert into T_REL_MARCA_TIPO
   (MARCA, TIPO)
 Values
   ('CADILLAC', 'STS');
Insert into T_REL_MARCA_TIPO
   (MARCA, TIPO)
 Values
   ('CADILLAC', 'VERANO');
Insert into T_REL_MARCA_TIPO
   (MARCA, TIPO)
 Values
   ('CADILLAC', 'XT4');
Insert into T_REL_MARCA_TIPO
   (MARCA, TIPO)
 Values
   ('CADILLAC', 'XT5');
Insert into T_REL_MARCA_TIPO
   (MARCA, TIPO)
 Values
   ('CADILLAC ANT', 'CATERA');
Insert into T_REL_MARCA_TIPO
   (MARCA, TIPO)
 Values
   ('CADILLAC ANT', 'DEVILLE');
Insert into T_REL_MARCA_TIPO
   (MARCA, TIPO)
 Values
   ('CADILLAC ANT', 'ELDORADO');
Insert into T_REL_MARCA_TIPO
   (MARCA, TIPO)
 Values
   ('CADILLAC ANT', 'SEVILLE');
Insert into T_REL_MARCA_TIPO
   (MARCA, TIPO)
 Values
   ('CHEVROLET', 'ACADIA');
Insert into T_REL_MARCA_TIPO
   (MARCA, TIPO)
 Values
   ('CHEVROLET', 'ASTRA');
Insert into T_REL_MARCA_TIPO
   (MARCA, TIPO)
 Values
   ('CHEVROLET', 'AVALANCHE');
Insert into T_REL_MARCA_TIPO
   (MARCA, TIPO)
 Values
   ('CHEVROLET', 'AVEO');
Insert into T_REL_MARCA_TIPO
   (MARCA, TIPO)
 Values
   ('CHEVROLET', 'BEAT');
Insert into T_REL_MARCA_TIPO
   (MARCA, TIPO)
 Values
   ('CHEVROLET', 'BLAZER');
Insert into T_REL_MARCA_TIPO
   (MARCA, TIPO)
 Values
   ('CHEVROLET', 'BOLT EV');
Insert into T_REL_MARCA_TIPO
   (MARCA, TIPO)
 Values
   ('CHEVROLET', 'CAMARO');
Insert into T_REL_MARCA_TIPO
   (MARCA, TIPO)
 Values
   ('CHEVROLET', 'CANYON');
Insert into T_REL_MARCA_TIPO
   (MARCA, TIPO)
 Values
   ('CHEVROLET', 'CAPTIVA');
Insert into T_REL_MARCA_TIPO
   (MARCA, TIPO)
 Values
   ('CHEVROLET', 'CAVALIER');
Insert into T_REL_MARCA_TIPO
   (MARCA, TIPO)
 Values
   ('CHEVROLET', 'CENTURY');
Insert into T_REL_MARCA_TIPO
   (MARCA, TIPO)
 Values
   ('CHEVROLET', 'CHEVY');
Insert into T_REL_MARCA_TIPO
   (MARCA, TIPO)
 Values
   ('CHEVROLET', 'CHEYENNE');
Insert into T_REL_MARCA_TIPO
   (MARCA, TIPO)
 Values
   ('CHEVROLET', 'COLORADO');
Insert into T_REL_MARCA_TIPO
   (MARCA, TIPO)
 Values
   ('CHEVROLET', 'CORSA');
Insert into T_REL_MARCA_TIPO
   (MARCA, TIPO)
 Values
   ('CHEVROLET', 'CORVETTE');
Insert into T_REL_MARCA_TIPO
   (MARCA, TIPO)
 Values
   ('CHEVROLET', 'CRUZE');
Insert into T_REL_MARCA_TIPO
   (MARCA, TIPO)
 Values
   ('CHEVROLET', 'CUTLASS');
Insert into T_REL_MARCA_TIPO
   (MARCA, TIPO)
 Values
   ('CHEVROLET', 'EIGHTY EIGHT');
Insert into T_REL_MARCA_TIPO
   (MARCA, TIPO)
 Values
   ('CHEVROLET', 'ENCLAVE');
Insert into T_REL_MARCA_TIPO
   (MARCA, TIPO)
 Values
   ('CHEVROLET', 'EQUINOX');
Insert into T_REL_MARCA_TIPO
   (MARCA, TIPO)
 Values
   ('CHEVROLET', 'EXPRESS');
Insert into T_REL_MARCA_TIPO
   (MARCA, TIPO)
 Values
   ('CHEVROLET', 'G - 30');
Insert into T_REL_MARCA_TIPO
   (MARCA, TIPO)
 Values
   ('CHEVROLET', 'HASTA 3.5 TONS');
Insert into T_REL_MARCA_TIPO
   (MARCA, TIPO)
 Values
   ('CHEVROLET', 'HHR');
Insert into T_REL_MARCA_TIPO
   (MARCA, TIPO)
 Values
   ('CHEVROLET', 'IMPALA');
Insert into T_REL_MARCA_TIPO
   (MARCA, TIPO)
 Values
   ('CHEVROLET', 'LUMINA');
Insert into T_REL_MARCA_TIPO
   (MARCA, TIPO)
 Values
   ('CHEVROLET', 'MALIBU');
Insert into T_REL_MARCA_TIPO
   (MARCA, TIPO)
 Values
   ('CHEVROLET', 'MATIZ');
Insert into T_REL_MARCA_TIPO
   (MARCA, TIPO)
 Values
   ('CHEVROLET', 'MERIVA');
Insert into T_REL_MARCA_TIPO
   (MARCA, TIPO)
 Values
   ('CHEVROLET', 'OPTRA');
Insert into T_REL_MARCA_TIPO
   (MARCA, TIPO)
 Values
   ('CHEVROLET', 'PICK UP');
Insert into T_REL_MARCA_TIPO
   (MARCA, TIPO)
 Values
   ('CHEVROLET', 'PICK-UP');
Insert into T_REL_MARCA_TIPO
   (MARCA, TIPO)
 Values
   ('CHEVROLET', 'REGAL');
Insert into T_REL_MARCA_TIPO
   (MARCA, TIPO)
 Values
   ('CHEVROLET', 'SIERRA');
Insert into T_REL_MARCA_TIPO
   (MARCA, TIPO)
 Values
   ('CHEVROLET', 'SILHOUETTE');
Insert into T_REL_MARCA_TIPO
   (MARCA, TIPO)
 Values
   ('CHEVROLET', 'SILVERADO');
Insert into T_REL_MARCA_TIPO
   (MARCA, TIPO)
 Values
   ('CHEVROLET', 'SONIC');
Insert into T_REL_MARCA_TIPO
   (MARCA, TIPO)
 Values
   ('CHEVROLET', 'SONORA');
Insert into T_REL_MARCA_TIPO
   (MARCA, TIPO)
 Values
   ('CHEVROLET', 'SPARK');
Insert into T_REL_MARCA_TIPO
   (MARCA, TIPO)
 Values
   ('CHEVROLET', 'SUBURBAN');
Insert into T_REL_MARCA_TIPO
   (MARCA, TIPO)
 Values
   ('CHEVROLET', 'TAHOE');
Insert into T_REL_MARCA_TIPO
   (MARCA, TIPO)
 Values
   ('CHEVROLET', 'TERRAIN');
Insert into T_REL_MARCA_TIPO
   (MARCA, TIPO)
 Values
   ('CHEVROLET', 'TIGRA');
Insert into T_REL_MARCA_TIPO
   (MARCA, TIPO)
 Values
   ('CHEVROLET', 'TRACKER');
Insert into T_REL_MARCA_TIPO
   (MARCA, TIPO)
 Values
   ('CHEVROLET', 'TRAIL BLAZER');
Insert into T_REL_MARCA_TIPO
   (MARCA, TIPO)
 Values
   ('CHEVROLET', 'TRAVERSE');
Insert into T_REL_MARCA_TIPO
   (MARCA, TIPO)
 Values
   ('CHEVROLET', 'TRAX');
Insert into T_REL_MARCA_TIPO
   (MARCA, TIPO)
 Values
   ('CHEVROLET', 'UPLANDER');
Insert into T_REL_MARCA_TIPO
   (MARCA, TIPO)
 Values
   ('CHEVROLET', 'VAN');
Insert into T_REL_MARCA_TIPO
   (MARCA, TIPO)
 Values
   ('CHEVROLET', 'VECTRA');
Insert into T_REL_MARCA_TIPO
   (MARCA, TIPO)
 Values
   ('CHEVROLET', 'VENTURE');
Insert into T_REL_MARCA_TIPO
   (MARCA, TIPO)
 Values
   ('CHEVROLET', 'VOLT');
Insert into T_REL_MARCA_TIPO
   (MARCA, TIPO)
 Values
   ('CHEVROLET', 'YUKON');
Insert into T_REL_MARCA_TIPO
   (MARCA, TIPO)
 Values
   ('CHEVROLET', 'ZAFIRA');
Insert into T_REL_MARCA_TIPO
   (MARCA, TIPO)
 Values
   ('CHEVROLET ANT', 'ASTRA');
Insert into T_REL_MARCA_TIPO
   (MARCA, TIPO)
 Values
   ('CHEVROLET ANT', 'BLAZER');
Insert into T_REL_MARCA_TIPO
   (MARCA, TIPO)
 Values
   ('CHEVROLET ANT', 'CAMARO');
Insert into T_REL_MARCA_TIPO
   (MARCA, TIPO)
 Values
   ('CHEVROLET ANT', 'CAPRICE');
Insert into T_REL_MARCA_TIPO
   (MARCA, TIPO)
 Values
   ('CHEVROLET ANT', 'CAVALIER');
Insert into T_REL_MARCA_TIPO
   (MARCA, TIPO)
 Values
   ('CHEVROLET ANT', 'CELEBRITY');
Insert into T_REL_MARCA_TIPO
   (MARCA, TIPO)
 Values
   ('CHEVROLET ANT', 'CENTURY');
Insert into T_REL_MARCA_TIPO
   (MARCA, TIPO)
 Values
   ('CHEVROLET ANT', 'CHEVELLE');
Insert into T_REL_MARCA_TIPO
   (MARCA, TIPO)
 Values
   ('CHEVROLET ANT', 'CHEVY');
Insert into T_REL_MARCA_TIPO
   (MARCA, TIPO)
 Values
   ('CHEVROLET ANT', 'CITATION');
Insert into T_REL_MARCA_TIPO
   (MARCA, TIPO)
 Values
   ('CHEVROLET ANT', 'CORVETTE');
Insert into T_REL_MARCA_TIPO
   (MARCA, TIPO)
 Values
   ('CHEVROLET ANT', 'CUTLASS');
Insert into T_REL_MARCA_TIPO
   (MARCA, TIPO)
 Values
   ('CHEVROLET ANT', 'EIGHTY EIGHT');
Insert into T_REL_MARCA_TIPO
   (MARCA, TIPO)
 Values
   ('CHEVROLET ANT', 'EXPRESS VAN');
Insert into T_REL_MARCA_TIPO
   (MARCA, TIPO)
 Values
   ('CHEVROLET ANT', 'GEO TRACKER');
Insert into T_REL_MARCA_TIPO
   (MARCA, TIPO)
 Values
   ('CHEVROLET ANT', 'IMPALA');
Insert into T_REL_MARCA_TIPO
   (MARCA, TIPO)
 Values
   ('CHEVROLET ANT', 'LUMINA');
Insert into T_REL_MARCA_TIPO
   (MARCA, TIPO)
 Values
   ('CHEVROLET ANT', 'MALIBU');
Insert into T_REL_MARCA_TIPO
   (MARCA, TIPO)
 Values
   ('CHEVROLET ANT', 'MONTE CARLO');
Insert into T_REL_MARCA_TIPO
   (MARCA, TIPO)
 Values
   ('CHEVROLET ANT', 'NOVA');
Insert into T_REL_MARCA_TIPO
   (MARCA, TIPO)
 Values
   ('CHEVROLET ANT', 'OPEL');
Insert into T_REL_MARCA_TIPO
   (MARCA, TIPO)
 Values
   ('CHEVROLET ANT', 'REGAL');
Insert into T_REL_MARCA_TIPO
   (MARCA, TIPO)
 Values
   ('CHEVROLET ANT', 'SILHOUETTE');
Insert into T_REL_MARCA_TIPO
   (MARCA, TIPO)
 Values
   ('CHEVROLET ANT', 'SILVERADO');
Insert into T_REL_MARCA_TIPO
   (MARCA, TIPO)
 Values
   ('CHEVROLET ANT', 'SONORA');
Insert into T_REL_MARCA_TIPO
   (MARCA, TIPO)
 Values
   ('CHEVROLET ANT', 'SUBURBAN');
Insert into T_REL_MARCA_TIPO
   (MARCA, TIPO)
 Values
   ('CHEVROLET ANT', 'TIGRA');
Insert into T_REL_MARCA_TIPO
   (MARCA, TIPO)
 Values
   ('CHEVROLET ANT', 'TRACKER');
Insert into T_REL_MARCA_TIPO
   (MARCA, TIPO)
 Values
   ('CHEVROLET ANT', 'VENTURE');
Insert into T_REL_MARCA_TIPO
   (MARCA, TIPO)
 Values
   ('CHEVROLET1', 'CANYON');
Insert into T_REL_MARCA_TIPO
   (MARCA, TIPO)
 Values
   ('CHEVROLET1', 'CHEYENNE');
Insert into T_REL_MARCA_TIPO
   (MARCA, TIPO)
 Values
   ('CHEVROLET1', 'COLORADO');
Insert into T_REL_MARCA_TIPO
   (MARCA, TIPO)
 Values
   ('CHEVROLET1', 'PICK-UP');
Insert into T_REL_MARCA_TIPO
   (MARCA, TIPO)
 Values
   ('CHEVROLET1', 'SILVERADO');
Insert into T_REL_MARCA_TIPO
   (MARCA, TIPO)
 Values
   ('CHRYSLER', 'ASPEN');
Insert into T_REL_MARCA_TIPO
   (MARCA, TIPO)
 Values
   ('CHRYSLER', 'ATOS');
Insert into T_REL_MARCA_TIPO
   (MARCA, TIPO)
 Values
   ('CHRYSLER', 'ATTITUDE');
Insert into T_REL_MARCA_TIPO
   (MARCA, TIPO)
 Values
   ('CHRYSLER', 'AVENGER');
Insert into T_REL_MARCA_TIPO
   (MARCA, TIPO)
 Values
   ('CHRYSLER', 'BREEZE');
Insert into T_REL_MARCA_TIPO
   (MARCA, TIPO)
 Values
   ('CHRYSLER', 'CALIBER');
Insert into T_REL_MARCA_TIPO
   (MARCA, TIPO)
 Values
   ('CHRYSLER', 'CHALLENGER');
Insert into T_REL_MARCA_TIPO
   (MARCA, TIPO)
 Values
   ('CHRYSLER', 'CHARGER');
Insert into T_REL_MARCA_TIPO
   (MARCA, TIPO)
 Values
   ('CHRYSLER', 'CHEROKEE');
Insert into T_REL_MARCA_TIPO
   (MARCA, TIPO)
 Values
   ('CHRYSLER', 'CHRYSLER 200');
Insert into T_REL_MARCA_TIPO
   (MARCA, TIPO)
 Values
   ('CHRYSLER', 'CIRRUS');
Insert into T_REL_MARCA_TIPO
   (MARCA, TIPO)
 Values
   ('CHRYSLER', 'COMMANDER');
Insert into T_REL_MARCA_TIPO
   (MARCA, TIPO)
 Values
   ('CHRYSLER', 'COMPASS');
Insert into T_REL_MARCA_TIPO
   (MARCA, TIPO)
 Values
   ('CHRYSLER', 'CONCORDE');
Insert into T_REL_MARCA_TIPO
   (MARCA, TIPO)
 Values
   ('CHRYSLER', 'CROSSFIRE');
Insert into T_REL_MARCA_TIPO
   (MARCA, TIPO)
 Values
   ('CHRYSLER', 'DART');
Insert into T_REL_MARCA_TIPO
   (MARCA, TIPO)
 Values
   ('CHRYSLER', 'DURANGO');
Insert into T_REL_MARCA_TIPO
   (MARCA, TIPO)
 Values
   ('CHRYSLER', 'ESTACAS');
Insert into T_REL_MARCA_TIPO
   (MARCA, TIPO)
 Values
   ('CHRYSLER', 'GRAND CARAVAN');
Insert into T_REL_MARCA_TIPO
   (MARCA, TIPO)
 Values
   ('CHRYSLER', 'GRAND CHEROKEE');
Insert into T_REL_MARCA_TIPO
   (MARCA, TIPO)
 Values
   ('CHRYSLER', 'GRAND VOYAGER');
Insert into T_REL_MARCA_TIPO
   (MARCA, TIPO)
 Values
   ('CHRYSLER', 'GTS');
Insert into T_REL_MARCA_TIPO
   (MARCA, TIPO)
 Values
   ('CHRYSLER', 'H 100');
Insert into T_REL_MARCA_TIPO
   (MARCA, TIPO)
 Values
   ('CHRYSLER', 'HASTA 3.5 TONS');
Insert into T_REL_MARCA_TIPO
   (MARCA, TIPO)
 Values
   ('CHRYSLER', 'H100');
Insert into T_REL_MARCA_TIPO
   (MARCA, TIPO)
 Values
   ('CHRYSLER', 'H100 WAGON');
Insert into T_REL_MARCA_TIPO
   (MARCA, TIPO)
 Values
   ('CHRYSLER', 'I 10');
Insert into T_REL_MARCA_TIPO
   (MARCA, TIPO)
 Values
   ('CHRYSLER', 'INTREPID');
Insert into T_REL_MARCA_TIPO
   (MARCA, TIPO)
 Values
   ('CHRYSLER', 'JOURNEY');
Insert into T_REL_MARCA_TIPO
   (MARCA, TIPO)
 Values
   ('CHRYSLER', 'LE BARON');
Insert into T_REL_MARCA_TIPO
   (MARCA, TIPO)
 Values
   ('CHRYSLER', 'LIBERTY');
Insert into T_REL_MARCA_TIPO
   (MARCA, TIPO)
 Values
   ('CHRYSLER', 'NEON');
Insert into T_REL_MARCA_TIPO
   (MARCA, TIPO)
 Values
   ('CHRYSLER', 'NEW YORKER');
Insert into T_REL_MARCA_TIPO
   (MARCA, TIPO)
 Values
   ('CHRYSLER', 'NITRO');
Insert into T_REL_MARCA_TIPO
   (MARCA, TIPO)
 Values
   ('CHRYSLER', 'PACIFICA');
Insert into T_REL_MARCA_TIPO
   (MARCA, TIPO)
 Values
   ('CHRYSLER', 'PANEL');
Insert into T_REL_MARCA_TIPO
   (MARCA, TIPO)
 Values
   ('CHRYSLER', 'PATRIOT');
Insert into T_REL_MARCA_TIPO
   (MARCA, TIPO)
 Values
   ('CHRYSLER', 'PHANTOM');
Insert into T_REL_MARCA_TIPO
   (MARCA, TIPO)
 Values
   ('CHRYSLER', 'PICK UP');
Insert into T_REL_MARCA_TIPO
   (MARCA, TIPO)
 Values
   ('CHRYSLER', 'PICK-UP');
Insert into T_REL_MARCA_TIPO
   (MARCA, TIPO)
 Values
   ('CHRYSLER', 'PT CRUISER');
Insert into T_REL_MARCA_TIPO
   (MARCA, TIPO)
 Values
   ('CHRYSLER', 'RAM');
Insert into T_REL_MARCA_TIPO
   (MARCA, TIPO)
 Values
   ('CHRYSLER', 'RAM CHARGER');
Insert into T_REL_MARCA_TIPO
   (MARCA, TIPO)
 Values
   ('CHRYSLER', 'RAM QUAD CAB');
Insert into T_REL_MARCA_TIPO
   (MARCA, TIPO)
 Values
   ('CHRYSLER', 'RAM WAGON');
Insert into T_REL_MARCA_TIPO
   (MARCA, TIPO)
 Values
   ('CHRYSLER', 'RENEGADE');
Insert into T_REL_MARCA_TIPO
   (MARCA, TIPO)
 Values
   ('CHRYSLER', 'R\T  SEBRING');
Insert into T_REL_MARCA_TIPO
   (MARCA, TIPO)
 Values
   ('CHRYSLER', 'R\T SEBRING');
Insert into T_REL_MARCA_TIPO
   (MARCA, TIPO)
 Values
   ('CHRYSLER', 'SHADOW');
Insert into T_REL_MARCA_TIPO
   (MARCA, TIPO)
 Values
   ('CHRYSLER', 'SPIRIT');
Insert into T_REL_MARCA_TIPO
   (MARCA, TIPO)
 Values
   ('CHRYSLER', 'STRATUS');
Insert into T_REL_MARCA_TIPO
   (MARCA, TIPO)
 Values
   ('CHRYSLER', 'TOWN COUNTRY');
Insert into T_REL_MARCA_TIPO
   (MARCA, TIPO)
 Values
   ('CHRYSLER', 'VAN');
Insert into T_REL_MARCA_TIPO
   (MARCA, TIPO)
 Values
   ('CHRYSLER', 'VERNA');
Insert into T_REL_MARCA_TIPO
   (MARCA, TIPO)
 Values
   ('CHRYSLER', 'VISION');
Insert into T_REL_MARCA_TIPO
   (MARCA, TIPO)
 Values
   ('CHRYSLER', 'VOYAGER');
Insert into T_REL_MARCA_TIPO
   (MARCA, TIPO)
 Values
   ('CHRYSLER', 'WRANGLER');
Insert into T_REL_MARCA_TIPO
   (MARCA, TIPO)
 Values
   ('CHRYSLER', '300 C');
Insert into T_REL_MARCA_TIPO
   (MARCA, TIPO)
 Values
   ('CHRYSLER', '300 M');
Insert into T_REL_MARCA_TIPO
   (MARCA, TIPO)
 Values
   ('CHRYSLER ANT', 'ATOS');
Insert into T_REL_MARCA_TIPO
   (MARCA, TIPO)
 Values
   ('CHRYSLER ANT', 'BARRACUDA');
Insert into T_REL_MARCA_TIPO
   (MARCA, TIPO)
 Values
   ('CHRYSLER ANT', 'BREEZE');
Insert into T_REL_MARCA_TIPO
   (MARCA, TIPO)
 Values
   ('CHRYSLER ANT', 'CHARGER');
Insert into T_REL_MARCA_TIPO
   (MARCA, TIPO)
 Values
   ('CHRYSLER ANT', 'CHEROKEE');
Insert into T_REL_MARCA_TIPO
   (MARCA, TIPO)
 Values
   ('CHRYSLER ANT', 'CHRYSLER 600');
Insert into T_REL_MARCA_TIPO
   (MARCA, TIPO)
 Values
   ('CHRYSLER ANT', 'CIRRUS');
Insert into T_REL_MARCA_TIPO
   (MARCA, TIPO)
 Values
   ('CHRYSLER ANT', 'CONCORDE');
Insert into T_REL_MARCA_TIPO
   (MARCA, TIPO)
 Values
   ('CHRYSLER ANT', 'CORDOBA');
Insert into T_REL_MARCA_TIPO
   (MARCA, TIPO)
 Values
   ('CHRYSLER ANT', 'CORONET');
Insert into T_REL_MARCA_TIPO
   (MARCA, TIPO)
 Values
   ('CHRYSLER ANT', 'DART');
Insert into T_REL_MARCA_TIPO
   (MARCA, TIPO)
 Values
   ('CHRYSLER ANT', 'DURANGO');
Insert into T_REL_MARCA_TIPO
   (MARCA, TIPO)
 Values
   ('CHRYSLER ANT', 'GRAND CHEROKEE');
Insert into T_REL_MARCA_TIPO
   (MARCA, TIPO)
 Values
   ('CHRYSLER ANT', 'IMPERIAL');
Insert into T_REL_MARCA_TIPO
   (MARCA, TIPO)
 Values
   ('CHRYSLER ANT', 'INTREPID');
Insert into T_REL_MARCA_TIPO
   (MARCA, TIPO)
 Values
   ('CHRYSLER ANT', 'LE BARON');
Insert into T_REL_MARCA_TIPO
   (MARCA, TIPO)
 Values
   ('CHRYSLER ANT', 'LHS');
Insert into T_REL_MARCA_TIPO
   (MARCA, TIPO)
 Values
   ('CHRYSLER ANT', 'MONACO');
Insert into T_REL_MARCA_TIPO
   (MARCA, TIPO)
 Values
   ('CHRYSLER ANT', 'NEON');
Insert into T_REL_MARCA_TIPO
   (MARCA, TIPO)
 Values
   ('CHRYSLER ANT', 'NEW YORKER');
Insert into T_REL_MARCA_TIPO
   (MARCA, TIPO)
 Values
   ('CHRYSLER ANT', 'PHANTOM');
Insert into T_REL_MARCA_TIPO
   (MARCA, TIPO)
 Values
   ('CHRYSLER ANT', 'PT CRUISER');
Insert into T_REL_MARCA_TIPO
   (MARCA, TIPO)
 Values
   ('CHRYSLER ANT', 'RAM CHARGER');
Insert into T_REL_MARCA_TIPO
   (MARCA, TIPO)
 Values
   ('CHRYSLER ANT', 'RAM WAGON');
Insert into T_REL_MARCA_TIPO
   (MARCA, TIPO)
 Values
   ('CHRYSLER ANT', 'SHADOW');
Insert into T_REL_MARCA_TIPO
   (MARCA, TIPO)
 Values
   ('CHRYSLER ANT', 'SPIRIT');
Insert into T_REL_MARCA_TIPO
   (MARCA, TIPO)
 Values
   ('CHRYSLER ANT', 'STRATUS');
Insert into T_REL_MARCA_TIPO
   (MARCA, TIPO)
 Values
   ('CHRYSLER ANT', 'VALIANT');
Insert into T_REL_MARCA_TIPO
   (MARCA, TIPO)
 Values
   ('CHRYSLER ANT', 'VOLARE');
Insert into T_REL_MARCA_TIPO
   (MARCA, TIPO)
 Values
   ('CHRYSLER ANT', 'VOYAGER');
Insert into T_REL_MARCA_TIPO
   (MARCA, TIPO)
 Values
   ('CHRYSLER ANT', 'WRANGLER');
Insert into T_REL_MARCA_TIPO
   (MARCA, TIPO)
 Values
   ('CHRYSLER ANT', '300 M');
Insert into T_REL_MARCA_TIPO
   (MARCA, TIPO)
 Values
   ('CHRYSLER1', 'PICK-UP');
Insert into T_REL_MARCA_TIPO
   (MARCA, TIPO)
 Values
   ('DINA', 'PICK-UP');
Insert into T_REL_MARCA_TIPO
   (MARCA, TIPO)
 Values
   ('DINA', 'VAN');
Insert into T_REL_MARCA_TIPO
   (MARCA, TIPO)
 Values
   ('FAMSA', 'PESADOS');
Insert into T_REL_MARCA_TIPO
   (MARCA, TIPO)
 Values
   ('FAW', 'F 1 HL');
Insert into T_REL_MARCA_TIPO
   (MARCA, TIPO)
 Values
   ('FAW', 'F5');
Insert into T_REL_MARCA_TIPO
   (MARCA, TIPO)
 Values
   ('FIAT', 'ALBEA');
Insert into T_REL_MARCA_TIPO
   (MARCA, TIPO)
 Values
   ('FIAT', 'DUCATO');
Insert into T_REL_MARCA_TIPO
   (MARCA, TIPO)
 Values
   ('FIAT', 'FIAT 500');
Insert into T_REL_MARCA_TIPO
   (MARCA, TIPO)
 Values
   ('FIAT', 'GRANDE PUNTO');
Insert into T_REL_MARCA_TIPO
   (MARCA, TIPO)
 Values
   ('FIAT', 'IDEA');
Insert into T_REL_MARCA_TIPO
   (MARCA, TIPO)
 Values
   ('FIAT', 'IDEA ADVENTURE');
Insert into T_REL_MARCA_TIPO
   (MARCA, TIPO)
 Values
   ('FIAT', 'LINEA');
Insert into T_REL_MARCA_TIPO
   (MARCA, TIPO)
 Values
   ('FIAT', 'MOBI');
Insert into T_REL_MARCA_TIPO
   (MARCA, TIPO)
 Values
   ('FIAT', 'PALIO');
Insert into T_REL_MARCA_TIPO
   (MARCA, TIPO)
 Values
   ('FIAT', 'PANDA');
Insert into T_REL_MARCA_TIPO
   (MARCA, TIPO)
 Values
   ('FIAT', 'PICK-UP');
Insert into T_REL_MARCA_TIPO
   (MARCA, TIPO)
 Values
   ('FIAT', 'PUNTO');
Insert into T_REL_MARCA_TIPO
   (MARCA, TIPO)
 Values
   ('FIAT', 'STILO');
Insert into T_REL_MARCA_TIPO
   (MARCA, TIPO)
 Values
   ('FIAT', 'TREKKING');
Insert into T_REL_MARCA_TIPO
   (MARCA, TIPO)
 Values
   ('FIAT', 'UNO');
Insert into T_REL_MARCA_TIPO
   (MARCA, TIPO)
 Values
   ('FIAT', 'VAN');
Insert into T_REL_MARCA_TIPO
   (MARCA, TIPO)
 Values
   ('FIAT', '124 SPIDER');
Insert into T_REL_MARCA_TIPO
   (MARCA, TIPO)
 Values
   ('FORD', 'AEROSTAR');
Insert into T_REL_MARCA_TIPO
   (MARCA, TIPO)
 Values
   ('FORD', 'CLUB WAGON');
Insert into T_REL_MARCA_TIPO
   (MARCA, TIPO)
 Values
   ('FORD', 'CONTOUR');
Insert into T_REL_MARCA_TIPO
   (MARCA, TIPO)
 Values
   ('FORD', 'COUGAR');
Insert into T_REL_MARCA_TIPO
   (MARCA, TIPO)
 Values
   ('FORD', 'CROWN VICTORIA');
Insert into T_REL_MARCA_TIPO
   (MARCA, TIPO)
 Values
   ('FORD', 'ECO SPORT');
Insert into T_REL_MARCA_TIPO
   (MARCA, TIPO)
 Values
   ('FORD', 'ECONOLINE');
Insert into T_REL_MARCA_TIPO
   (MARCA, TIPO)
 Values
   ('FORD', 'EDGE');
Insert into T_REL_MARCA_TIPO
   (MARCA, TIPO)
 Values
   ('FORD', 'EQUINOX');
Insert into T_REL_MARCA_TIPO
   (MARCA, TIPO)
 Values
   ('FORD', 'ESCAPE');
Insert into T_REL_MARCA_TIPO
   (MARCA, TIPO)
 Values
   ('FORD', 'ESCORT');
Insert into T_REL_MARCA_TIPO
   (MARCA, TIPO)
 Values
   ('FORD', 'ESTACAS');
Insert into T_REL_MARCA_TIPO
   (MARCA, TIPO)
 Values
   ('FORD', 'EXCURSION');
Insert into T_REL_MARCA_TIPO
   (MARCA, TIPO)
 Values
   ('FORD', 'EXPEDITION');
Insert into T_REL_MARCA_TIPO
   (MARCA, TIPO)
 Values
   ('FORD', 'EXPLORER');
Insert into T_REL_MARCA_TIPO
   (MARCA, TIPO)
 Values
   ('FORD', 'FIESTA');
Insert into T_REL_MARCA_TIPO
   (MARCA, TIPO)
 Values
   ('FORD', 'FIGO');
Insert into T_REL_MARCA_TIPO
   (MARCA, TIPO)
 Values
   ('FORD', 'FIVE HUNDRED');
Insert into T_REL_MARCA_TIPO
   (MARCA, TIPO)
 Values
   ('FORD', 'FOCUS');
Insert into T_REL_MARCA_TIPO
   (MARCA, TIPO)
 Values
   ('FORD', 'FREESTAR');
Insert into T_REL_MARCA_TIPO
   (MARCA, TIPO)
 Values
   ('FORD', 'FUSION');
Insert into T_REL_MARCA_TIPO
   (MARCA, TIPO)
 Values
   ('FORD', 'GHIA');
Insert into T_REL_MARCA_TIPO
   (MARCA, TIPO)
 Values
   ('FORD', 'GRAND MARQUIS');
Insert into T_REL_MARCA_TIPO
   (MARCA, TIPO)
 Values
   ('FORD', 'IKON');
Insert into T_REL_MARCA_TIPO
   (MARCA, TIPO)
 Values
   ('FORD', 'KA');
Insert into T_REL_MARCA_TIPO
   (MARCA, TIPO)
 Values
   ('FORD', 'LOBO');
Insert into T_REL_MARCA_TIPO
   (MARCA, TIPO)
 Values
   ('FORD', 'MONDEO');
Insert into T_REL_MARCA_TIPO
   (MARCA, TIPO)
 Values
   ('FORD', 'MUSTANG');
Insert into T_REL_MARCA_TIPO
   (MARCA, TIPO)
 Values
   ('FORD', 'MYSTIQUE');
Insert into T_REL_MARCA_TIPO
   (MARCA, TIPO)
 Values
   ('FORD', 'PICK UP');
Insert into T_REL_MARCA_TIPO
   (MARCA, TIPO)
 Values
   ('FORD', 'PICK-UP');
Insert into T_REL_MARCA_TIPO
   (MARCA, TIPO)
 Values
   ('FORD', 'SABLE');
Insert into T_REL_MARCA_TIPO
   (MARCA, TIPO)
 Values
   ('FORD', 'THUNDERBIRD');
Insert into T_REL_MARCA_TIPO
   (MARCA, TIPO)
 Values
   ('FORD', 'TOPAZ');
Insert into T_REL_MARCA_TIPO
   (MARCA, TIPO)
 Values
   ('FORD', 'TRANSIT');
Insert into T_REL_MARCA_TIPO
   (MARCA, TIPO)
 Values
   ('FORD', 'VAN');
Insert into T_REL_MARCA_TIPO
   (MARCA, TIPO)
 Values
   ('FORD', 'WINDSTAR');
Insert into T_REL_MARCA_TIPO
   (MARCA, TIPO)
 Values
   ('FORD ANT', 'AEROSTAR');
Insert into T_REL_MARCA_TIPO
   (MARCA, TIPO)
 Values
   ('FORD ANT', 'CLUB WAGON');
Insert into T_REL_MARCA_TIPO
   (MARCA, TIPO)
 Values
   ('FORD ANT', 'CONTOUR');
Insert into T_REL_MARCA_TIPO
   (MARCA, TIPO)
 Values
   ('FORD ANT', 'COUGAR');
Insert into T_REL_MARCA_TIPO
   (MARCA, TIPO)
 Values
   ('FORD ANT', 'ECONOLINE WAGON');
Insert into T_REL_MARCA_TIPO
   (MARCA, TIPO)
 Values
   ('FORD ANT', 'ESCAPE');
Insert into T_REL_MARCA_TIPO
   (MARCA, TIPO)
 Values
   ('FORD ANT', 'ESCORT');
Insert into T_REL_MARCA_TIPO
   (MARCA, TIPO)
 Values
   ('FORD ANT', 'EXCURSION');
Insert into T_REL_MARCA_TIPO
   (MARCA, TIPO)
 Values
   ('FORD ANT', 'EXPEDITION');
Insert into T_REL_MARCA_TIPO
   (MARCA, TIPO)
 Values
   ('FORD ANT', 'EXPLORER');
Insert into T_REL_MARCA_TIPO
   (MARCA, TIPO)
 Values
   ('FORD ANT', 'FAIRMONT');
Insert into T_REL_MARCA_TIPO
   (MARCA, TIPO)
 Values
   ('FORD ANT', 'FALCON');
Insert into T_REL_MARCA_TIPO
   (MARCA, TIPO)
 Values
   ('FORD ANT', 'FIESTA');
Insert into T_REL_MARCA_TIPO
   (MARCA, TIPO)
 Values
   ('FORD ANT', 'FOCUS');
Insert into T_REL_MARCA_TIPO
   (MARCA, TIPO)
 Values
   ('FORD ANT', 'GALAXIE 500');
Insert into T_REL_MARCA_TIPO
   (MARCA, TIPO)
 Values
   ('FORD ANT', 'GHIA');
Insert into T_REL_MARCA_TIPO
   (MARCA, TIPO)
 Values
   ('FORD ANT', 'GRAND MARQUIS');
Insert into T_REL_MARCA_TIPO
   (MARCA, TIPO)
 Values
   ('FORD ANT', 'KA');
Insert into T_REL_MARCA_TIPO
   (MARCA, TIPO)
 Values
   ('FORD ANT', 'LTD');
Insert into T_REL_MARCA_TIPO
   (MARCA, TIPO)
 Values
   ('FORD ANT', 'MAVERICK');
Insert into T_REL_MARCA_TIPO
   (MARCA, TIPO)
 Values
   ('FORD ANT', 'MONDEO');
Insert into T_REL_MARCA_TIPO
   (MARCA, TIPO)
 Values
   ('FORD ANT', 'MUSTANG');
Insert into T_REL_MARCA_TIPO
   (MARCA, TIPO)
 Values
   ('FORD ANT', 'MYSTIQUE');
Insert into T_REL_MARCA_TIPO
   (MARCA, TIPO)
 Values
   ('FORD ANT', 'SABLE');
Insert into T_REL_MARCA_TIPO
   (MARCA, TIPO)
 Values
   ('FORD ANT', 'TAURUS');
Insert into T_REL_MARCA_TIPO
   (MARCA, TIPO)
 Values
   ('FORD ANT', 'THUNDERBIRD');
Insert into T_REL_MARCA_TIPO
   (MARCA, TIPO)
 Values
   ('FORD ANT', 'TOPAZ');
Insert into T_REL_MARCA_TIPO
   (MARCA, TIPO)
 Values
   ('FORD ANT', 'WINDSTAR');
Insert into T_REL_MARCA_TIPO
   (MARCA, TIPO)
 Values
   ('FORD1', 'PICK-UP');
Insert into T_REL_MARCA_TIPO
   (MARCA, TIPO)
 Values
   ('FRONTERIZOS', 'AUTO ANTIGUO');
Insert into T_REL_MARCA_TIPO
   (MARCA, TIPO)
 Values
   ('FRONTERIZOS', 'FRONTERIZO');
Insert into T_REL_MARCA_TIPO
   (MARCA, TIPO)
 Values
   ('HINO', 'HASTA 3.5 TONS');
Insert into T_REL_MARCA_TIPO
   (MARCA, TIPO)
 Values
   ('HONDA', 'ACCORD');
Insert into T_REL_MARCA_TIPO
   (MARCA, TIPO)
 Values
   ('HONDA', 'BR-V');
Insert into T_REL_MARCA_TIPO
   (MARCA, TIPO)
 Values
   ('HONDA', 'CITY');
Insert into T_REL_MARCA_TIPO
   (MARCA, TIPO)
 Values
   ('HONDA', 'CIVIC');
Insert into T_REL_MARCA_TIPO
   (MARCA, TIPO)
 Values
   ('HONDA', 'CR-V');
Insert into T_REL_MARCA_TIPO
   (MARCA, TIPO)
 Values
   ('HONDA', 'CR-Z');
Insert into T_REL_MARCA_TIPO
   (MARCA, TIPO)
 Values
   ('HONDA', 'FIT');
Insert into T_REL_MARCA_TIPO
   (MARCA, TIPO)
 Values
   ('HONDA', 'HR-V');
Insert into T_REL_MARCA_TIPO
   (MARCA, TIPO)
 Values
   ('HONDA', 'INSIGHT');
Insert into T_REL_MARCA_TIPO
   (MARCA, TIPO)
 Values
   ('HONDA', 'ODYSSEY');
Insert into T_REL_MARCA_TIPO
   (MARCA, TIPO)
 Values
   ('HONDA', 'PICK-UP');
Insert into T_REL_MARCA_TIPO
   (MARCA, TIPO)
 Values
   ('HONDA', 'PILOT');
Insert into T_REL_MARCA_TIPO
   (MARCA, TIPO)
 Values
   ('HONDA ANT', 'ACCORD');
Insert into T_REL_MARCA_TIPO
   (MARCA, TIPO)
 Values
   ('HONDA ANT', 'CIVIC');
Insert into T_REL_MARCA_TIPO
   (MARCA, TIPO)
 Values
   ('HONDA ANT', 'ODYSSEY');
Insert into T_REL_MARCA_TIPO
   (MARCA, TIPO)
 Values
   ('HONDA1', 'PICK-UP');
Insert into T_REL_MARCA_TIPO
   (MARCA, TIPO)
 Values
   ('HUMMER', 'H2');
Insert into T_REL_MARCA_TIPO
   (MARCA, TIPO)
 Values
   ('HUMMER', 'H3');
Insert into T_REL_MARCA_TIPO
   (MARCA, TIPO)
 Values
   ('HYUNDAI', 'ACCENT');
Insert into T_REL_MARCA_TIPO
   (MARCA, TIPO)
 Values
   ('HYUNDAI', 'CRETA');
Insert into T_REL_MARCA_TIPO
   (MARCA, TIPO)
 Values
   ('HYUNDAI', 'ELANTRA');
Insert into T_REL_MARCA_TIPO
   (MARCA, TIPO)
 Values
   ('HYUNDAI', 'GRAND i10');
Insert into T_REL_MARCA_TIPO
   (MARCA, TIPO)
 Values
   ('HYUNDAI', 'IONIQ');
Insert into T_REL_MARCA_TIPO
   (MARCA, TIPO)
 Values
   ('HYUNDAI', 'ix35');
Insert into T_REL_MARCA_TIPO
   (MARCA, TIPO)
 Values
   ('HYUNDAI', 'SANTA FE');
Insert into T_REL_MARCA_TIPO
   (MARCA, TIPO)
 Values
   ('HYUNDAI', 'SONATA');
Insert into T_REL_MARCA_TIPO
   (MARCA, TIPO)
 Values
   ('HYUNDAI', 'STAREX');
Insert into T_REL_MARCA_TIPO
   (MARCA, TIPO)
 Values
   ('HYUNDAI', 'TUCSON');
Insert into T_REL_MARCA_TIPO
   (MARCA, TIPO)
 Values
   ('HYUNDAI', 'VAN');
Insert into T_REL_MARCA_TIPO
   (MARCA, TIPO)
 Values
   ('INFINITI', 'FX35');
Insert into T_REL_MARCA_TIPO
   (MARCA, TIPO)
 Values
   ('INFINITI', 'FX37');
Insert into T_REL_MARCA_TIPO
   (MARCA, TIPO)
 Values
   ('INFINITI', 'FX50');
Insert into T_REL_MARCA_TIPO
   (MARCA, TIPO)
 Values
   ('INFINITI', 'G37');
Insert into T_REL_MARCA_TIPO
   (MARCA, TIPO)
 Values
   ('INFINITI', 'JX');
Insert into T_REL_MARCA_TIPO
   (MARCA, TIPO)
 Values
   ('INFINITI', 'M37');
Insert into T_REL_MARCA_TIPO
   (MARCA, TIPO)
 Values
   ('INFINITI', 'M56');
Insert into T_REL_MARCA_TIPO
   (MARCA, TIPO)
 Values
   ('INFINITI', 'QX30');
Insert into T_REL_MARCA_TIPO
   (MARCA, TIPO)
 Values
   ('INFINITI', 'QX50');
Insert into T_REL_MARCA_TIPO
   (MARCA, TIPO)
 Values
   ('INFINITI', 'QX56');
Insert into T_REL_MARCA_TIPO
   (MARCA, TIPO)
 Values
   ('INFINITI', 'QX60');
Insert into T_REL_MARCA_TIPO
   (MARCA, TIPO)
 Values
   ('INFINITI', 'QX70');
Insert into T_REL_MARCA_TIPO
   (MARCA, TIPO)
 Values
   ('INFINITI', 'QX80');
Insert into T_REL_MARCA_TIPO
   (MARCA, TIPO)
 Values
   ('INFINITI', 'Q50');
Insert into T_REL_MARCA_TIPO
   (MARCA, TIPO)
 Values
   ('INFINITI', 'Q60');
Insert into T_REL_MARCA_TIPO
   (MARCA, TIPO)
 Values
   ('INFINITI', 'Q70');
Insert into T_REL_MARCA_TIPO
   (MARCA, TIPO)
 Values
   ('INFINITI ANT', 'I-30');
Insert into T_REL_MARCA_TIPO
   (MARCA, TIPO)
 Values
   ('INFINITI ANT', 'Q-45');
Insert into T_REL_MARCA_TIPO
   (MARCA, TIPO)
 Values
   ('INTERNATIONAL', 'HASTA 3.5 TONS');
Insert into T_REL_MARCA_TIPO
   (MARCA, TIPO)
 Values
   ('ISUZU', 'ELF 100');
Insert into T_REL_MARCA_TIPO
   (MARCA, TIPO)
 Values
   ('ISUZU', 'ESTACAS');
Insert into T_REL_MARCA_TIPO
   (MARCA, TIPO)
 Values
   ('JAC', 'J4');
Insert into T_REL_MARCA_TIPO
   (MARCA, TIPO)
 Values
   ('JAC', 'PICK-UP');
Insert into T_REL_MARCA_TIPO
   (MARCA, TIPO)
 Values
   ('JAC', 'SEI 2');
Insert into T_REL_MARCA_TIPO
   (MARCA, TIPO)
 Values
   ('JAC', 'SEI 3');
Insert into T_REL_MARCA_TIPO
   (MARCA, TIPO)
 Values
   ('JAC', 'SEI 4');
Insert into T_REL_MARCA_TIPO
   (MARCA, TIPO)
 Values
   ('JAC', 'SEI 7');
Insert into T_REL_MARCA_TIPO
   (MARCA, TIPO)
 Values
   ('JAGUAR', 'JAGUAR F');
Insert into T_REL_MARCA_TIPO
   (MARCA, TIPO)
 Values
   ('JAGUAR', 'JAGUAR F PACE');
Insert into T_REL_MARCA_TIPO
   (MARCA, TIPO)
 Values
   ('JAGUAR', 'JAGUAR S-TYPE');
Insert into T_REL_MARCA_TIPO
   (MARCA, TIPO)
 Values
   ('JAGUAR', 'JAGUAR XE');
Insert into T_REL_MARCA_TIPO
   (MARCA, TIPO)
 Values
   ('JAGUAR', 'JAGUAR XF');
Insert into T_REL_MARCA_TIPO
   (MARCA, TIPO)
 Values
   ('JAGUAR', 'JAGUAR X-TYPE');
Insert into T_REL_MARCA_TIPO
   (MARCA, TIPO)
 Values
   ('JAGUAR', 'S-TYPE');
Insert into T_REL_MARCA_TIPO
   (MARCA, TIPO)
 Values
   ('JAGUAR', 'XJR');
Insert into T_REL_MARCA_TIPO
   (MARCA, TIPO)
 Values
   ('JAGUAR', 'XJ8');
Insert into T_REL_MARCA_TIPO
   (MARCA, TIPO)
 Values
   ('JAGUAR', 'XKR');
Insert into T_REL_MARCA_TIPO
   (MARCA, TIPO)
 Values
   ('JAGUAR', 'XK8');
Insert into T_REL_MARCA_TIPO
   (MARCA, TIPO)
 Values
   ('JAGUAR', 'X-TYPE');
Insert into T_REL_MARCA_TIPO
   (MARCA, TIPO)
 Values
   ('JAGUAR ANT', 'MARK');
Insert into T_REL_MARCA_TIPO
   (MARCA, TIPO)
 Values
   ('JAGUAR ANT', 'S');
Insert into T_REL_MARCA_TIPO
   (MARCA, TIPO)
 Values
   ('JAGUAR ANT', 'XJ');
Insert into T_REL_MARCA_TIPO
   (MARCA, TIPO)
 Values
   ('JAGUAR ANT', 'XK');
Insert into T_REL_MARCA_TIPO
   (MARCA, TIPO)
 Values
   ('KIA', 'FORTE');
Insert into T_REL_MARCA_TIPO
   (MARCA, TIPO)
 Values
   ('KIA', 'NIRO');
Insert into T_REL_MARCA_TIPO
   (MARCA, TIPO)
 Values
   ('KIA', 'OPTIMA');
Insert into T_REL_MARCA_TIPO
   (MARCA, TIPO)
 Values
   ('KIA', 'RIO');
Insert into T_REL_MARCA_TIPO
   (MARCA, TIPO)
 Values
   ('KIA', 'SEDONA');
Insert into T_REL_MARCA_TIPO
   (MARCA, TIPO)
 Values
   ('KIA', 'SORENTO');
Insert into T_REL_MARCA_TIPO
   (MARCA, TIPO)
 Values
   ('KIA', 'SOUL');
Insert into T_REL_MARCA_TIPO
   (MARCA, TIPO)
 Values
   ('KIA', 'SPORTAGE');
Insert into T_REL_MARCA_TIPO
   (MARCA, TIPO)
 Values
   ('KIA', 'STINGER');
Insert into T_REL_MARCA_TIPO
   (MARCA, TIPO)
 Values
   ('LAND ROVER', 'CLUB');
Insert into T_REL_MARCA_TIPO
   (MARCA, TIPO)
 Values
   ('LAND ROVER', 'CONNOISEUR');
Insert into T_REL_MARCA_TIPO
   (MARCA, TIPO)
 Values
   ('LAND ROVER', 'DEFENDER');
Insert into T_REL_MARCA_TIPO
   (MARCA, TIPO)
 Values
   ('LAND ROVER', 'DISCOVERY');
Insert into T_REL_MARCA_TIPO
   (MARCA, TIPO)
 Values
   ('LAND ROVER', 'EVOQUE');
Insert into T_REL_MARCA_TIPO
   (MARCA, TIPO)
 Values
   ('LAND ROVER', 'FREELANDER');
Insert into T_REL_MARCA_TIPO
   (MARCA, TIPO)
 Values
   ('LAND ROVER', 'LR MINI COOPER');
Insert into T_REL_MARCA_TIPO
   (MARCA, TIPO)
 Values
   ('LAND ROVER', 'LR2');
Insert into T_REL_MARCA_TIPO
   (MARCA, TIPO)
 Values
   ('LAND ROVER', 'LR3');
Insert into T_REL_MARCA_TIPO
   (MARCA, TIPO)
 Values
   ('LAND ROVER', 'LR4');
Insert into T_REL_MARCA_TIPO
   (MARCA, TIPO)
 Values
   ('LAND ROVER', 'MINI COOPER');
Insert into T_REL_MARCA_TIPO
   (MARCA, TIPO)
 Values
   ('LAND ROVER', 'RANGE ROVER');
Insert into T_REL_MARCA_TIPO
   (MARCA, TIPO)
 Values
   ('LAND ROVER', 'VELAR');
Insert into T_REL_MARCA_TIPO
   (MARCA, TIPO)
 Values
   ('LAND ROVER ANT', 'DISCOVERY');
Insert into T_REL_MARCA_TIPO
   (MARCA, TIPO)
 Values
   ('LAND ROVER ANT', 'FREELANDER');
Insert into T_REL_MARCA_TIPO
   (MARCA, TIPO)
 Values
   ('LAND ROVER ANT', 'RANGE ROVER');
Insert into T_REL_MARCA_TIPO
   (MARCA, TIPO)
 Values
   ('LINCOLN', 'AVIATOR');
Insert into T_REL_MARCA_TIPO
   (MARCA, TIPO)
 Values
   ('LINCOLN', 'BLACK WOOD');
Insert into T_REL_MARCA_TIPO
   (MARCA, TIPO)
 Values
   ('LINCOLN', 'CONTINENTAL');
Insert into T_REL_MARCA_TIPO
   (MARCA, TIPO)
 Values
   ('LINCOLN', 'LS');
Insert into T_REL_MARCA_TIPO
   (MARCA, TIPO)
 Values
   ('LINCOLN', 'MARK LT');
Insert into T_REL_MARCA_TIPO
   (MARCA, TIPO)
 Values
   ('LINCOLN', 'MARK VII');
Insert into T_REL_MARCA_TIPO
   (MARCA, TIPO)
 Values
   ('LINCOLN', 'MARK VIII');
Insert into T_REL_MARCA_TIPO
   (MARCA, TIPO)
 Values
   ('LINCOLN', 'MKC');
Insert into T_REL_MARCA_TIPO
   (MARCA, TIPO)
 Values
   ('LINCOLN', 'MKS');
Insert into T_REL_MARCA_TIPO
   (MARCA, TIPO)
 Values
   ('LINCOLN', 'MKX');
Insert into T_REL_MARCA_TIPO
   (MARCA, TIPO)
 Values
   ('LINCOLN', 'MKZ');
Insert into T_REL_MARCA_TIPO
   (MARCA, TIPO)
 Values
   ('LINCOLN', 'NAUTILUS');
Insert into T_REL_MARCA_TIPO
   (MARCA, TIPO)
 Values
   ('LINCOLN', 'NAVIGATOR');
Insert into T_REL_MARCA_TIPO
   (MARCA, TIPO)
 Values
   ('LINCOLN', 'SIGNATURE');
Insert into T_REL_MARCA_TIPO
   (MARCA, TIPO)
 Values
   ('LINCOLN', 'TOWN CAR');
Insert into T_REL_MARCA_TIPO
   (MARCA, TIPO)
 Values
   ('LINCOLN', 'ZEPHYR');
Insert into T_REL_MARCA_TIPO
   (MARCA, TIPO)
 Values
   ('LINCOLN ANT', 'CONTINENTAL');
Insert into T_REL_MARCA_TIPO
   (MARCA, TIPO)
 Values
   ('LINCOLN ANT', 'LINCOLN LS');
Insert into T_REL_MARCA_TIPO
   (MARCA, TIPO)
 Values
   ('LINCOLN ANT', 'MARK III');
Insert into T_REL_MARCA_TIPO
   (MARCA, TIPO)
 Values
   ('LINCOLN ANT', 'NAVIGATOR');
Insert into T_REL_MARCA_TIPO
   (MARCA, TIPO)
 Values
   ('LINCOLN ANT', 'TOWN CAR');
Insert into T_REL_MARCA_TIPO
   (MARCA, TIPO)
 Values
   ('LUJO', 'AUTOS DE LUJO A');
Insert into T_REL_MARCA_TIPO
   (MARCA, TIPO)
 Values
   ('LUJO2', 'AUTOS DE LUJO A');
Insert into T_REL_MARCA_TIPO
   (MARCA, TIPO)
 Values
   ('MAZDA', 'CX-7');
Insert into T_REL_MARCA_TIPO
   (MARCA, TIPO)
 Values
   ('MAZDA', 'CX-9');
Insert into T_REL_MARCA_TIPO
   (MARCA, TIPO)
 Values
   ('MAZDA', 'MAZDA CX-3');
Insert into T_REL_MARCA_TIPO
   (MARCA, TIPO)
 Values
   ('MAZDA', 'MAZDA CX-30');
Insert into T_REL_MARCA_TIPO
   (MARCA, TIPO)
 Values
   ('MAZDA', 'MAZDA CX-5');
Insert into T_REL_MARCA_TIPO
   (MARCA, TIPO)
 Values
   ('MAZDA', 'MAZDA CX7');
Insert into T_REL_MARCA_TIPO
   (MARCA, TIPO)
 Values
   ('MAZDA', 'MAZDA CX-9');
Insert into T_REL_MARCA_TIPO
   (MARCA, TIPO)
 Values
   ('MAZDA', 'MAZDA MX 5');
Insert into T_REL_MARCA_TIPO
   (MARCA, TIPO)
 Values
   ('MAZDA', 'MAZDA 2');
Insert into T_REL_MARCA_TIPO
   (MARCA, TIPO)
 Values
   ('MAZDA', 'MAZDA 3');
Insert into T_REL_MARCA_TIPO
   (MARCA, TIPO)
 Values
   ('MAZDA', 'MAZDA 5');
Insert into T_REL_MARCA_TIPO
   (MARCA, TIPO)
 Values
   ('MAZDA', 'MAZDA 6');
Insert into T_REL_MARCA_TIPO
   (MARCA, TIPO)
 Values
   ('MAZDA', 'MX - 5');
Insert into T_REL_MARCA_TIPO
   (MARCA, TIPO)
 Values
   ('MERCEDES ANT', 'CLASE A');
Insert into T_REL_MARCA_TIPO
   (MARCA, TIPO)
 Values
   ('MERCEDES ANT', 'CLASE C');
Insert into T_REL_MARCA_TIPO
   (MARCA, TIPO)
 Values
   ('MERCEDES ANT', 'CLASE CL');
Insert into T_REL_MARCA_TIPO
   (MARCA, TIPO)
 Values
   ('MERCEDES ANT', 'CLASE CLK');
Insert into T_REL_MARCA_TIPO
   (MARCA, TIPO)
 Values
   ('MERCEDES ANT', 'CLASE E');
Insert into T_REL_MARCA_TIPO
   (MARCA, TIPO)
 Values
   ('MERCEDES ANT', 'CLASE G');
Insert into T_REL_MARCA_TIPO
   (MARCA, TIPO)
 Values
   ('MERCEDES ANT', 'CLASE M');
Insert into T_REL_MARCA_TIPO
   (MARCA, TIPO)
 Values
   ('MERCEDES ANT', 'CLASE S');
Insert into T_REL_MARCA_TIPO
   (MARCA, TIPO)
 Values
   ('MERCEDES ANT', 'CLASE SL');
Insert into T_REL_MARCA_TIPO
   (MARCA, TIPO)
 Values
   ('MERCEDES ANT', 'CLASE SLK');
Insert into T_REL_MARCA_TIPO
   (MARCA, TIPO)
 Values
   ('MERCEDES ANT', '180');
Insert into T_REL_MARCA_TIPO
   (MARCA, TIPO)
 Values
   ('MERCEDES ANT', '190');
Insert into T_REL_MARCA_TIPO
   (MARCA, TIPO)
 Values
   ('MERCEDES ANT', '220');
Insert into T_REL_MARCA_TIPO
   (MARCA, TIPO)
 Values
   ('MERCEDES BENZ', 'CLASE A');
Insert into T_REL_MARCA_TIPO
   (MARCA, TIPO)
 Values
   ('MERCEDES BENZ', 'CLASE B');
Insert into T_REL_MARCA_TIPO
   (MARCA, TIPO)
 Values
   ('MERCEDES BENZ', 'CLASE C');
Insert into T_REL_MARCA_TIPO
   (MARCA, TIPO)
 Values
   ('MERCEDES BENZ', 'CLASE CL');
Insert into T_REL_MARCA_TIPO
   (MARCA, TIPO)
 Values
   ('MERCEDES BENZ', 'CLASE CLA');
Insert into T_REL_MARCA_TIPO
   (MARCA, TIPO)
 Values
   ('MERCEDES BENZ', 'CLASE CLK');
Insert into T_REL_MARCA_TIPO
   (MARCA, TIPO)
 Values
   ('MERCEDES BENZ', 'CLASE CLS');
Insert into T_REL_MARCA_TIPO
   (MARCA, TIPO)
 Values
   ('MERCEDES BENZ', 'CLASE E');
Insert into T_REL_MARCA_TIPO
   (MARCA, TIPO)
 Values
   ('MERCEDES BENZ', 'CLASE G');
Insert into T_REL_MARCA_TIPO
   (MARCA, TIPO)
 Values
   ('MERCEDES BENZ', 'CLASE GL');
Insert into T_REL_MARCA_TIPO
   (MARCA, TIPO)
 Values
   ('MERCEDES BENZ', 'CLASE GLA');
Insert into T_REL_MARCA_TIPO
   (MARCA, TIPO)
 Values
   ('MERCEDES BENZ', 'CLASE GLC');
Insert into T_REL_MARCA_TIPO
   (MARCA, TIPO)
 Values
   ('MERCEDES BENZ', 'CLASE GLE');
Insert into T_REL_MARCA_TIPO
   (MARCA, TIPO)
 Values
   ('MERCEDES BENZ', 'CLASE GLK');
Insert into T_REL_MARCA_TIPO
   (MARCA, TIPO)
 Values
   ('MERCEDES BENZ', 'CLASE GLS');
Insert into T_REL_MARCA_TIPO
   (MARCA, TIPO)
 Values
   ('MERCEDES BENZ', 'CLASE ML');
Insert into T_REL_MARCA_TIPO
   (MARCA, TIPO)
 Values
   ('MERCEDES BENZ', 'CLASE R');
Insert into T_REL_MARCA_TIPO
   (MARCA, TIPO)
 Values
   ('MERCEDES BENZ', 'CLASE S');
Insert into T_REL_MARCA_TIPO
   (MARCA, TIPO)
 Values
   ('MERCEDES BENZ', 'CLASE SL');
Insert into T_REL_MARCA_TIPO
   (MARCA, TIPO)
 Values
   ('MERCEDES BENZ', 'CLASE SLC');
Insert into T_REL_MARCA_TIPO
   (MARCA, TIPO)
 Values
   ('MERCEDES BENZ', 'CLASE SLK');
Insert into T_REL_MARCA_TIPO
   (MARCA, TIPO)
 Values
   ('MERCEDES BENZ', 'CLASE V');
Insert into T_REL_MARCA_TIPO
   (MARCA, TIPO)
 Values
   ('MERCEDES BENZ', 'G 500 L');
Insert into T_REL_MARCA_TIPO
   (MARCA, TIPO)
 Values
   ('MERCEDES BENZ', 'SMART');
Insert into T_REL_MARCA_TIPO
   (MARCA, TIPO)
 Values
   ('MERCEDES BENZ', 'SMART ROADSTER');
Insert into T_REL_MARCA_TIPO
   (MARCA, TIPO)
 Values
   ('MERCEDES BENZ', 'SPRINTER');
Insert into T_REL_MARCA_TIPO
   (MARCA, TIPO)
 Values
   ('MERCEDES BENZ', 'VAN');
Insert into T_REL_MARCA_TIPO
   (MARCA, TIPO)
 Values
   ('MERCEDES BENZ', 'VIANO');
Insert into T_REL_MARCA_TIPO
   (MARCA, TIPO)
 Values
   ('MERCEDES BENZ', 'VITO');
Insert into T_REL_MARCA_TIPO
   (MARCA, TIPO)
 Values
   ('MERCURY', 'MARINER');
Insert into T_REL_MARCA_TIPO
   (MARCA, TIPO)
 Values
   ('MERCURY', 'MILAN');
Insert into T_REL_MARCA_TIPO
   (MARCA, TIPO)
 Values
   ('MERCURY', 'MONTEGO');
Insert into T_REL_MARCA_TIPO
   (MARCA, TIPO)
 Values
   ('MERCURY', 'MYSTIQUE');
Insert into T_REL_MARCA_TIPO
   (MARCA, TIPO)
 Values
   ('MERCURY', 'SABLE');
Insert into T_REL_MARCA_TIPO
   (MARCA, TIPO)
 Values
   ('MINI ANT', 'COOPER');
Insert into T_REL_MARCA_TIPO
   (MARCA, TIPO)
 Values
   ('MITSUBISHI', 'ASX');
Insert into T_REL_MARCA_TIPO
   (MARCA, TIPO)
 Values
   ('MITSUBISHI', 'ECLIPSE');
Insert into T_REL_MARCA_TIPO
   (MARCA, TIPO)
 Values
   ('MITSUBISHI', 'ECLIPSE CROSS');
Insert into T_REL_MARCA_TIPO
   (MARCA, TIPO)
 Values
   ('MITSUBISHI', 'ENDEAVOR');
Insert into T_REL_MARCA_TIPO
   (MARCA, TIPO)
 Values
   ('MITSUBISHI', 'GALANT');
Insert into T_REL_MARCA_TIPO
   (MARCA, TIPO)
 Values
   ('MITSUBISHI', 'GRANDIS');
Insert into T_REL_MARCA_TIPO
   (MARCA, TIPO)
 Values
   ('MITSUBISHI', 'LANCER');
Insert into T_REL_MARCA_TIPO
   (MARCA, TIPO)
 Values
   ('MITSUBISHI', 'MIRAGE');
Insert into T_REL_MARCA_TIPO
   (MARCA, TIPO)
 Values
   ('MITSUBISHI', 'MONTERO');
Insert into T_REL_MARCA_TIPO
   (MARCA, TIPO)
 Values
   ('MITSUBISHI', 'OUTLANDER');
Insert into T_REL_MARCA_TIPO
   (MARCA, TIPO)
 Values
   ('MITSUBISHI', 'PICK-UP');
Insert into T_REL_MARCA_TIPO
   (MARCA, TIPO)
 Values
   ('MITSUBISHI', 'POLO');
Insert into T_REL_MARCA_TIPO
   (MARCA, TIPO)
 Values
   ('MITSUBISHI', 'SPACE STAR');
Insert into T_REL_MARCA_TIPO
   (MARCA, TIPO)
 Values
   ('MORGAN ANT', 'MG');
Insert into T_REL_MARCA_TIPO
   (MARCA, TIPO)
 Values
   ('NISSAN', 'ALMERA');
Insert into T_REL_MARCA_TIPO
   (MARCA, TIPO)
 Values
   ('NISSAN', 'ALTIMA');
Insert into T_REL_MARCA_TIPO
   (MARCA, TIPO)
 Values
   ('NISSAN', 'APRIO');
Insert into T_REL_MARCA_TIPO
   (MARCA, TIPO)
 Values
   ('NISSAN', 'ARMADA');
Insert into T_REL_MARCA_TIPO
   (MARCA, TIPO)
 Values
   ('NISSAN', 'ESTACAS');
Insert into T_REL_MARCA_TIPO
   (MARCA, TIPO)
 Values
   ('NISSAN', 'FRONTIER');
Insert into T_REL_MARCA_TIPO
   (MARCA, TIPO)
 Values
   ('NISSAN', 'ICHI VAN');
Insert into T_REL_MARCA_TIPO
   (MARCA, TIPO)
 Values
   ('NISSAN', 'INFINITY I -30');
Insert into T_REL_MARCA_TIPO
   (MARCA, TIPO)
 Values
   ('NISSAN', 'INFINITY I -35');
Insert into T_REL_MARCA_TIPO
   (MARCA, TIPO)
 Values
   ('NISSAN', 'INFINITY Q -45');
Insert into T_REL_MARCA_TIPO
   (MARCA, TIPO)
 Values
   ('NISSAN', 'INFINITY QX4');
Insert into T_REL_MARCA_TIPO
   (MARCA, TIPO)
 Values
   ('NISSAN', 'I-30');
Insert into T_REL_MARCA_TIPO
   (MARCA, TIPO)
 Values
   ('NISSAN', 'I-35');
Insert into T_REL_MARCA_TIPO
   (MARCA, TIPO)
 Values
   ('NISSAN', 'JUKE');
Insert into T_REL_MARCA_TIPO
   (MARCA, TIPO)
 Values
   ('NISSAN', 'KICKS');
Insert into T_REL_MARCA_TIPO
   (MARCA, TIPO)
 Values
   ('NISSAN', 'LEAF');
Insert into T_REL_MARCA_TIPO
   (MARCA, TIPO)
 Values
   ('NISSAN', 'LUCINO');
Insert into T_REL_MARCA_TIPO
   (MARCA, TIPO)
 Values
   ('NISSAN', 'MARCH');
Insert into T_REL_MARCA_TIPO
   (MARCA, TIPO)
 Values
   ('NISSAN', 'MAXIMA');
Insert into T_REL_MARCA_TIPO
   (MARCA, TIPO)
 Values
   ('NISSAN', 'MICRA');
Insert into T_REL_MARCA_TIPO
   (MARCA, TIPO)
 Values
   ('NISSAN', 'MURANO');
Insert into T_REL_MARCA_TIPO
   (MARCA, TIPO)
 Values
   ('NISSAN', 'NOTE');
Insert into T_REL_MARCA_TIPO
   (MARCA, TIPO)
 Values
   ('NISSAN', 'PATHFINDER');
Insert into T_REL_MARCA_TIPO
   (MARCA, TIPO)
 Values
   ('NISSAN', 'PATHFINDER ARMA');
Insert into T_REL_MARCA_TIPO
   (MARCA, TIPO)
 Values
   ('NISSAN', 'PICK-UP');
Insert into T_REL_MARCA_TIPO
   (MARCA, TIPO)
 Values
   ('NISSAN', 'PLATINA');
Insert into T_REL_MARCA_TIPO
   (MARCA, TIPO)
 Values
   ('NISSAN', 'Q - 45');
Insert into T_REL_MARCA_TIPO
   (MARCA, TIPO)
 Values
   ('NISSAN', 'QUEST');
Insert into T_REL_MARCA_TIPO
   (MARCA, TIPO)
 Values
   ('NISSAN', 'QX4');
Insert into T_REL_MARCA_TIPO
   (MARCA, TIPO)
 Values
   ('NISSAN', 'ROGUE');
Insert into T_REL_MARCA_TIPO
   (MARCA, TIPO)
 Values
   ('NISSAN', 'SENTRA');
Insert into T_REL_MARCA_TIPO
   (MARCA, TIPO)
 Values
   ('NISSAN', 'TIIDA');
Insert into T_REL_MARCA_TIPO
   (MARCA, TIPO)
 Values
   ('NISSAN', 'TSUBAME');
Insert into T_REL_MARCA_TIPO
   (MARCA, TIPO)
 Values
   ('NISSAN', 'TSURU');
Insert into T_REL_MARCA_TIPO
   (MARCA, TIPO)
 Values
   ('NISSAN', 'URVAN');
Insert into T_REL_MARCA_TIPO
   (MARCA, TIPO)
 Values
   ('NISSAN', 'VAN');
Insert into T_REL_MARCA_TIPO
   (MARCA, TIPO)
 Values
   ('NISSAN', 'V-DRIVE');
Insert into T_REL_MARCA_TIPO
   (MARCA, TIPO)
 Values
   ('NISSAN', 'VERSA');
Insert into T_REL_MARCA_TIPO
   (MARCA, TIPO)
 Values
   ('NISSAN', 'X TERRA');
Insert into T_REL_MARCA_TIPO
   (MARCA, TIPO)
 Values
   ('NISSAN', 'X-TRAIL');
Insert into T_REL_MARCA_TIPO
   (MARCA, TIPO)
 Values
   ('NISSAN', '240 SX');
Insert into T_REL_MARCA_TIPO
   (MARCA, TIPO)
 Values
   ('NISSAN', '300 ZX');
Insert into T_REL_MARCA_TIPO
   (MARCA, TIPO)
 Values
   ('NISSAN', '350 Z');
Insert into T_REL_MARCA_TIPO
   (MARCA, TIPO)
 Values
   ('NISSAN', '370 Z');
Insert into T_REL_MARCA_TIPO
   (MARCA, TIPO)
 Values
   ('NISSAN ANT', 'ALMERA');
Insert into T_REL_MARCA_TIPO
   (MARCA, TIPO)
 Values
   ('NISSAN ANT', 'ALTIMA');
Insert into T_REL_MARCA_TIPO
   (MARCA, TIPO)
 Values
   ('NISSAN ANT', 'DATSUN');
Insert into T_REL_MARCA_TIPO
   (MARCA, TIPO)
 Values
   ('NISSAN ANT', 'HIKARI');
Insert into T_REL_MARCA_TIPO
   (MARCA, TIPO)
 Values
   ('NISSAN ANT', 'ICHI VAN');
Insert into T_REL_MARCA_TIPO
   (MARCA, TIPO)
 Values
   ('NISSAN ANT', 'LUCINO');
Insert into T_REL_MARCA_TIPO
   (MARCA, TIPO)
 Values
   ('NISSAN ANT', 'MAXIMA');
Insert into T_REL_MARCA_TIPO
   (MARCA, TIPO)
 Values
   ('NISSAN ANT', 'PATHFINDER');
Insert into T_REL_MARCA_TIPO
   (MARCA, TIPO)
 Values
   ('NISSAN ANT', 'QUEST');
Insert into T_REL_MARCA_TIPO
   (MARCA, TIPO)
 Values
   ('NISSAN ANT', 'SAKURA');
Insert into T_REL_MARCA_TIPO
   (MARCA, TIPO)
 Values
   ('NISSAN ANT', 'SAMURAI');
Insert into T_REL_MARCA_TIPO
   (MARCA, TIPO)
 Values
   ('NISSAN ANT', 'SENTRA');
Insert into T_REL_MARCA_TIPO
   (MARCA, TIPO)
 Values
   ('NISSAN ANT', 'TSUBAME');
Insert into T_REL_MARCA_TIPO
   (MARCA, TIPO)
 Values
   ('NISSAN ANT', 'TSURU');
Insert into T_REL_MARCA_TIPO
   (MARCA, TIPO)
 Values
   ('NISSAN ANT', 'URVAN');
Insert into T_REL_MARCA_TIPO
   (MARCA, TIPO)
 Values
   ('NISSAN ANT', 'X TERRA');
Insert into T_REL_MARCA_TIPO
   (MARCA, TIPO)
 Values
   ('NISSAN ANT', '240 SX');
Insert into T_REL_MARCA_TIPO
   (MARCA, TIPO)
 Values
   ('NISSAN ANT', '300 ZX');
Insert into T_REL_MARCA_TIPO
   (MARCA, TIPO)
 Values
   ('NISSAN1', 'ESTACAS');
Insert into T_REL_MARCA_TIPO
   (MARCA, TIPO)
 Values
   ('NISSAN1', 'PICK-UP');
Insert into T_REL_MARCA_TIPO
   (MARCA, TIPO)
 Values
   ('PEUGEOT', 'EXPERT');
Insert into T_REL_MARCA_TIPO
   (MARCA, TIPO)
 Values
   ('PEUGEOT', 'GRAND RAID');
Insert into T_REL_MARCA_TIPO
   (MARCA, TIPO)
 Values
   ('PEUGEOT', 'MANAGER');
Insert into T_REL_MARCA_TIPO
   (MARCA, TIPO)
 Values
   ('PEUGEOT', 'PARTNER');
Insert into T_REL_MARCA_TIPO
   (MARCA, TIPO)
 Values
   ('PEUGEOT', 'RCZ');
Insert into T_REL_MARCA_TIPO
   (MARCA, TIPO)
 Values
   ('PEUGEOT', 'RIFTER');
Insert into T_REL_MARCA_TIPO
   (MARCA, TIPO)
 Values
   ('PEUGEOT', 'TRAVELLER');
Insert into T_REL_MARCA_TIPO
   (MARCA, TIPO)
 Values
   ('PEUGEOT', 'VAN');
Insert into T_REL_MARCA_TIPO
   (MARCA, TIPO)
 Values
   ('PEUGEOT', '2008');
Insert into T_REL_MARCA_TIPO
   (MARCA, TIPO)
 Values
   ('PEUGEOT', '206');
Insert into T_REL_MARCA_TIPO
   (MARCA, TIPO)
 Values
   ('PEUGEOT', '207');
Insert into T_REL_MARCA_TIPO
   (MARCA, TIPO)
 Values
   ('PEUGEOT', '208');
Insert into T_REL_MARCA_TIPO
   (MARCA, TIPO)
 Values
   ('PEUGEOT', '3008');
Insert into T_REL_MARCA_TIPO
   (MARCA, TIPO)
 Values
   ('PEUGEOT', '301');
Insert into T_REL_MARCA_TIPO
   (MARCA, TIPO)
 Values
   ('PEUGEOT', '306');
Insert into T_REL_MARCA_TIPO
   (MARCA, TIPO)
 Values
   ('PEUGEOT', '307');
Insert into T_REL_MARCA_TIPO
   (MARCA, TIPO)
 Values
   ('PEUGEOT', '308');
Insert into T_REL_MARCA_TIPO
   (MARCA, TIPO)
 Values
   ('PEUGEOT', '405');
Insert into T_REL_MARCA_TIPO
   (MARCA, TIPO)
 Values
   ('PEUGEOT', '406');
Insert into T_REL_MARCA_TIPO
   (MARCA, TIPO)
 Values
   ('PEUGEOT', '407');
Insert into T_REL_MARCA_TIPO
   (MARCA, TIPO)
 Values
   ('PEUGEOT', '5008');
Insert into T_REL_MARCA_TIPO
   (MARCA, TIPO)
 Values
   ('PEUGEOT', '508');
Insert into T_REL_MARCA_TIPO
   (MARCA, TIPO)
 Values
   ('PEUGEOT', '607');
Insert into T_REL_MARCA_TIPO
   (MARCA, TIPO)
 Values
   ('PEUGEOT ANT', '206');
Insert into T_REL_MARCA_TIPO
   (MARCA, TIPO)
 Values
   ('PEUGEOT ANT', '306');
Insert into T_REL_MARCA_TIPO
   (MARCA, TIPO)
 Values
   ('PEUGEOT ANT', '403');
Insert into T_REL_MARCA_TIPO
   (MARCA, TIPO)
 Values
   ('PEUGEOT ANT', '404');
Insert into T_REL_MARCA_TIPO
   (MARCA, TIPO)
 Values
   ('PEUGEOT ANT', '405');
Insert into T_REL_MARCA_TIPO
   (MARCA, TIPO)
 Values
   ('PEUGEOT ANT', '406');
Insert into T_REL_MARCA_TIPO
   (MARCA, TIPO)
 Values
   ('PEUGEOT ANT', '607');
Insert into T_REL_MARCA_TIPO
   (MARCA, TIPO)
 Values
   ('PONTIAC', 'AZTEK');
Insert into T_REL_MARCA_TIPO
   (MARCA, TIPO)
 Values
   ('PONTIAC', 'BONNEVILLE');
Insert into T_REL_MARCA_TIPO
   (MARCA, TIPO)
 Values
   ('PONTIAC', 'FIREBIRD');
Insert into T_REL_MARCA_TIPO
   (MARCA, TIPO)
 Values
   ('PONTIAC', 'GRAND  AM');
Insert into T_REL_MARCA_TIPO
   (MARCA, TIPO)
 Values
   ('PONTIAC', 'GRAND  PRIX');
Insert into T_REL_MARCA_TIPO
   (MARCA, TIPO)
 Values
   ('PONTIAC', 'GRAND AM');
Insert into T_REL_MARCA_TIPO
   (MARCA, TIPO)
 Values
   ('PONTIAC', 'GRAND PRIX');
Insert into T_REL_MARCA_TIPO
   (MARCA, TIPO)
 Values
   ('PONTIAC', 'G3');
Insert into T_REL_MARCA_TIPO
   (MARCA, TIPO)
 Values
   ('PONTIAC', 'G4');
Insert into T_REL_MARCA_TIPO
   (MARCA, TIPO)
 Values
   ('PONTIAC', 'G5');
Insert into T_REL_MARCA_TIPO
   (MARCA, TIPO)
 Values
   ('PONTIAC', 'G6');
Insert into T_REL_MARCA_TIPO
   (MARCA, TIPO)
 Values
   ('PONTIAC', 'MATIZ');
Insert into T_REL_MARCA_TIPO
   (MARCA, TIPO)
 Values
   ('PONTIAC', 'MATIZ G2');
Insert into T_REL_MARCA_TIPO
   (MARCA, TIPO)
 Values
   ('PONTIAC', 'MONTANA');
Insert into T_REL_MARCA_TIPO
   (MARCA, TIPO)
 Values
   ('PONTIAC', 'SOLSTICE');
Insert into T_REL_MARCA_TIPO
   (MARCA, TIPO)
 Values
   ('PONTIAC', 'SUNFIRE');
Insert into T_REL_MARCA_TIPO
   (MARCA, TIPO)
 Values
   ('PONTIAC', 'TORRENT');
Insert into T_REL_MARCA_TIPO
   (MARCA, TIPO)
 Values
   ('PONTIAC ANT', 'AZTEK');
Insert into T_REL_MARCA_TIPO
   (MARCA, TIPO)
 Values
   ('PONTIAC ANT', 'BONEVILLE');
Insert into T_REL_MARCA_TIPO
   (MARCA, TIPO)
 Values
   ('PONTIAC ANT', 'FIREBIRD TRANS');
Insert into T_REL_MARCA_TIPO
   (MARCA, TIPO)
 Values
   ('PONTIAC ANT', 'GRAND AM');
Insert into T_REL_MARCA_TIPO
   (MARCA, TIPO)
 Values
   ('PONTIAC ANT', 'GRAND PRIX');
Insert into T_REL_MARCA_TIPO
   (MARCA, TIPO)
 Values
   ('PONTIAC ANT', 'SUNFIRE');
Insert into T_REL_MARCA_TIPO
   (MARCA, TIPO)
 Values
   ('PORSCHE', 'PANAMERA');
Insert into T_REL_MARCA_TIPO
   (MARCA, TIPO)
 Values
   ('PORSCHE ANT', 'BOXTER');
Insert into T_REL_MARCA_TIPO
   (MARCA, TIPO)
 Values
   ('PORSCHE ANT', '911');
Insert into T_REL_MARCA_TIPO
   (MARCA, TIPO)
 Values
   ('RC PRIMA FIJA', 'RC PRIMA FIJA');
Insert into T_REL_MARCA_TIPO
   (MARCA, TIPO)
 Values
   ('RENAULT', 'CAPTUR');
Insert into T_REL_MARCA_TIPO
   (MARCA, TIPO)
 Values
   ('RENAULT', 'CLIO');
Insert into T_REL_MARCA_TIPO
   (MARCA, TIPO)
 Values
   ('RENAULT', 'DUSTER');
Insert into T_REL_MARCA_TIPO
   (MARCA, TIPO)
 Values
   ('RENAULT', 'EURO CLIO');
Insert into T_REL_MARCA_TIPO
   (MARCA, TIPO)
 Values
   ('RENAULT', 'FLUENCE');
Insert into T_REL_MARCA_TIPO
   (MARCA, TIPO)
 Values
   ('RENAULT', 'KANGOO');
Insert into T_REL_MARCA_TIPO
   (MARCA, TIPO)
 Values
   ('RENAULT', 'KOLEOS');
Insert into T_REL_MARCA_TIPO
   (MARCA, TIPO)
 Values
   ('RENAULT', 'KWID');
Insert into T_REL_MARCA_TIPO
   (MARCA, TIPO)
 Values
   ('RENAULT', 'LAGUNA');
Insert into T_REL_MARCA_TIPO
   (MARCA, TIPO)
 Values
   ('RENAULT', 'LOGAN');
Insert into T_REL_MARCA_TIPO
   (MARCA, TIPO)
 Values
   ('RENAULT', 'MEGANE');
Insert into T_REL_MARCA_TIPO
   (MARCA, TIPO)
 Values
   ('RENAULT', 'PANEL');
Insert into T_REL_MARCA_TIPO
   (MARCA, TIPO)
 Values
   ('RENAULT', 'PICK-UP');
Insert into T_REL_MARCA_TIPO
   (MARCA, TIPO)
 Values
   ('RENAULT', 'SAFRANE');
Insert into T_REL_MARCA_TIPO
   (MARCA, TIPO)
 Values
   ('RENAULT', 'SANDERO');
Insert into T_REL_MARCA_TIPO
   (MARCA, TIPO)
 Values
   ('RENAULT', 'SCALA');
Insert into T_REL_MARCA_TIPO
   (MARCA, TIPO)
 Values
   ('RENAULT', 'SCENIC');
Insert into T_REL_MARCA_TIPO
   (MARCA, TIPO)
 Values
   ('RENAULT', 'STEPWAY');
Insert into T_REL_MARCA_TIPO
   (MARCA, TIPO)
 Values
   ('RENAULT', 'TRAFIC');
Insert into T_REL_MARCA_TIPO
   (MARCA, TIPO)
 Values
   ('RENAULT', 'VAN');
Insert into T_REL_MARCA_TIPO
   (MARCA, TIPO)
 Values
   ('RENAULT ANT', 'ALLIANCE');
Insert into T_REL_MARCA_TIPO
   (MARCA, TIPO)
 Values
   ('RENAULT ANT', 'CARAVELLE');
Insert into T_REL_MARCA_TIPO
   (MARCA, TIPO)
 Values
   ('RENAULT ANT', 'DAUPHINE');
Insert into T_REL_MARCA_TIPO
   (MARCA, TIPO)
 Values
   ('RENAULT ANT', 'DINALPIN');
Insert into T_REL_MARCA_TIPO
   (MARCA, TIPO)
 Values
   ('RENAULT ANT', 'ENCORE');
Insert into T_REL_MARCA_TIPO
   (MARCA, TIPO)
 Values
   ('RENAULT ANT', 'FLORIDA');
Insert into T_REL_MARCA_TIPO
   (MARCA, TIPO)
 Values
   ('RENAULT ANT', 'GORDINI');
Insert into T_REL_MARCA_TIPO
   (MARCA, TIPO)
 Values
   ('RENAULT ANT', 'MEGANE');
Insert into T_REL_MARCA_TIPO
   (MARCA, TIPO)
 Values
   ('RENAULT ANT', 'R10');
Insert into T_REL_MARCA_TIPO
   (MARCA, TIPO)
 Values
   ('RENAULT ANT', 'R12');
Insert into T_REL_MARCA_TIPO
   (MARCA, TIPO)
 Values
   ('RENAULT ANT', 'R18');
Insert into T_REL_MARCA_TIPO
   (MARCA, TIPO)
 Values
   ('RENAULT ANT', 'R4');
Insert into T_REL_MARCA_TIPO
   (MARCA, TIPO)
 Values
   ('RENAULT ANT', 'R5');
Insert into T_REL_MARCA_TIPO
   (MARCA, TIPO)
 Values
   ('RENAULT ANT', 'R8');
Insert into T_REL_MARCA_TIPO
   (MARCA, TIPO)
 Values
   ('RENAULT ANT', 'SCENIC');
Insert into T_REL_MARCA_TIPO
   (MARCA, TIPO)
 Values
   ('ROVER', 'MG');
Insert into T_REL_MARCA_TIPO
   (MARCA, TIPO)
 Values
   ('ROVER', 'ROVER MG');
Insert into T_REL_MARCA_TIPO
   (MARCA, TIPO)
 Values
   ('ROVER', 'ROVER 75');
Insert into T_REL_MARCA_TIPO
   (MARCA, TIPO)
 Values
   ('ROVER', '75');
Insert into T_REL_MARCA_TIPO
   (MARCA, TIPO)
 Values
   ('ROVER ANT', 'ROVER');
Insert into T_REL_MARCA_TIPO
   (MARCA, TIPO)
 Values
   ('SAAB', '9 - 3');
Insert into T_REL_MARCA_TIPO
   (MARCA, TIPO)
 Values
   ('SAAB', '9 - 5');
Insert into T_REL_MARCA_TIPO
   (MARCA, TIPO)
 Values
   ('SAAB', '9-3');
Insert into T_REL_MARCA_TIPO
   (MARCA, TIPO)
 Values
   ('SAAB', '9-5');
Insert into T_REL_MARCA_TIPO
   (MARCA, TIPO)
 Values
   ('SAAB ANT', '9-3');
Insert into T_REL_MARCA_TIPO
   (MARCA, TIPO)
 Values
   ('SAAB ANT', '9-5');
Insert into T_REL_MARCA_TIPO
   (MARCA, TIPO)
 Values
   ('SEAT', 'ALHAMBRA');
Insert into T_REL_MARCA_TIPO
   (MARCA, TIPO)
 Values
   ('SEAT', 'ALTEA');
Insert into T_REL_MARCA_TIPO
   (MARCA, TIPO)
 Values
   ('SEAT', 'ARONA');
Insert into T_REL_MARCA_TIPO
   (MARCA, TIPO)
 Values
   ('SEAT', 'ATECA');
Insert into T_REL_MARCA_TIPO
   (MARCA, TIPO)
 Values
   ('SEAT', 'CORDOBA');
Insert into T_REL_MARCA_TIPO
   (MARCA, TIPO)
 Values
   ('SEAT', 'EXEO');
Insert into T_REL_MARCA_TIPO
   (MARCA, TIPO)
 Values
   ('SEAT', 'FREETRACK');
Insert into T_REL_MARCA_TIPO
   (MARCA, TIPO)
 Values
   ('SEAT', 'IBIZA');
Insert into T_REL_MARCA_TIPO
   (MARCA, TIPO)
 Values
   ('SEAT', 'LEON');
Insert into T_REL_MARCA_TIPO
   (MARCA, TIPO)
 Values
   ('SEAT', 'TARRACO');
Insert into T_REL_MARCA_TIPO
   (MARCA, TIPO)
 Values
   ('SEAT', 'TOLEDO');
Insert into T_REL_MARCA_TIPO
   (MARCA, TIPO)
 Values
   ('SEAT ANT', 'CORDOBA');
Insert into T_REL_MARCA_TIPO
   (MARCA, TIPO)
 Values
   ('SEAT ANT', 'IBIZA');
Insert into T_REL_MARCA_TIPO
   (MARCA, TIPO)
 Values
   ('SEAT ANT', 'LEON');
Insert into T_REL_MARCA_TIPO
   (MARCA, TIPO)
 Values
   ('SEAT ANT', 'TOLEDO');
Insert into T_REL_MARCA_TIPO
   (MARCA, TIPO)
 Values
   ('SUBARU', 'BRZ');
Insert into T_REL_MARCA_TIPO
   (MARCA, TIPO)
 Values
   ('SUBARU', 'FORESTER');
Insert into T_REL_MARCA_TIPO
   (MARCA, TIPO)
 Values
   ('SUBARU', 'IMPREZA');
Insert into T_REL_MARCA_TIPO
   (MARCA, TIPO)
 Values
   ('SUBARU', 'LEGACY');
Insert into T_REL_MARCA_TIPO
   (MARCA, TIPO)
 Values
   ('SUBARU', 'OUTBACK');
Insert into T_REL_MARCA_TIPO
   (MARCA, TIPO)
 Values
   ('SUBARU', 'TRIBECA');
Insert into T_REL_MARCA_TIPO
   (MARCA, TIPO)
 Values
   ('SUBARU', 'WRX');
Insert into T_REL_MARCA_TIPO
   (MARCA, TIPO)
 Values
   ('SUBARU', 'XV');
Insert into T_REL_MARCA_TIPO
   (MARCA, TIPO)
 Values
   ('SUZUKI', 'AERIO');
Insert into T_REL_MARCA_TIPO
   (MARCA, TIPO)
 Values
   ('SUZUKI', 'CIAZ');
Insert into T_REL_MARCA_TIPO
   (MARCA, TIPO)
 Values
   ('SUZUKI', 'ERTIGA');
Insert into T_REL_MARCA_TIPO
   (MARCA, TIPO)
 Values
   ('SUZUKI', 'GRAND VITARA');
Insert into T_REL_MARCA_TIPO
   (MARCA, TIPO)
 Values
   ('SUZUKI', 'IGNIS');
Insert into T_REL_MARCA_TIPO
   (MARCA, TIPO)
 Values
   ('SUZUKI', 'KIZASHI');
Insert into T_REL_MARCA_TIPO
   (MARCA, TIPO)
 Values
   ('SUZUKI', 'S CROSS');
Insert into T_REL_MARCA_TIPO
   (MARCA, TIPO)
 Values
   ('SUZUKI', 'SWIFT');
Insert into T_REL_MARCA_TIPO
   (MARCA, TIPO)
 Values
   ('SUZUKI', 'SX4');
Insert into T_REL_MARCA_TIPO
   (MARCA, TIPO)
 Values
   ('SUZUKI', 'VITARA');
Insert into T_REL_MARCA_TIPO
   (MARCA, TIPO)
 Values
   ('SUZUKI', 'XL7');
Insert into T_REL_MARCA_TIPO
   (MARCA, TIPO)
 Values
   ('TOYOTA', 'AVANZA');
Insert into T_REL_MARCA_TIPO
   (MARCA, TIPO)
 Values
   ('TOYOTA', 'CAMRY');
Insert into T_REL_MARCA_TIPO
   (MARCA, TIPO)
 Values
   ('TOYOTA', 'C-HR');
Insert into T_REL_MARCA_TIPO
   (MARCA, TIPO)
 Values
   ('TOYOTA', 'COROLLA');
Insert into T_REL_MARCA_TIPO
   (MARCA, TIPO)
 Values
   ('TOYOTA', 'FJ CRUSIER');
Insert into T_REL_MARCA_TIPO
   (MARCA, TIPO)
 Values
   ('TOYOTA', 'HASTA 3.5 TONS');
Insert into T_REL_MARCA_TIPO
   (MARCA, TIPO)
 Values
   ('TOYOTA', 'HIACE');
Insert into T_REL_MARCA_TIPO
   (MARCA, TIPO)
 Values
   ('TOYOTA', 'HIGHLANDER');
Insert into T_REL_MARCA_TIPO
   (MARCA, TIPO)
 Values
   ('TOYOTA', 'LAND CRUISER');
Insert into T_REL_MARCA_TIPO
   (MARCA, TIPO)
 Values
   ('TOYOTA', 'MATRIX');
Insert into T_REL_MARCA_TIPO
   (MARCA, TIPO)
 Values
   ('TOYOTA', 'MR2');
Insert into T_REL_MARCA_TIPO
   (MARCA, TIPO)
 Values
   ('TOYOTA', 'MR2 SPYDER');
Insert into T_REL_MARCA_TIPO
   (MARCA, TIPO)
 Values
   ('TOYOTA', 'PANEL');
Insert into T_REL_MARCA_TIPO
   (MARCA, TIPO)
 Values
   ('TOYOTA', 'PICK-UP');
Insert into T_REL_MARCA_TIPO
   (MARCA, TIPO)
 Values
   ('TOYOTA', 'PRIUS');
Insert into T_REL_MARCA_TIPO
   (MARCA, TIPO)
 Values
   ('TOYOTA', 'RAV 4');
Insert into T_REL_MARCA_TIPO
   (MARCA, TIPO)
 Values
   ('TOYOTA', 'RUSH');
Insert into T_REL_MARCA_TIPO
   (MARCA, TIPO)
 Values
   ('TOYOTA', 'SEQUOIA');
Insert into T_REL_MARCA_TIPO
   (MARCA, TIPO)
 Values
   ('TOYOTA', 'SIENNA');
Insert into T_REL_MARCA_TIPO
   (MARCA, TIPO)
 Values
   ('TOYOTA', 'SOLARA');
Insert into T_REL_MARCA_TIPO
   (MARCA, TIPO)
 Values
   ('TOYOTA', 'SUPRA');
Insert into T_REL_MARCA_TIPO
   (MARCA, TIPO)
 Values
   ('TOYOTA', 'YARIS');
Insert into T_REL_MARCA_TIPO
   (MARCA, TIPO)
 Values
   ('TOYOTA', '4 RUNNER');
Insert into T_REL_MARCA_TIPO
   (MARCA, TIPO)
 Values
   ('TOYOTA1', 'PICK-UP');
Insert into T_REL_MARCA_TIPO
   (MARCA, TIPO)
 Values
   ('VAM', 'ESTACAS');
Insert into T_REL_MARCA_TIPO
   (MARCA, TIPO)
 Values
   ('VAM', 'PICK-UP');
Insert into T_REL_MARCA_TIPO
   (MARCA, TIPO)
 Values
   ('VAM ANT', 'AMERICAN');
Insert into T_REL_MARCA_TIPO
   (MARCA, TIPO)
 Values
   ('VAM ANT', 'GREMLIN');
Insert into T_REL_MARCA_TIPO
   (MARCA, TIPO)
 Values
   ('VAM ANT', 'JAVELIN');
Insert into T_REL_MARCA_TIPO
   (MARCA, TIPO)
 Values
   ('VAM ANT', 'JEEP');
Insert into T_REL_MARCA_TIPO
   (MARCA, TIPO)
 Values
   ('VAM ANT', 'LERMA');
Insert into T_REL_MARCA_TIPO
   (MARCA, TIPO)
 Values
   ('VAM ANT', 'PACER');
Insert into T_REL_MARCA_TIPO
   (MARCA, TIPO)
 Values
   ('VAM ANT', 'RAMBLER');
Insert into T_REL_MARCA_TIPO
   (MARCA, TIPO)
 Values
   ('VOLKSWAGEN', 'AMAROK');
Insert into T_REL_MARCA_TIPO
   (MARCA, TIPO)
 Values
   ('VOLKSWAGEN', 'BORA');
Insert into T_REL_MARCA_TIPO
   (MARCA, TIPO)
 Values
   ('VOLKSWAGEN', 'CADDY');
Insert into T_REL_MARCA_TIPO
   (MARCA, TIPO)
 Values
   ('VOLKSWAGEN', 'COMBI');
Insert into T_REL_MARCA_TIPO
   (MARCA, TIPO)
 Values
   ('VOLKSWAGEN', 'CRAFTER');
Insert into T_REL_MARCA_TIPO
   (MARCA, TIPO)
 Values
   ('VOLKSWAGEN', 'CROSS FOX');
Insert into T_REL_MARCA_TIPO
   (MARCA, TIPO)
 Values
   ('VOLKSWAGEN', 'CROSS GOLF');
Insert into T_REL_MARCA_TIPO
   (MARCA, TIPO)
 Values
   ('VOLKSWAGEN', 'DERBY');
Insert into T_REL_MARCA_TIPO
   (MARCA, TIPO)
 Values
   ('VOLKSWAGEN', 'EOS');
Insert into T_REL_MARCA_TIPO
   (MARCA, TIPO)
 Values
   ('VOLKSWAGEN', 'EUROVAN');
Insert into T_REL_MARCA_TIPO
   (MARCA, TIPO)
 Values
   ('VOLKSWAGEN', 'GOL');
Insert into T_REL_MARCA_TIPO
   (MARCA, TIPO)
 Values
   ('VOLKSWAGEN', 'GOLF');
Insert into T_REL_MARCA_TIPO
   (MARCA, TIPO)
 Values
   ('VOLKSWAGEN', 'GTI');
Insert into T_REL_MARCA_TIPO
   (MARCA, TIPO)
 Values
   ('VOLKSWAGEN', 'HASTA 3.5 TONS');
Insert into T_REL_MARCA_TIPO
   (MARCA, TIPO)
 Values
   ('VOLKSWAGEN', 'JETTA');
Insert into T_REL_MARCA_TIPO
   (MARCA, TIPO)
 Values
   ('VOLKSWAGEN', 'LUPO');
Insert into T_REL_MARCA_TIPO
   (MARCA, TIPO)
 Values
   ('VOLKSWAGEN', 'NEW BEETLE');
Insert into T_REL_MARCA_TIPO
   (MARCA, TIPO)
 Values
   ('VOLKSWAGEN', 'NUEVO GOLF A6');
Insert into T_REL_MARCA_TIPO
   (MARCA, TIPO)
 Values
   ('VOLKSWAGEN', 'PANEL');
Insert into T_REL_MARCA_TIPO
   (MARCA, TIPO)
 Values
   ('VOLKSWAGEN', 'PASSAT');
Insert into T_REL_MARCA_TIPO
   (MARCA, TIPO)
 Values
   ('VOLKSWAGEN', 'PASSAT CC');
Insert into T_REL_MARCA_TIPO
   (MARCA, TIPO)
 Values
   ('VOLKSWAGEN', 'PICK-UP');
Insert into T_REL_MARCA_TIPO
   (MARCA, TIPO)
 Values
   ('VOLKSWAGEN', 'POINTER');
Insert into T_REL_MARCA_TIPO
   (MARCA, TIPO)
 Values
   ('VOLKSWAGEN', 'POLO');
Insert into T_REL_MARCA_TIPO
   (MARCA, TIPO)
 Values
   ('VOLKSWAGEN', 'ROUTAN');
Insert into T_REL_MARCA_TIPO
   (MARCA, TIPO)
 Values
   ('VOLKSWAGEN', 'SAVEIRO');
Insert into T_REL_MARCA_TIPO
   (MARCA, TIPO)
 Values
   ('VOLKSWAGEN', 'SEDAN');
Insert into T_REL_MARCA_TIPO
   (MARCA, TIPO)
 Values
   ('VOLKSWAGEN', 'SHARAN');
Insert into T_REL_MARCA_TIPO
   (MARCA, TIPO)
 Values
   ('VOLKSWAGEN', 'SPORT VAN');
Insert into T_REL_MARCA_TIPO
   (MARCA, TIPO)
 Values
   ('VOLKSWAGEN', 'SPORTVAN');
Insert into T_REL_MARCA_TIPO
   (MARCA, TIPO)
 Values
   ('VOLKSWAGEN', 'T-CROSS');
Insert into T_REL_MARCA_TIPO
   (MARCA, TIPO)
 Values
   ('VOLKSWAGEN', 'TERAMONT');
Insert into T_REL_MARCA_TIPO
   (MARCA, TIPO)
 Values
   ('VOLKSWAGEN', 'TIGUAN');
Insert into T_REL_MARCA_TIPO
   (MARCA, TIPO)
 Values
   ('VOLKSWAGEN', 'TOUAREG');
Insert into T_REL_MARCA_TIPO
   (MARCA, TIPO)
 Values
   ('VOLKSWAGEN', 'TRANSPORTER');
Insert into T_REL_MARCA_TIPO
   (MARCA, TIPO)
 Values
   ('VOLKSWAGEN', 'UP');
Insert into T_REL_MARCA_TIPO
   (MARCA, TIPO)
 Values
   ('VOLKSWAGEN', 'VAN');
Insert into T_REL_MARCA_TIPO
   (MARCA, TIPO)
 Values
   ('VOLKSWAGEN', 'VENTO');
Insert into T_REL_MARCA_TIPO
   (MARCA, TIPO)
 Values
   ('VOLKSWAGEN', 'VIRTUS');
Insert into T_REL_MARCA_TIPO
   (MARCA, TIPO)
 Values
   ('VOLKSWAGEN ANT', 'ATLANTIC');
Insert into T_REL_MARCA_TIPO
   (MARCA, TIPO)
 Values
   ('VOLKSWAGEN ANT', 'BEETLE');
Insert into T_REL_MARCA_TIPO
   (MARCA, TIPO)
 Values
   ('VOLKSWAGEN ANT', 'BRASILIA');
Insert into T_REL_MARCA_TIPO
   (MARCA, TIPO)
 Values
   ('VOLKSWAGEN ANT', 'CARIBE');
Insert into T_REL_MARCA_TIPO
   (MARCA, TIPO)
 Values
   ('VOLKSWAGEN ANT', 'COMBI');
Insert into T_REL_MARCA_TIPO
   (MARCA, TIPO)
 Values
   ('VOLKSWAGEN ANT', 'CORSAR');
Insert into T_REL_MARCA_TIPO
   (MARCA, TIPO)
 Values
   ('VOLKSWAGEN ANT', 'DERBY');
Insert into T_REL_MARCA_TIPO
   (MARCA, TIPO)
 Values
   ('VOLKSWAGEN ANT', 'EUROVAN');
Insert into T_REL_MARCA_TIPO
   (MARCA, TIPO)
 Values
   ('VOLKSWAGEN ANT', 'GOLF');
Insert into T_REL_MARCA_TIPO
   (MARCA, TIPO)
 Values
   ('VOLKSWAGEN ANT', 'JETTA');
Insert into T_REL_MARCA_TIPO
   (MARCA, TIPO)
 Values
   ('VOLKSWAGEN ANT', 'KOMBI');
Insert into T_REL_MARCA_TIPO
   (MARCA, TIPO)
 Values
   ('VOLKSWAGEN ANT', 'PASSAT');
Insert into T_REL_MARCA_TIPO
   (MARCA, TIPO)
 Values
   ('VOLKSWAGEN ANT', 'POINTER');
Insert into T_REL_MARCA_TIPO
   (MARCA, TIPO)
 Values
   ('VOLKSWAGEN ANT', 'SAFARI');
Insert into T_REL_MARCA_TIPO
   (MARCA, TIPO)
 Values
   ('VOLKSWAGEN ANT', 'SEDAN');
Insert into T_REL_MARCA_TIPO
   (MARCA, TIPO)
 Values
   ('VOLKSWAGEN1', 'AMAROK');
Insert into T_REL_MARCA_TIPO
   (MARCA, TIPO)
 Values
   ('VOLVO', 'C 30');
Insert into T_REL_MARCA_TIPO
   (MARCA, TIPO)
 Values
   ('VOLVO', 'C 70');
Insert into T_REL_MARCA_TIPO
   (MARCA, TIPO)
 Values
   ('VOLVO', 'CX60');
Insert into T_REL_MARCA_TIPO
   (MARCA, TIPO)
 Values
   ('VOLVO', 'C30');
Insert into T_REL_MARCA_TIPO
   (MARCA, TIPO)
 Values
   ('VOLVO', 'C70');
Insert into T_REL_MARCA_TIPO
   (MARCA, TIPO)
 Values
   ('VOLVO', 'S 40');
Insert into T_REL_MARCA_TIPO
   (MARCA, TIPO)
 Values
   ('VOLVO', 'S 60');
Insert into T_REL_MARCA_TIPO
   (MARCA, TIPO)
 Values
   ('VOLVO', 'S 70');
Insert into T_REL_MARCA_TIPO
   (MARCA, TIPO)
 Values
   ('VOLVO', 'S 80');
Insert into T_REL_MARCA_TIPO
   (MARCA, TIPO)
 Values
   ('VOLVO', 'S40');
Insert into T_REL_MARCA_TIPO
   (MARCA, TIPO)
 Values
   ('VOLVO', 'S60');
Insert into T_REL_MARCA_TIPO
   (MARCA, TIPO)
 Values
   ('VOLVO', 'S70');
Insert into T_REL_MARCA_TIPO
   (MARCA, TIPO)
 Values
   ('VOLVO', 'S80');
Insert into T_REL_MARCA_TIPO
   (MARCA, TIPO)
 Values
   ('VOLVO', 'S90');
Insert into T_REL_MARCA_TIPO
   (MARCA, TIPO)
 Values
   ('VOLVO', 'V 40');
Insert into T_REL_MARCA_TIPO
   (MARCA, TIPO)
 Values
   ('VOLVO', 'V 50');
Insert into T_REL_MARCA_TIPO
   (MARCA, TIPO)
 Values
   ('VOLVO', 'V 70');
Insert into T_REL_MARCA_TIPO
   (MARCA, TIPO)
 Values
   ('VOLVO', 'V40');
Insert into T_REL_MARCA_TIPO
   (MARCA, TIPO)
 Values
   ('VOLVO', 'V50');
Insert into T_REL_MARCA_TIPO
   (MARCA, TIPO)
 Values
   ('VOLVO', 'V60');
Insert into T_REL_MARCA_TIPO
   (MARCA, TIPO)
 Values
   ('VOLVO', 'V70');
Insert into T_REL_MARCA_TIPO
   (MARCA, TIPO)
 Values
   ('VOLVO', 'XC40');
Insert into T_REL_MARCA_TIPO
   (MARCA, TIPO)
 Values
   ('VOLVO', 'XC60');
Insert into T_REL_MARCA_TIPO
   (MARCA, TIPO)
 Values
   ('VOLVO', 'XC70');
Insert into T_REL_MARCA_TIPO
   (MARCA, TIPO)
 Values
   ('VOLVO', 'XC90');
Insert into T_REL_MARCA_TIPO
   (MARCA, TIPO)
 Values
   ('VOLVO ANT', 'C70');
Insert into T_REL_MARCA_TIPO
   (MARCA, TIPO)
 Values
   ('VOLVO ANT', 'S40');
Insert into T_REL_MARCA_TIPO
   (MARCA, TIPO)
 Values
   ('VOLVO ANT', 'S60');
Insert into T_REL_MARCA_TIPO
   (MARCA, TIPO)
 Values
   ('VOLVO ANT', 'S70');
Insert into T_REL_MARCA_TIPO
   (MARCA, TIPO)
 Values
   ('VOLVO ANT', 'S80');
Insert into T_REL_MARCA_TIPO
   (MARCA, TIPO)
 Values
   ('VOLVO ANT', 'V40');
Insert into T_REL_MARCA_TIPO
   (MARCA, TIPO)
 Values
   ('VOLVO ANT', 'V70');
COMMIT;

*/


-- ======================================= MARCAS ========================================================================================


DROP procedure IF EXISTS `p_sample`;

DELIMITER $$
CREATE  PROCEDURE `p_sample`(p_caso int)
BEGIN

	DECLARE NUM_CASO INT;	
	DECLARE v_sql TEXT;	
	
	SET NUM_CASO  = p_caso;
	SET foreign_key_checks = 1;
	SET SESSION group_concat_max_len = 1048576;
	
	SELECT
	  GROUP_CONCAT(DISTINCT
	    CONCAT(
	    	'(select  b.VALOR ',
			'from ALESI_TATRICASO a, ALESI_TVALCASO b , ALESI_TCASO C',
			' where b.ID_CASO =', NUM_CASO, 
			' AND b.ID_CASO = C.ID_CASO',
			' AND a.ID_EMPRESA = C.ID_EMPRESA',
			' and a.NUM_ATRIBUTO = b.NUM_ATRIBUTO',
			' AND a.ID_CAMPO = ''',ID_CAMPO,''') AS `',ID_CAMPO, '`'
	    )
	  ) INTO v_sql
	FROM
	  (select  a.ID_CAMPO as ID_CAMPO, b.VALOR as VALOR
		from ALESI_TATRICASO a, ALESI_TVALCASO b , ALESI_TCASO C
		where b.ID_CASO =NUM_CASO
		AND b.ID_CASO = C.ID_CASO
		AND a.ID_EMPRESA = C.ID_EMPRESA
		and a.NUM_ATRIBUTO = b.NUM_ATRIBUTO) v ;
		
		
			
	  
	SET @sql = CONCAT('SELECT ID_CASO, ', v_sql, ' 
	                  from ALESI_TCASO
		               WHERE ID_CASO =',NUM_CASO,';');
		               

	PREPARE stmt FROM @sql;
	
	
	EXECUTE stmt;
	
	
	DEALLOCATE PREPARE stmt; 
END$$
DELIMITER ;



-- funcion para traer el numero de siniestro

DROP FUNCTION IF EXISTS `f_num_siniestro`;

DELIMITER $$
 
CREATE FUNCTION f_num_siniestro(
    p_id_caso int
) 
RETURNS VARCHAR(20)
DETERMINISTIC
BEGIN
    DECLARE v_num_siniestro VARCHAR(500);
    
    SELECT VALOR 
    INTO v_num_siniestro
	 FROM ALESI_TVALCASO 	 
	 WHERE ID_CASO = p_id_caso 
	 AND NUM_ATRIBUTO = 3;
 
    
    RETURN (v_num_siniestro);
END$$
DELIMITER ;



commit;


DROP TABLE IF EXISTS `ALESI_BINARIOS` ;

CREATE TABLE IF NOT EXISTS `ALESI_BINARIOS` (
  `ID_BINARIO` INT NOT NULL AUTO_INCREMENT,
  `ID_CASO` INT NOT NULL,
  `NOMBRE_BINARIO` VARCHAR(150) NOT NULL,
  `F_ALTA` DATE NOT NULL, 
  -- `IMAGEN` mediumblob NOT NULL,
  `TIPO` VARCHAR(20) NOT NULL,
  PRIMARY KEY ( `ID_BINARIO`,`ID_CASO`,`NOMBRE_BINARIO`),
  CONSTRAINT `FK_3`
    FOREIGN KEY (`ID_CASO`)
    REFERENCES `alesiorg_ALESI_BD`.`ALESI_TCASO` (`ID_CASO`)
    ON DELETE NO ACTION
    ON UPDATE NO ACTION
)ENGINE = INNODB;




